# Нови-Сад / Осадки / 0-6ч, 6-24ч, 1-2 дня, 2-3 дня, 3-5 дней / ARPEGE (Франция)
# n=564, порог дождя = 0.2 мм
# POD=0.7083333333333334, FAR=0.5405405405405406, CSI=0.38636363636363635, MAE=0.114 мм, bias=+0.094 мм
# CSI = hits / (hits + misses + false_alarms); hit = прогноз>=порога И факт>=порога
# «Общий» = объединённый пул пар из периодов: 0-6ч, 6-24ч, 1-2 дня, 2-3 дня, 3-5 дней - метрика посчитана заново по всему пулу, а не усреднена по периодам
#
bucket,fetched_at,valid_time,lead_hours,forecast,observed,error
0-6ч,2026-08-06T09:50:07Z,2026-08-06T12:00:00Z,2.2,0.0,0.0,0.0
0-6ч,2026-08-06T09:59:18Z,2026-08-06T12:00:00Z,2.0,0.0,0.0,0.0
0-6ч,2026-08-06T10:08:26Z,2026-08-06T12:00:00Z,1.9,0.0,0.0,0.0
0-6ч,2026-08-06T10:47:54Z,2026-08-06T12:00:00Z,1.2,0.0,0.0,0.0
0-6ч,2026-08-06T11:30:42Z,2026-08-06T12:00:00Z,0.5,0.0,0.0,0.0
0-6ч,2026-08-06T11:36:01Z,2026-08-06T12:00:00Z,0.4,0.0,0.0,0.0
0-6ч,2026-08-06T11:44:08Z,2026-08-06T12:00:00Z,0.3,0.0,0.0,0.0
0-6ч,2026-08-07T16:51:54Z,2026-08-07T18:00:00Z,1.1,0.0,0.0,0.0
0-6ч,2026-08-08T10:18:13Z,2026-08-08T12:00:00Z,1.7,0.0,0.0,0.0
0-6ч,2026-08-09T10:19:29Z,2026-08-09T12:00:00Z,1.7,0.0,0.0,0.0
0-6ч,2026-08-09T12:41:38Z,2026-08-09T18:00:00Z,5.3,0.0,0.0,0.0
0-6ч,2026-08-09T12:45:53Z,2026-08-09T18:00:00Z,5.2,0.0,0.0,0.0
0-6ч,2026-08-09T12:48:15Z,2026-08-09T18:00:00Z,5.2,0.0,0.0,0.0
0-6ч,2026-08-09T16:31:44Z,2026-08-09T18:00:00Z,1.5,0.0,0.0,0.0
0-6ч,2026-08-10T16:52:05Z,2026-08-10T18:00:00Z,1.1,0.0,0.0,0.0
0-6ч,2026-08-12T06:05:22Z,2026-08-12T12:00:00Z,5.9,0.0,0.0,0.0
0-6ч,2026-08-12T10:47:03Z,2026-08-12T12:00:00Z,1.2,0.0,0.0,0.0
0-6ч,2026-08-12T16:54:57Z,2026-08-12T18:00:00Z,1.1,0.0,0.0,0.0
0-6ч,2026-08-13T16:36:10Z,2026-08-13T18:00:00Z,1.4,0.0,0.0,0.0
0-6ч,2026-08-13T16:42:24Z,2026-08-13T18:00:00Z,1.3,0.0,0.0,0.0
0-6ч,2026-08-13T16:54:22Z,2026-08-13T18:00:00Z,1.1,0.0,0.0,0.0
0-6ч,2026-08-14T10:44:54Z,2026-08-14T12:00:00Z,1.3,0.0,0.0,0.0
0-6ч,2026-08-14T16:48:33Z,2026-08-14T18:00:00Z,1.2,0.0,0.0,0.0
0-6ч,2026-08-15T16:20:39Z,2026-08-15T18:00:00Z,1.7,0.0,0.0,0.0
0-6ч,2026-08-16T16:21:00Z,2026-08-16T18:00:00Z,1.6,0.0,0.0,0.0
0-6ч,2026-08-17T10:18:11Z,2026-08-17T12:00:00Z,1.7,0.0,0.0,0.0
0-6ч,2026-08-17T16:23:45Z,2026-08-17T18:00:00Z,1.6,0.0,0.0,0.0
0-6ч,2026-08-18T10:14:55Z,2026-08-18T12:00:00Z,1.8,0.0,0.1,-0.1
0-6ч,2026-08-18T16:27:50Z,2026-08-18T18:00:00Z,1.5,0.0,0.1,-0.1
6-24ч,2026-08-06T09:50:07Z,2026-08-06T18:00:00Z,8.2,0.0,0.3,-0.3
6-24ч,2026-08-06T09:59:18Z,2026-08-06T18:00:00Z,8.0,0.0,0.3,-0.3
6-24ч,2026-08-06T10:08:26Z,2026-08-06T18:00:00Z,7.9,0.0,0.3,-0.3
6-24ч,2026-08-06T10:47:54Z,2026-08-06T18:00:00Z,7.2,0.0,0.3,-0.3
6-24ч,2026-08-06T11:30:42Z,2026-08-06T18:00:00Z,6.5,0.0,0.3,-0.3
6-24ч,2026-08-06T11:36:01Z,2026-08-06T18:00:00Z,6.4,0.0,0.3,-0.3
6-24ч,2026-08-06T11:44:08Z,2026-08-06T18:00:00Z,6.3,0.0,0.3,-0.3
6-24ч,2026-08-06T09:50:07Z,2026-08-07T06:00:00Z,20.2,0.0,0.0,0.0
6-24ч,2026-08-06T09:59:18Z,2026-08-07T06:00:00Z,20.0,0.0,0.0,0.0
6-24ч,2026-08-06T10:08:26Z,2026-08-07T06:00:00Z,19.9,0.0,0.0,0.0
6-24ч,2026-08-06T10:47:54Z,2026-08-07T06:00:00Z,19.2,0.0,0.0,0.0
6-24ч,2026-08-06T11:30:42Z,2026-08-07T06:00:00Z,18.5,0.0,0.0,0.0
6-24ч,2026-08-06T11:36:01Z,2026-08-07T06:00:00Z,18.4,0.0,0.0,0.0
6-24ч,2026-08-06T11:44:08Z,2026-08-07T06:00:00Z,18.3,0.0,0.0,0.0
6-24ч,2026-08-07T01:31:32Z,2026-08-07T18:00:00Z,16.5,0.0,0.0,0.0
6-24ч,2026-08-07T05:36:00Z,2026-08-07T18:00:00Z,12.4,0.3,0.0,0.3
6-24ч,2026-08-07T06:18:59Z,2026-08-07T18:00:00Z,11.7,0.3,0.0,0.3
6-24ч,2026-08-07T07:13:52Z,2026-08-07T18:00:00Z,10.8,0.3,0.0,0.3
6-24ч,2026-08-07T10:39:14Z,2026-08-07T18:00:00Z,7.3,0.0,0.0,0.0
6-24ч,2026-08-07T06:18:59Z,2026-08-08T06:00:00Z,23.7,1.3,0.0,1.3
6-24ч,2026-08-07T07:13:52Z,2026-08-08T06:00:00Z,22.8,1.3,0.0,1.3
6-24ч,2026-08-07T10:39:14Z,2026-08-08T06:00:00Z,19.3,0.0,0.0,0.0
6-24ч,2026-08-07T16:51:54Z,2026-08-08T06:00:00Z,13.1,0.1,0.0,0.1
6-24ч,2026-08-07T22:45:57Z,2026-08-08T06:00:00Z,7.2,0.5,0.0,0.5
6-24ч,2026-08-07T23:19:23Z,2026-08-08T06:00:00Z,6.7,0.5,0.0,0.5
6-24ч,2026-08-07T16:51:54Z,2026-08-08T12:00:00Z,19.1,0.1,0.0,0.1
6-24ч,2026-08-07T22:45:57Z,2026-08-08T12:00:00Z,13.2,0.0,0.0,0.0
6-24ч,2026-08-07T23:19:23Z,2026-08-08T12:00:00Z,12.7,0.0,0.0,0.0
6-24ч,2026-08-08T04:50:53Z,2026-08-08T12:00:00Z,7.2,0.0,0.0,0.0
6-24ч,2026-08-07T22:45:57Z,2026-08-08T18:00:00Z,19.2,0.0,0.0,0.0
6-24ч,2026-08-07T23:19:23Z,2026-08-08T18:00:00Z,18.7,0.0,0.0,0.0
6-24ч,2026-08-08T04:50:53Z,2026-08-08T18:00:00Z,13.2,0.0,0.0,0.0
6-24ч,2026-08-08T10:18:13Z,2026-08-08T18:00:00Z,7.7,0.0,0.0,0.0
6-24ч,2026-08-08T10:18:13Z,2026-08-09T06:00:00Z,19.7,0.0,0.0,0.0
6-24ч,2026-08-08T22:37:20Z,2026-08-09T06:00:00Z,7.4,0.0,0.0,0.0
6-24ч,2026-08-08T22:37:20Z,2026-08-09T12:00:00Z,13.4,0.0,0.0,0.0
6-24ч,2026-08-09T04:59:03Z,2026-08-09T12:00:00Z,7.0,0.0,0.0,0.0
6-24ч,2026-08-08T22:37:20Z,2026-08-09T18:00:00Z,19.4,0.0,0.0,0.0
6-24ч,2026-08-09T04:59:03Z,2026-08-09T18:00:00Z,13.0,0.0,0.0,0.0
6-24ч,2026-08-09T10:19:29Z,2026-08-09T18:00:00Z,7.7,0.0,0.0,0.0
6-24ч,2026-08-09T10:19:29Z,2026-08-10T06:00:00Z,19.7,0.0,0.0,0.0
6-24ч,2026-08-09T12:41:38Z,2026-08-10T06:00:00Z,17.3,0.0,0.0,0.0
6-24ч,2026-08-09T12:45:53Z,2026-08-10T06:00:00Z,17.2,0.0,0.0,0.0
6-24ч,2026-08-09T12:48:15Z,2026-08-10T06:00:00Z,17.2,0.0,0.0,0.0
6-24ч,2026-08-09T16:31:44Z,2026-08-10T06:00:00Z,13.5,0.0,0.0,0.0
6-24ч,2026-08-09T22:39:09Z,2026-08-10T06:00:00Z,7.3,0.0,0.0,0.0
6-24ч,2026-08-09T22:39:09Z,2026-08-10T18:00:00Z,19.3,0.0,0.0,0.0
6-24ч,2026-08-10T05:20:42Z,2026-08-10T18:00:00Z,12.7,0.0,0.0,0.0
6-24ч,2026-08-10T10:53:28Z,2026-08-10T18:00:00Z,7.1,0.0,0.0,0.0
6-24ч,2026-08-10T10:53:28Z,2026-08-11T06:00:00Z,19.1,0.0,0.0,0.0
6-24ч,2026-08-10T16:52:05Z,2026-08-11T06:00:00Z,13.1,0.0,0.0,0.0
6-24ч,2026-08-10T22:47:13Z,2026-08-11T06:00:00Z,7.2,0.0,0.0,0.0
6-24ч,2026-08-10T22:47:13Z,2026-08-11T18:00:00Z,19.2,0.0,0.0,0.0
6-24ч,2026-08-11T05:01:49Z,2026-08-11T18:00:00Z,13.0,0.0,0.0,0.0
6-24ч,2026-08-11T10:38:45Z,2026-08-11T18:00:00Z,7.4,0.0,0.0,0.0
6-24ч,2026-08-11T10:38:45Z,2026-08-12T06:00:00Z,19.4,0.0,0.0,0.0
6-24ч,2026-08-12T06:05:22Z,2026-08-12T18:00:00Z,11.9,0.0,0.0,0.0
6-24ч,2026-08-12T10:47:03Z,2026-08-12T18:00:00Z,7.2,0.0,0.0,0.0
6-24ч,2026-08-12T06:05:22Z,2026-08-13T06:00:00Z,23.9,0.0,0.0,0.0
6-24ч,2026-08-12T10:47:03Z,2026-08-13T06:00:00Z,19.2,0.0,0.0,0.0
6-24ч,2026-08-12T16:54:57Z,2026-08-13T06:00:00Z,13.1,0.0,0.0,0.0
6-24ч,2026-08-12T22:50:47Z,2026-08-13T06:00:00Z,7.2,0.0,0.0,0.0
6-24ч,2026-08-12T22:50:47Z,2026-08-13T18:00:00Z,19.2,0.0,0.0,0.0
6-24ч,2026-08-13T05:30:08Z,2026-08-13T18:00:00Z,12.5,0.0,0.0,0.0
6-24ч,2026-08-13T10:49:01Z,2026-08-13T18:00:00Z,7.2,0.0,0.0,0.0
6-24ч,2026-08-13T10:49:01Z,2026-08-14T06:00:00Z,19.2,0.0,0.0,0.0
6-24ч,2026-08-13T16:36:10Z,2026-08-14T06:00:00Z,13.4,0.0,0.0,0.0
6-24ч,2026-08-13T16:42:24Z,2026-08-14T06:00:00Z,13.3,0.0,0.0,0.0
6-24ч,2026-08-13T16:54:22Z,2026-08-14T06:00:00Z,13.1,0.0,0.0,0.0
6-24ч,2026-08-13T22:52:17Z,2026-08-14T06:00:00Z,7.1,0.0,0.0,0.0
6-24ч,2026-08-13T16:36:10Z,2026-08-14T12:00:00Z,19.4,0.0,0.0,0.0
6-24ч,2026-08-13T16:42:24Z,2026-08-14T12:00:00Z,19.3,0.0,0.0,0.0
6-24ч,2026-08-13T16:54:22Z,2026-08-14T12:00:00Z,19.1,0.0,0.0,0.0
6-24ч,2026-08-13T22:52:17Z,2026-08-14T12:00:00Z,13.1,0.0,0.0,0.0
6-24ч,2026-08-14T05:28:14Z,2026-08-14T12:00:00Z,6.5,0.0,0.0,0.0
6-24ч,2026-08-13T22:52:17Z,2026-08-14T18:00:00Z,19.1,0.0,0.0,0.0
6-24ч,2026-08-14T05:28:14Z,2026-08-14T18:00:00Z,12.5,0.0,0.0,0.0
6-24ч,2026-08-14T10:44:54Z,2026-08-14T18:00:00Z,7.3,0.0,0.0,0.0
6-24ч,2026-08-14T10:44:54Z,2026-08-15T06:00:00Z,19.3,0.0,0.0,0.0
6-24ч,2026-08-14T16:48:33Z,2026-08-15T06:00:00Z,13.2,0.0,0.0,0.0
6-24ч,2026-08-14T22:30:55Z,2026-08-15T06:00:00Z,7.5,0.0,0.0,0.0
6-24ч,2026-08-14T22:30:55Z,2026-08-15T18:00:00Z,19.5,0.0,0.0,0.0
6-24ч,2026-08-15T04:24:15Z,2026-08-15T18:00:00Z,13.6,0.0,0.0,0.0
6-24ч,2026-08-15T10:09:15Z,2026-08-15T18:00:00Z,7.8,0.0,0.0,0.0
6-24ч,2026-08-15T10:09:15Z,2026-08-16T06:00:00Z,19.8,0.0,0.0,0.0
6-24ч,2026-08-15T16:20:39Z,2026-08-16T06:00:00Z,13.7,0.0,0.0,0.0
6-24ч,2026-08-15T22:29:33Z,2026-08-16T06:00:00Z,7.5,0.0,0.0,0.0
6-24ч,2026-08-15T22:29:33Z,2026-08-16T18:00:00Z,19.5,0.0,0.0,0.0
6-24ч,2026-08-16T04:29:41Z,2026-08-16T18:00:00Z,13.5,0.0,0.0,0.0
6-24ч,2026-08-16T07:21:44Z,2026-08-16T18:00:00Z,10.6,0.0,0.0,0.0
6-24ч,2026-08-16T10:09:47Z,2026-08-16T18:00:00Z,7.8,0.0,0.0,0.0
6-24ч,2026-08-16T07:21:44Z,2026-08-17T06:00:00Z,22.6,0.0,0.0,0.0
6-24ч,2026-08-16T10:09:47Z,2026-08-17T06:00:00Z,19.8,0.0,0.0,0.0
6-24ч,2026-08-16T16:21:00Z,2026-08-17T06:00:00Z,13.7,0.0,0.0,0.0
6-24ч,2026-08-16T22:29:34Z,2026-08-17T06:00:00Z,7.5,0.0,0.0,0.0
6-24ч,2026-08-16T16:21:00Z,2026-08-17T12:00:00Z,19.6,0.0,0.0,0.0
6-24ч,2026-08-16T22:29:34Z,2026-08-17T12:00:00Z,13.5,0.0,0.0,0.0
6-24ч,2026-08-17T04:35:30Z,2026-08-17T12:00:00Z,7.4,0.0,0.0,0.0
6-24ч,2026-08-16T22:29:34Z,2026-08-17T18:00:00Z,19.5,0.0,0.0,0.0
6-24ч,2026-08-17T04:35:30Z,2026-08-17T18:00:00Z,13.4,0.0,0.0,0.0
6-24ч,2026-08-17T10:18:11Z,2026-08-17T18:00:00Z,7.7,0.0,0.0,0.0
6-24ч,2026-08-17T10:18:11Z,2026-08-18T06:00:00Z,19.7,2.3,0.6,1.7
6-24ч,2026-08-17T16:23:45Z,2026-08-18T06:00:00Z,13.6,2.3,0.6,1.7
6-24ч,2026-08-17T22:31:28Z,2026-08-18T06:00:00Z,7.5,2.3,0.6,1.7
6-24ч,2026-08-17T16:23:45Z,2026-08-18T12:00:00Z,19.6,0.0,0.1,-0.1
6-24ч,2026-08-17T22:31:28Z,2026-08-18T12:00:00Z,13.5,0.0,0.1,-0.1
6-24ч,2026-08-18T04:30:05Z,2026-08-18T12:00:00Z,7.5,0.0,0.1,-0.1
6-24ч,2026-08-17T22:31:28Z,2026-08-18T18:00:00Z,19.5,0.0,0.1,-0.1
6-24ч,2026-08-18T04:30:05Z,2026-08-18T18:00:00Z,13.5,0.0,0.1,-0.1
6-24ч,2026-08-18T10:14:55Z,2026-08-18T18:00:00Z,7.8,0.0,0.1,-0.1
6-24ч,2026-08-18T10:14:55Z,2026-08-19T06:00:00Z,19.8,0.0,0.0,0.0
6-24ч,2026-08-18T16:27:50Z,2026-08-19T06:00:00Z,13.5,0.0,0.0,0.0
6-24ч,2026-08-18T22:31:39Z,2026-08-19T06:00:00Z,7.5,0.0,0.0,0.0
1-2 дня,2026-08-06T09:50:07Z,2026-08-07T18:00:00Z,32.2,0.0,0.0,0.0
1-2 дня,2026-08-06T09:59:18Z,2026-08-07T18:00:00Z,32.0,0.0,0.0,0.0
1-2 дня,2026-08-06T10:08:26Z,2026-08-07T18:00:00Z,31.9,0.0,0.0,0.0
1-2 дня,2026-08-06T10:47:54Z,2026-08-07T18:00:00Z,31.2,0.0,0.0,0.0
1-2 дня,2026-08-06T11:30:42Z,2026-08-07T18:00:00Z,30.5,0.0,0.0,0.0
1-2 дня,2026-08-06T11:36:01Z,2026-08-07T18:00:00Z,30.4,0.0,0.0,0.0
1-2 дня,2026-08-06T11:44:08Z,2026-08-07T18:00:00Z,30.3,0.0,0.0,0.0
1-2 дня,2026-08-06T09:50:07Z,2026-08-08T06:00:00Z,44.2,0.1,0.0,0.1
1-2 дня,2026-08-06T09:59:18Z,2026-08-08T06:00:00Z,44.0,0.1,0.0,0.1
1-2 дня,2026-08-06T10:08:26Z,2026-08-08T06:00:00Z,43.9,0.1,0.0,0.1
1-2 дня,2026-08-06T10:47:54Z,2026-08-08T06:00:00Z,43.2,0.0,0.0,0.0
1-2 дня,2026-08-06T11:30:42Z,2026-08-08T06:00:00Z,42.5,0.0,0.0,0.0
1-2 дня,2026-08-06T11:36:01Z,2026-08-08T06:00:00Z,42.4,0.0,0.0,0.0
1-2 дня,2026-08-06T11:44:08Z,2026-08-08T06:00:00Z,42.3,0.0,0.0,0.0
1-2 дня,2026-08-07T01:31:32Z,2026-08-08T06:00:00Z,28.5,0.1,0.0,0.1
1-2 дня,2026-08-07T05:36:00Z,2026-08-08T06:00:00Z,24.4,1.3,0.0,1.3
1-2 дня,2026-08-07T01:31:32Z,2026-08-08T12:00:00Z,34.5,0.0,0.0,0.0
1-2 дня,2026-08-07T05:36:00Z,2026-08-08T12:00:00Z,30.4,0.5,0.0,0.5
1-2 дня,2026-08-07T06:18:59Z,2026-08-08T12:00:00Z,29.7,0.5,0.0,0.5
1-2 дня,2026-08-07T07:13:52Z,2026-08-08T12:00:00Z,28.8,0.5,0.0,0.5
1-2 дня,2026-08-07T10:39:14Z,2026-08-08T12:00:00Z,25.3,0.0,0.0,0.0
1-2 дня,2026-08-07T01:31:32Z,2026-08-08T18:00:00Z,40.5,0.0,0.0,0.0
1-2 дня,2026-08-07T05:36:00Z,2026-08-08T18:00:00Z,36.4,0.5,0.0,0.5
1-2 дня,2026-08-07T06:18:59Z,2026-08-08T18:00:00Z,35.7,0.5,0.0,0.5
1-2 дня,2026-08-07T07:13:52Z,2026-08-08T18:00:00Z,34.8,0.5,0.0,0.5
1-2 дня,2026-08-07T10:39:14Z,2026-08-08T18:00:00Z,31.3,0.0,0.0,0.0
1-2 дня,2026-08-07T16:51:54Z,2026-08-08T18:00:00Z,25.1,0.1,0.0,0.1
1-2 дня,2026-08-07T06:18:59Z,2026-08-09T06:00:00Z,47.7,0.0,0.0,0.0
1-2 дня,2026-08-07T07:13:52Z,2026-08-09T06:00:00Z,46.8,0.0,0.0,0.0
1-2 дня,2026-08-07T10:39:14Z,2026-08-09T06:00:00Z,43.3,0.0,0.0,0.0
1-2 дня,2026-08-07T16:51:54Z,2026-08-09T06:00:00Z,37.1,0.0,0.0,0.0
1-2 дня,2026-08-07T22:45:57Z,2026-08-09T06:00:00Z,31.2,0.0,0.0,0.0
1-2 дня,2026-08-07T23:19:23Z,2026-08-09T06:00:00Z,30.7,0.0,0.0,0.0
1-2 дня,2026-08-08T04:50:53Z,2026-08-09T06:00:00Z,25.2,0.0,0.0,0.0
1-2 дня,2026-08-07T16:51:54Z,2026-08-09T12:00:00Z,43.1,0.0,0.0,0.0
1-2 дня,2026-08-07T22:45:57Z,2026-08-09T12:00:00Z,37.2,0.0,0.0,0.0
1-2 дня,2026-08-07T23:19:23Z,2026-08-09T12:00:00Z,36.7,0.0,0.0,0.0
1-2 дня,2026-08-08T04:50:53Z,2026-08-09T12:00:00Z,31.2,0.0,0.0,0.0
1-2 дня,2026-08-08T10:18:13Z,2026-08-09T12:00:00Z,25.7,0.0,0.0,0.0
1-2 дня,2026-08-07T22:45:57Z,2026-08-09T18:00:00Z,43.2,0.0,0.0,0.0
1-2 дня,2026-08-07T23:19:23Z,2026-08-09T18:00:00Z,42.7,0.0,0.0,0.0
1-2 дня,2026-08-08T04:50:53Z,2026-08-09T18:00:00Z,37.2,0.0,0.0,0.0
1-2 дня,2026-08-08T10:18:13Z,2026-08-09T18:00:00Z,31.7,0.0,0.0,0.0
1-2 дня,2026-08-08T10:18:13Z,2026-08-10T06:00:00Z,43.7,0.0,0.0,0.0
1-2 дня,2026-08-08T22:37:20Z,2026-08-10T06:00:00Z,31.4,0.0,0.0,0.0
1-2 дня,2026-08-09T04:59:03Z,2026-08-10T06:00:00Z,25.0,0.0,0.0,0.0
1-2 дня,2026-08-08T22:37:20Z,2026-08-10T18:00:00Z,43.4,0.0,0.0,0.0
1-2 дня,2026-08-09T04:59:03Z,2026-08-10T18:00:00Z,37.0,0.0,0.0,0.0
1-2 дня,2026-08-09T10:19:29Z,2026-08-10T18:00:00Z,31.7,0.0,0.0,0.0
1-2 дня,2026-08-09T12:41:38Z,2026-08-10T18:00:00Z,29.3,0.0,0.0,0.0
1-2 дня,2026-08-09T12:45:53Z,2026-08-10T18:00:00Z,29.2,0.0,0.0,0.0
1-2 дня,2026-08-09T12:48:15Z,2026-08-10T18:00:00Z,29.2,0.0,0.0,0.0
1-2 дня,2026-08-09T16:31:44Z,2026-08-10T18:00:00Z,25.5,0.0,0.0,0.0
1-2 дня,2026-08-09T10:19:29Z,2026-08-11T06:00:00Z,43.7,0.0,0.0,0.0
1-2 дня,2026-08-09T12:41:38Z,2026-08-11T06:00:00Z,41.3,0.0,0.0,0.0
1-2 дня,2026-08-09T12:45:53Z,2026-08-11T06:00:00Z,41.2,0.0,0.0,0.0
1-2 дня,2026-08-09T12:48:15Z,2026-08-11T06:00:00Z,41.2,0.0,0.0,0.0
1-2 дня,2026-08-09T16:31:44Z,2026-08-11T06:00:00Z,37.5,0.0,0.0,0.0
1-2 дня,2026-08-09T22:39:09Z,2026-08-11T06:00:00Z,31.3,0.0,0.0,0.0
1-2 дня,2026-08-10T05:20:42Z,2026-08-11T06:00:00Z,24.7,0.0,0.0,0.0
1-2 дня,2026-08-09T22:39:09Z,2026-08-11T18:00:00Z,43.3,0.0,0.0,0.0
1-2 дня,2026-08-10T05:20:42Z,2026-08-11T18:00:00Z,36.7,0.0,0.0,0.0
1-2 дня,2026-08-10T10:53:28Z,2026-08-11T18:00:00Z,31.1,0.0,0.0,0.0
1-2 дня,2026-08-10T16:52:05Z,2026-08-11T18:00:00Z,25.1,0.0,0.0,0.0
1-2 дня,2026-08-10T10:53:28Z,2026-08-12T06:00:00Z,43.1,0.0,0.0,0.0
1-2 дня,2026-08-10T16:52:05Z,2026-08-12T06:00:00Z,37.1,0.0,0.0,0.0
1-2 дня,2026-08-10T22:47:13Z,2026-08-12T06:00:00Z,31.2,0.0,0.0,0.0
1-2 дня,2026-08-11T05:01:49Z,2026-08-12T06:00:00Z,25.0,0.0,0.0,0.0
1-2 дня,2026-08-10T16:52:05Z,2026-08-12T12:00:00Z,43.1,0.0,0.0,0.0
1-2 дня,2026-08-10T22:47:13Z,2026-08-12T12:00:00Z,37.2,0.0,0.0,0.0
1-2 дня,2026-08-11T05:01:49Z,2026-08-12T12:00:00Z,31.0,0.0,0.0,0.0
1-2 дня,2026-08-11T10:38:45Z,2026-08-12T12:00:00Z,25.4,0.0,0.0,0.0
1-2 дня,2026-08-10T22:47:13Z,2026-08-12T18:00:00Z,43.2,0.0,0.0,0.0
1-2 дня,2026-08-11T05:01:49Z,2026-08-12T18:00:00Z,37.0,0.0,0.0,0.0
1-2 дня,2026-08-11T10:38:45Z,2026-08-12T18:00:00Z,31.4,0.0,0.0,0.0
1-2 дня,2026-08-11T10:38:45Z,2026-08-13T06:00:00Z,43.4,0.0,0.0,0.0
1-2 дня,2026-08-12T06:05:22Z,2026-08-13T18:00:00Z,35.9,0.0,0.0,0.0
1-2 дня,2026-08-12T10:47:03Z,2026-08-13T18:00:00Z,31.2,0.0,0.0,0.0
1-2 дня,2026-08-12T16:54:57Z,2026-08-13T18:00:00Z,25.1,0.0,0.0,0.0
1-2 дня,2026-08-12T06:05:22Z,2026-08-14T06:00:00Z,47.9,0.0,0.0,0.0
1-2 дня,2026-08-12T10:47:03Z,2026-08-14T06:00:00Z,43.2,0.0,0.0,0.0
1-2 дня,2026-08-12T16:54:57Z,2026-08-14T06:00:00Z,37.1,0.0,0.0,0.0
1-2 дня,2026-08-12T22:50:47Z,2026-08-14T06:00:00Z,31.2,0.0,0.0,0.0
1-2 дня,2026-08-13T05:30:08Z,2026-08-14T06:00:00Z,24.5,0.0,0.0,0.0
1-2 дня,2026-08-12T16:54:57Z,2026-08-14T12:00:00Z,43.1,0.0,0.0,0.0
1-2 дня,2026-08-12T22:50:47Z,2026-08-14T12:00:00Z,37.2,0.0,0.0,0.0
1-2 дня,2026-08-13T05:30:08Z,2026-08-14T12:00:00Z,30.5,0.0,0.0,0.0
1-2 дня,2026-08-13T10:49:01Z,2026-08-14T12:00:00Z,25.2,0.0,0.0,0.0
1-2 дня,2026-08-12T22:50:47Z,2026-08-14T18:00:00Z,43.2,0.0,0.0,0.0
1-2 дня,2026-08-13T05:30:08Z,2026-08-14T18:00:00Z,36.5,0.0,0.0,0.0
1-2 дня,2026-08-13T10:49:01Z,2026-08-14T18:00:00Z,31.2,0.0,0.0,0.0
1-2 дня,2026-08-13T16:36:10Z,2026-08-14T18:00:00Z,25.4,0.0,0.0,0.0
1-2 дня,2026-08-13T16:42:24Z,2026-08-14T18:00:00Z,25.3,0.0,0.0,0.0
1-2 дня,2026-08-13T16:54:22Z,2026-08-14T18:00:00Z,25.1,0.0,0.0,0.0
1-2 дня,2026-08-13T10:49:01Z,2026-08-15T06:00:00Z,43.2,0.0,0.0,0.0
1-2 дня,2026-08-13T16:36:10Z,2026-08-15T06:00:00Z,37.4,0.0,0.0,0.0
1-2 дня,2026-08-13T16:42:24Z,2026-08-15T06:00:00Z,37.3,0.0,0.0,0.0
1-2 дня,2026-08-13T16:54:22Z,2026-08-15T06:00:00Z,37.1,0.0,0.0,0.0
1-2 дня,2026-08-13T22:52:17Z,2026-08-15T06:00:00Z,31.1,0.0,0.0,0.0
1-2 дня,2026-08-14T05:28:14Z,2026-08-15T06:00:00Z,24.5,0.0,0.0,0.0
1-2 дня,2026-08-13T22:52:17Z,2026-08-15T18:00:00Z,43.1,0.0,0.0,0.0
1-2 дня,2026-08-14T05:28:14Z,2026-08-15T18:00:00Z,36.5,0.0,0.0,0.0
1-2 дня,2026-08-14T10:44:54Z,2026-08-15T18:00:00Z,31.3,0.0,0.0,0.0
1-2 дня,2026-08-14T16:48:33Z,2026-08-15T18:00:00Z,25.2,0.0,0.0,0.0
1-2 дня,2026-08-14T10:44:54Z,2026-08-16T06:00:00Z,43.3,0.0,0.0,0.0
1-2 дня,2026-08-14T16:48:33Z,2026-08-16T06:00:00Z,37.2,0.0,0.0,0.0
1-2 дня,2026-08-14T22:30:55Z,2026-08-16T06:00:00Z,31.5,0.0,0.0,0.0
1-2 дня,2026-08-15T04:24:15Z,2026-08-16T06:00:00Z,25.6,0.0,0.0,0.0
1-2 дня,2026-08-14T22:30:55Z,2026-08-16T18:00:00Z,43.5,0.0,0.0,0.0
1-2 дня,2026-08-15T04:24:15Z,2026-08-16T18:00:00Z,37.6,0.0,0.0,0.0
1-2 дня,2026-08-15T10:09:15Z,2026-08-16T18:00:00Z,31.8,0.0,0.0,0.0
1-2 дня,2026-08-15T16:20:39Z,2026-08-16T18:00:00Z,25.7,0.0,0.0,0.0
1-2 дня,2026-08-15T10:09:15Z,2026-08-17T06:00:00Z,43.8,0.0,0.0,0.0
1-2 дня,2026-08-15T16:20:39Z,2026-08-17T06:00:00Z,37.7,0.0,0.0,0.0
1-2 дня,2026-08-15T22:29:33Z,2026-08-17T06:00:00Z,31.5,0.0,0.0,0.0
1-2 дня,2026-08-16T04:29:41Z,2026-08-17T06:00:00Z,25.5,0.0,0.0,0.0
1-2 дня,2026-08-15T16:20:39Z,2026-08-17T12:00:00Z,43.7,0.0,0.0,0.0
1-2 дня,2026-08-15T22:29:33Z,2026-08-17T12:00:00Z,37.5,0.0,0.0,0.0
1-2 дня,2026-08-16T04:29:41Z,2026-08-17T12:00:00Z,31.5,0.0,0.0,0.0
1-2 дня,2026-08-16T07:21:44Z,2026-08-17T12:00:00Z,28.6,0.0,0.0,0.0
1-2 дня,2026-08-16T10:09:47Z,2026-08-17T12:00:00Z,25.8,0.0,0.0,0.0
1-2 дня,2026-08-15T22:29:33Z,2026-08-17T18:00:00Z,43.5,0.0,0.0,0.0
1-2 дня,2026-08-16T04:29:41Z,2026-08-17T18:00:00Z,37.5,0.0,0.0,0.0
1-2 дня,2026-08-16T07:21:44Z,2026-08-17T18:00:00Z,34.6,0.0,0.0,0.0
1-2 дня,2026-08-16T10:09:47Z,2026-08-17T18:00:00Z,31.8,0.0,0.0,0.0
1-2 дня,2026-08-16T16:21:00Z,2026-08-17T18:00:00Z,25.6,0.0,0.0,0.0
1-2 дня,2026-08-16T07:21:44Z,2026-08-18T06:00:00Z,46.6,4.5,0.6,3.9
1-2 дня,2026-08-16T10:09:47Z,2026-08-18T06:00:00Z,43.8,4.5,0.6,3.9
1-2 дня,2026-08-16T16:21:00Z,2026-08-18T06:00:00Z,37.6,1.1,0.6,0.5
1-2 дня,2026-08-16T22:29:34Z,2026-08-18T06:00:00Z,31.5,1.2,0.6,0.6
1-2 дня,2026-08-17T04:35:30Z,2026-08-18T06:00:00Z,25.4,2.3,0.6,1.7
1-2 дня,2026-08-16T16:21:00Z,2026-08-18T12:00:00Z,43.6,0.0,0.1,-0.1
1-2 дня,2026-08-16T22:29:34Z,2026-08-18T12:00:00Z,37.5,0.0,0.1,-0.1
1-2 дня,2026-08-17T04:35:30Z,2026-08-18T12:00:00Z,31.4,0.0,0.1,-0.1
1-2 дня,2026-08-17T10:18:11Z,2026-08-18T12:00:00Z,25.7,0.0,0.1,-0.1
1-2 дня,2026-08-16T22:29:34Z,2026-08-18T18:00:00Z,43.5,0.0,0.1,-0.1
1-2 дня,2026-08-17T04:35:30Z,2026-08-18T18:00:00Z,37.4,0.0,0.1,-0.1
1-2 дня,2026-08-17T10:18:11Z,2026-08-18T18:00:00Z,31.7,0.0,0.1,-0.1
1-2 дня,2026-08-17T16:23:45Z,2026-08-18T18:00:00Z,25.6,0.0,0.1,-0.1
1-2 дня,2026-08-17T10:18:11Z,2026-08-19T06:00:00Z,43.7,0.0,0.0,0.0
1-2 дня,2026-08-17T16:23:45Z,2026-08-19T06:00:00Z,37.6,0.0,0.0,0.0
1-2 дня,2026-08-17T22:31:28Z,2026-08-19T06:00:00Z,31.5,0.0,0.0,0.0
1-2 дня,2026-08-18T04:30:05Z,2026-08-19T06:00:00Z,25.5,0.0,0.0,0.0
2-3 дня,2026-08-06T09:50:07Z,2026-08-08T12:00:00Z,50.2,0.3,0.0,0.3
2-3 дня,2026-08-06T09:59:18Z,2026-08-08T12:00:00Z,50.0,0.3,0.0,0.3
2-3 дня,2026-08-06T10:08:26Z,2026-08-08T12:00:00Z,49.9,0.3,0.0,0.3
2-3 дня,2026-08-06T10:47:54Z,2026-08-08T12:00:00Z,49.2,0.0,0.0,0.0
2-3 дня,2026-08-06T11:30:42Z,2026-08-08T12:00:00Z,48.5,0.0,0.0,0.0
2-3 дня,2026-08-06T11:36:01Z,2026-08-08T12:00:00Z,48.4,0.0,0.0,0.0
2-3 дня,2026-08-06T11:44:08Z,2026-08-08T12:00:00Z,48.3,0.0,0.0,0.0
2-3 дня,2026-08-06T09:50:07Z,2026-08-08T18:00:00Z,56.2,0.3,0.0,0.3
2-3 дня,2026-08-06T09:59:18Z,2026-08-08T18:00:00Z,56.0,0.3,0.0,0.3
2-3 дня,2026-08-06T10:08:26Z,2026-08-08T18:00:00Z,55.9,0.3,0.0,0.3
2-3 дня,2026-08-06T10:47:54Z,2026-08-08T18:00:00Z,55.2,0.0,0.0,0.0
2-3 дня,2026-08-06T11:30:42Z,2026-08-08T18:00:00Z,54.5,0.0,0.0,0.0
2-3 дня,2026-08-06T11:36:01Z,2026-08-08T18:00:00Z,54.4,0.0,0.0,0.0
2-3 дня,2026-08-06T11:44:08Z,2026-08-08T18:00:00Z,54.3,0.0,0.0,0.0
2-3 дня,2026-08-06T09:50:07Z,2026-08-09T06:00:00Z,68.2,0.0,0.0,0.0
2-3 дня,2026-08-06T09:59:18Z,2026-08-09T06:00:00Z,68.0,0.0,0.0,0.0
2-3 дня,2026-08-06T10:08:26Z,2026-08-09T06:00:00Z,67.9,0.0,0.0,0.0
2-3 дня,2026-08-06T10:47:54Z,2026-08-09T06:00:00Z,67.2,0.0,0.0,0.0
2-3 дня,2026-08-06T11:30:42Z,2026-08-09T06:00:00Z,66.5,0.0,0.0,0.0
2-3 дня,2026-08-06T11:36:01Z,2026-08-09T06:00:00Z,66.4,0.0,0.0,0.0
2-3 дня,2026-08-06T11:44:08Z,2026-08-09T06:00:00Z,66.3,0.0,0.0,0.0
2-3 дня,2026-08-07T01:31:32Z,2026-08-09T06:00:00Z,52.5,0.0,0.0,0.0
2-3 дня,2026-08-07T05:36:00Z,2026-08-09T06:00:00Z,48.4,0.0,0.0,0.0
2-3 дня,2026-08-07T01:31:32Z,2026-08-09T12:00:00Z,58.5,0.0,0.0,0.0
2-3 дня,2026-08-07T05:36:00Z,2026-08-09T12:00:00Z,54.4,0.0,0.0,0.0
2-3 дня,2026-08-07T06:18:59Z,2026-08-09T12:00:00Z,53.7,0.0,0.0,0.0
2-3 дня,2026-08-07T07:13:52Z,2026-08-09T12:00:00Z,52.8,0.0,0.0,0.0
2-3 дня,2026-08-07T10:39:14Z,2026-08-09T12:00:00Z,49.3,0.0,0.0,0.0
2-3 дня,2026-08-07T01:31:32Z,2026-08-09T18:00:00Z,64.5,0.0,0.0,0.0
2-3 дня,2026-08-07T05:36:00Z,2026-08-09T18:00:00Z,60.4,0.0,0.0,0.0
2-3 дня,2026-08-07T06:18:59Z,2026-08-09T18:00:00Z,59.7,0.0,0.0,0.0
2-3 дня,2026-08-07T07:13:52Z,2026-08-09T18:00:00Z,58.8,0.0,0.0,0.0
2-3 дня,2026-08-07T10:39:14Z,2026-08-09T18:00:00Z,55.3,0.0,0.0,0.0
2-3 дня,2026-08-07T16:51:54Z,2026-08-09T18:00:00Z,49.1,0.0,0.0,0.0
2-3 дня,2026-08-07T06:18:59Z,2026-08-10T06:00:00Z,71.7,0.0,0.0,0.0
2-3 дня,2026-08-07T07:13:52Z,2026-08-10T06:00:00Z,70.8,0.0,0.0,0.0
2-3 дня,2026-08-07T10:39:14Z,2026-08-10T06:00:00Z,67.3,0.0,0.0,0.0
2-3 дня,2026-08-07T16:51:54Z,2026-08-10T06:00:00Z,61.1,0.0,0.0,0.0
2-3 дня,2026-08-07T22:45:57Z,2026-08-10T06:00:00Z,55.2,0.0,0.0,0.0
2-3 дня,2026-08-07T23:19:23Z,2026-08-10T06:00:00Z,54.7,0.0,0.0,0.0
2-3 дня,2026-08-08T04:50:53Z,2026-08-10T06:00:00Z,49.2,0.0,0.0,0.0
2-3 дня,2026-08-07T22:45:57Z,2026-08-10T18:00:00Z,67.2,0.0,0.0,0.0
2-3 дня,2026-08-07T23:19:23Z,2026-08-10T18:00:00Z,66.7,0.0,0.0,0.0
2-3 дня,2026-08-08T04:50:53Z,2026-08-10T18:00:00Z,61.2,0.0,0.0,0.0
2-3 дня,2026-08-08T10:18:13Z,2026-08-10T18:00:00Z,55.7,0.0,0.0,0.0
2-3 дня,2026-08-08T10:18:13Z,2026-08-11T06:00:00Z,67.7,0.0,0.0,0.0
2-3 дня,2026-08-08T22:37:20Z,2026-08-11T06:00:00Z,55.4,0.0,0.0,0.0
2-3 дня,2026-08-09T04:59:03Z,2026-08-11T06:00:00Z,49.0,0.0,0.0,0.0
2-3 дня,2026-08-08T22:37:20Z,2026-08-11T18:00:00Z,67.4,0.0,0.0,0.0
2-3 дня,2026-08-09T04:59:03Z,2026-08-11T18:00:00Z,61.0,0.0,0.0,0.0
2-3 дня,2026-08-09T10:19:29Z,2026-08-11T18:00:00Z,55.7,0.0,0.0,0.0
2-3 дня,2026-08-09T12:41:38Z,2026-08-11T18:00:00Z,53.3,0.0,0.0,0.0
2-3 дня,2026-08-09T12:45:53Z,2026-08-11T18:00:00Z,53.2,0.0,0.0,0.0
2-3 дня,2026-08-09T12:48:15Z,2026-08-11T18:00:00Z,53.2,0.0,0.0,0.0
2-3 дня,2026-08-09T16:31:44Z,2026-08-11T18:00:00Z,49.5,0.0,0.0,0.0
2-3 дня,2026-08-09T10:19:29Z,2026-08-12T06:00:00Z,67.7,0.0,0.0,0.0
2-3 дня,2026-08-09T12:41:38Z,2026-08-12T06:00:00Z,65.3,0.0,0.0,0.0
2-3 дня,2026-08-09T12:45:53Z,2026-08-12T06:00:00Z,65.2,0.0,0.0,0.0
2-3 дня,2026-08-09T12:48:15Z,2026-08-12T06:00:00Z,65.2,0.0,0.0,0.0
2-3 дня,2026-08-09T16:31:44Z,2026-08-12T06:00:00Z,61.5,0.0,0.0,0.0
2-3 дня,2026-08-09T22:39:09Z,2026-08-12T06:00:00Z,55.3,0.0,0.0,0.0
2-3 дня,2026-08-10T05:20:42Z,2026-08-12T06:00:00Z,48.7,0.0,0.0,0.0
2-3 дня,2026-08-09T12:41:38Z,2026-08-12T12:00:00Z,71.3,0.0,0.0,0.0
2-3 дня,2026-08-09T12:45:53Z,2026-08-12T12:00:00Z,71.2,0.0,0.0,0.0
2-3 дня,2026-08-09T12:48:15Z,2026-08-12T12:00:00Z,71.2,0.0,0.0,0.0
2-3 дня,2026-08-09T16:31:44Z,2026-08-12T12:00:00Z,67.5,0.0,0.0,0.0
2-3 дня,2026-08-09T22:39:09Z,2026-08-12T12:00:00Z,61.3,0.0,0.0,0.0
2-3 дня,2026-08-10T05:20:42Z,2026-08-12T12:00:00Z,54.7,0.0,0.0,0.0
2-3 дня,2026-08-10T10:53:28Z,2026-08-12T12:00:00Z,49.1,0.0,0.0,0.0
2-3 дня,2026-08-09T22:39:09Z,2026-08-12T18:00:00Z,67.3,0.0,0.0,0.0
2-3 дня,2026-08-10T05:20:42Z,2026-08-12T18:00:00Z,60.7,0.0,0.0,0.0
2-3 дня,2026-08-10T10:53:28Z,2026-08-12T18:00:00Z,55.1,0.0,0.0,0.0
2-3 дня,2026-08-10T16:52:05Z,2026-08-12T18:00:00Z,49.1,0.0,0.0,0.0
2-3 дня,2026-08-10T10:53:28Z,2026-08-13T06:00:00Z,67.1,0.0,0.0,0.0
2-3 дня,2026-08-10T16:52:05Z,2026-08-13T06:00:00Z,61.1,0.0,0.0,0.0
2-3 дня,2026-08-10T22:47:13Z,2026-08-13T06:00:00Z,55.2,0.0,0.0,0.0
2-3 дня,2026-08-11T05:01:49Z,2026-08-13T06:00:00Z,49.0,0.0,0.0,0.0
2-3 дня,2026-08-10T22:47:13Z,2026-08-13T18:00:00Z,67.2,0.0,0.0,0.0
2-3 дня,2026-08-11T05:01:49Z,2026-08-13T18:00:00Z,61.0,0.0,0.0,0.0
2-3 дня,2026-08-11T10:38:45Z,2026-08-13T18:00:00Z,55.4,0.0,0.0,0.0
2-3 дня,2026-08-11T10:38:45Z,2026-08-14T06:00:00Z,67.4,0.0,0.0,0.0
2-3 дня,2026-08-12T06:05:22Z,2026-08-14T12:00:00Z,53.9,0.0,0.0,0.0
2-3 дня,2026-08-12T10:47:03Z,2026-08-14T12:00:00Z,49.2,0.0,0.0,0.0
2-3 дня,2026-08-12T06:05:22Z,2026-08-14T18:00:00Z,59.9,0.0,0.0,0.0
2-3 дня,2026-08-12T10:47:03Z,2026-08-14T18:00:00Z,55.2,0.0,0.0,0.0
2-3 дня,2026-08-12T16:54:57Z,2026-08-14T18:00:00Z,49.1,0.0,0.0,0.0
2-3 дня,2026-08-12T06:05:22Z,2026-08-15T06:00:00Z,71.9,0.0,0.0,0.0
2-3 дня,2026-08-12T10:47:03Z,2026-08-15T06:00:00Z,67.2,0.0,0.0,0.0
2-3 дня,2026-08-12T16:54:57Z,2026-08-15T06:00:00Z,61.1,0.0,0.0,0.0
2-3 дня,2026-08-12T22:50:47Z,2026-08-15T06:00:00Z,55.2,0.0,0.0,0.0
2-3 дня,2026-08-13T05:30:08Z,2026-08-15T06:00:00Z,48.5,0.0,0.0,0.0
2-3 дня,2026-08-12T22:50:47Z,2026-08-15T18:00:00Z,67.2,0.0,0.0,0.0
2-3 дня,2026-08-13T05:30:08Z,2026-08-15T18:00:00Z,60.5,0.0,0.0,0.0
2-3 дня,2026-08-13T10:49:01Z,2026-08-15T18:00:00Z,55.2,0.0,0.0,0.0
2-3 дня,2026-08-13T16:36:10Z,2026-08-15T18:00:00Z,49.4,0.0,0.0,0.0
2-3 дня,2026-08-13T16:42:24Z,2026-08-15T18:00:00Z,49.3,0.0,0.0,0.0
2-3 дня,2026-08-13T16:54:22Z,2026-08-15T18:00:00Z,49.1,0.0,0.0,0.0
2-3 дня,2026-08-13T10:49:01Z,2026-08-16T06:00:00Z,67.2,0.0,0.0,0.0
2-3 дня,2026-08-13T16:36:10Z,2026-08-16T06:00:00Z,61.4,0.0,0.0,0.0
2-3 дня,2026-08-13T16:42:24Z,2026-08-16T06:00:00Z,61.3,0.0,0.0,0.0
2-3 дня,2026-08-13T16:54:22Z,2026-08-16T06:00:00Z,61.1,0.0,0.0,0.0
2-3 дня,2026-08-13T22:52:17Z,2026-08-16T06:00:00Z,55.1,0.0,0.0,0.0
2-3 дня,2026-08-14T05:28:14Z,2026-08-16T06:00:00Z,48.5,0.0,0.0,0.0
2-3 дня,2026-08-13T22:52:17Z,2026-08-16T18:00:00Z,67.1,0.0,0.0,0.0
2-3 дня,2026-08-14T05:28:14Z,2026-08-16T18:00:00Z,60.5,0.0,0.0,0.0
2-3 дня,2026-08-14T10:44:54Z,2026-08-16T18:00:00Z,55.3,0.0,0.0,0.0
2-3 дня,2026-08-14T16:48:33Z,2026-08-16T18:00:00Z,49.2,0.0,0.0,0.0
2-3 дня,2026-08-14T10:44:54Z,2026-08-17T06:00:00Z,67.3,0.0,0.0,0.0
2-3 дня,2026-08-14T16:48:33Z,2026-08-17T06:00:00Z,61.2,0.0,0.0,0.0
2-3 дня,2026-08-14T22:30:55Z,2026-08-17T06:00:00Z,55.5,0.0,0.0,0.0
2-3 дня,2026-08-15T04:24:15Z,2026-08-17T06:00:00Z,49.6,0.0,0.0,0.0
2-3 дня,2026-08-14T16:48:33Z,2026-08-17T12:00:00Z,67.2,0.0,0.0,0.0
2-3 дня,2026-08-14T22:30:55Z,2026-08-17T12:00:00Z,61.5,0.0,0.0,0.0
2-3 дня,2026-08-15T04:24:15Z,2026-08-17T12:00:00Z,55.6,0.0,0.0,0.0
2-3 дня,2026-08-15T10:09:15Z,2026-08-17T12:00:00Z,49.8,0.0,0.0,0.0
2-3 дня,2026-08-14T22:30:55Z,2026-08-17T18:00:00Z,67.5,0.0,0.0,0.0
2-3 дня,2026-08-15T04:24:15Z,2026-08-17T18:00:00Z,61.6,0.0,0.0,0.0
2-3 дня,2026-08-15T10:09:15Z,2026-08-17T18:00:00Z,55.8,0.0,0.0,0.0
2-3 дня,2026-08-15T16:20:39Z,2026-08-17T18:00:00Z,49.7,0.0,0.0,0.0
2-3 дня,2026-08-15T10:09:15Z,2026-08-18T06:00:00Z,67.8,5.9,0.6,5.3
2-3 дня,2026-08-15T16:20:39Z,2026-08-18T06:00:00Z,61.7,4.7,0.6,4.1
2-3 дня,2026-08-15T22:29:33Z,2026-08-18T06:00:00Z,55.5,3.0,0.6,2.4
2-3 дня,2026-08-16T04:29:41Z,2026-08-18T06:00:00Z,49.5,4.5,0.6,3.9
2-3 дня,2026-08-15T16:20:39Z,2026-08-18T12:00:00Z,67.7,0.0,0.1,-0.1
2-3 дня,2026-08-15T22:29:33Z,2026-08-18T12:00:00Z,61.5,0.0,0.1,-0.1
2-3 дня,2026-08-16T04:29:41Z,2026-08-18T12:00:00Z,55.5,0.0,0.1,-0.1
2-3 дня,2026-08-16T07:21:44Z,2026-08-18T12:00:00Z,52.6,0.0,0.1,-0.1
2-3 дня,2026-08-16T10:09:47Z,2026-08-18T12:00:00Z,49.8,0.0,0.1,-0.1
2-3 дня,2026-08-15T22:29:33Z,2026-08-18T18:00:00Z,67.5,0.0,0.1,-0.1
2-3 дня,2026-08-16T04:29:41Z,2026-08-18T18:00:00Z,61.5,0.0,0.1,-0.1
2-3 дня,2026-08-16T07:21:44Z,2026-08-18T18:00:00Z,58.6,0.0,0.1,-0.1
2-3 дня,2026-08-16T10:09:47Z,2026-08-18T18:00:00Z,55.8,0.0,0.1,-0.1
2-3 дня,2026-08-16T16:21:00Z,2026-08-18T18:00:00Z,49.6,0.0,0.1,-0.1
2-3 дня,2026-08-16T07:21:44Z,2026-08-19T06:00:00Z,70.6,0.0,0.0,0.0
2-3 дня,2026-08-16T10:09:47Z,2026-08-19T06:00:00Z,67.8,0.0,0.0,0.0
2-3 дня,2026-08-16T16:21:00Z,2026-08-19T06:00:00Z,61.6,0.0,0.0,0.0
2-3 дня,2026-08-16T22:29:34Z,2026-08-19T06:00:00Z,55.5,0.0,0.0,0.0
2-3 дня,2026-08-17T04:35:30Z,2026-08-19T06:00:00Z,49.4,0.0,0.0,0.0
3-5 дней,2026-08-06T09:50:07Z,2026-08-09T12:00:00Z,74.2,0.0,0.0,0.0
3-5 дней,2026-08-06T09:59:18Z,2026-08-09T12:00:00Z,74.0,0.0,0.0,0.0
3-5 дней,2026-08-06T10:08:26Z,2026-08-09T12:00:00Z,73.9,0.0,0.0,0.0
3-5 дней,2026-08-06T10:47:54Z,2026-08-09T12:00:00Z,73.2,0.0,0.0,0.0
3-5 дней,2026-08-06T11:30:42Z,2026-08-09T12:00:00Z,72.5,0.0,0.0,0.0
3-5 дней,2026-08-06T11:36:01Z,2026-08-09T12:00:00Z,72.4,0.0,0.0,0.0
3-5 дней,2026-08-06T11:44:08Z,2026-08-09T12:00:00Z,72.3,0.0,0.0,0.0
3-5 дней,2026-08-06T09:50:07Z,2026-08-09T18:00:00Z,80.2,0.0,0.0,0.0
3-5 дней,2026-08-06T09:59:18Z,2026-08-09T18:00:00Z,80.0,0.0,0.0,0.0
3-5 дней,2026-08-06T10:08:26Z,2026-08-09T18:00:00Z,79.9,0.0,0.0,0.0
3-5 дней,2026-08-06T10:47:54Z,2026-08-09T18:00:00Z,79.2,0.0,0.0,0.0
3-5 дней,2026-08-06T11:30:42Z,2026-08-09T18:00:00Z,78.5,0.0,0.0,0.0
3-5 дней,2026-08-06T11:36:01Z,2026-08-09T18:00:00Z,78.4,0.0,0.0,0.0
3-5 дней,2026-08-06T11:44:08Z,2026-08-09T18:00:00Z,78.3,0.0,0.0,0.0
3-5 дней,2026-08-06T09:50:07Z,2026-08-10T06:00:00Z,92.2,0.0,0.0,0.0
3-5 дней,2026-08-06T09:59:18Z,2026-08-10T06:00:00Z,92.0,0.0,0.0,0.0
3-5 дней,2026-08-06T10:08:26Z,2026-08-10T06:00:00Z,91.9,0.0,0.0,0.0
3-5 дней,2026-08-06T10:47:54Z,2026-08-10T06:00:00Z,91.2,0.0,0.0,0.0
3-5 дней,2026-08-06T11:30:42Z,2026-08-10T06:00:00Z,90.5,0.0,0.0,0.0
3-5 дней,2026-08-06T11:36:01Z,2026-08-10T06:00:00Z,90.4,0.0,0.0,0.0
3-5 дней,2026-08-06T11:44:08Z,2026-08-10T06:00:00Z,90.3,0.0,0.0,0.0
3-5 дней,2026-08-07T01:31:32Z,2026-08-10T06:00:00Z,76.5,0.0,0.0,0.0
3-5 дней,2026-08-07T05:36:00Z,2026-08-10T06:00:00Z,72.4,0.0,0.0,0.0
3-5 дней,2026-08-07T01:31:32Z,2026-08-10T18:00:00Z,88.5,0.0,0.0,0.0
3-5 дней,2026-08-07T05:36:00Z,2026-08-10T18:00:00Z,84.4,0.0,0.0,0.0
3-5 дней,2026-08-07T06:18:59Z,2026-08-10T18:00:00Z,83.7,0.0,0.0,0.0
3-5 дней,2026-08-07T07:13:52Z,2026-08-10T18:00:00Z,82.8,0.0,0.0,0.0
3-5 дней,2026-08-07T10:39:14Z,2026-08-10T18:00:00Z,79.3,0.0,0.0,0.0
3-5 дней,2026-08-07T16:51:54Z,2026-08-10T18:00:00Z,73.1,0.0,0.0,0.0
3-5 дней,2026-08-07T05:36:00Z,2026-08-11T06:00:00Z,96.4,0.0,0.0,0.0
3-5 дней,2026-08-07T06:18:59Z,2026-08-11T06:00:00Z,95.7,0.0,0.0,0.0
3-5 дней,2026-08-07T07:13:52Z,2026-08-11T06:00:00Z,94.8,0.0,0.0,0.0
3-5 дней,2026-08-07T10:39:14Z,2026-08-11T06:00:00Z,91.3,0.0,0.0,0.0
3-5 дней,2026-08-07T16:51:54Z,2026-08-11T06:00:00Z,85.1,0.0,0.0,0.0
3-5 дней,2026-08-07T22:45:57Z,2026-08-11T06:00:00Z,79.2,0.0,0.0,0.0
3-5 дней,2026-08-07T23:19:23Z,2026-08-11T06:00:00Z,78.7,0.0,0.0,0.0
3-5 дней,2026-08-08T04:50:53Z,2026-08-11T06:00:00Z,73.2,0.0,0.0,0.0
3-5 дней,2026-08-07T16:51:54Z,2026-08-11T18:00:00Z,97.1,0.0,0.0,0.0
3-5 дней,2026-08-07T22:45:57Z,2026-08-11T18:00:00Z,91.2,0.0,0.0,0.0
3-5 дней,2026-08-07T23:19:23Z,2026-08-11T18:00:00Z,90.7,0.0,0.0,0.0
3-5 дней,2026-08-08T04:50:53Z,2026-08-11T18:00:00Z,85.2,0.0,0.0,0.0
3-5 дней,2026-08-08T10:18:13Z,2026-08-11T18:00:00Z,79.7,0.0,0.0,0.0
3-5 дней,2026-08-08T04:50:53Z,2026-08-12T06:00:00Z,97.2,0.0,0.0,0.0
3-5 дней,2026-08-08T10:18:13Z,2026-08-12T06:00:00Z,91.7,0.0,0.0,0.0
3-5 дней,2026-08-08T22:37:20Z,2026-08-12T06:00:00Z,79.4,0.0,0.0,0.0
3-5 дней,2026-08-09T04:59:03Z,2026-08-12T06:00:00Z,73.0,0.0,0.0,0.0
3-5 дней,2026-08-08T22:37:20Z,2026-08-12T12:00:00Z,85.4,0.0,0.0,0.0
3-5 дней,2026-08-09T04:59:03Z,2026-08-12T12:00:00Z,79.0,0.0,0.0,0.0
3-5 дней,2026-08-09T10:19:29Z,2026-08-12T12:00:00Z,73.7,0.0,0.0,0.0
3-5 дней,2026-08-08T22:37:20Z,2026-08-12T18:00:00Z,91.4,0.0,0.0,0.0
3-5 дней,2026-08-09T04:59:03Z,2026-08-12T18:00:00Z,85.0,0.0,0.0,0.0
3-5 дней,2026-08-09T10:19:29Z,2026-08-12T18:00:00Z,79.7,0.0,0.0,0.0
3-5 дней,2026-08-09T12:41:38Z,2026-08-12T18:00:00Z,77.3,0.0,0.0,0.0
3-5 дней,2026-08-09T12:45:53Z,2026-08-12T18:00:00Z,77.2,0.0,0.0,0.0
3-5 дней,2026-08-09T12:48:15Z,2026-08-12T18:00:00Z,77.2,0.0,0.0,0.0
3-5 дней,2026-08-09T16:31:44Z,2026-08-12T18:00:00Z,73.5,0.0,0.0,0.0
3-5 дней,2026-08-09T04:59:03Z,2026-08-13T06:00:00Z,97.0,0.0,0.0,0.0
3-5 дней,2026-08-09T10:19:29Z,2026-08-13T06:00:00Z,91.7,0.0,0.0,0.0
3-5 дней,2026-08-09T12:41:38Z,2026-08-13T06:00:00Z,89.3,0.0,0.0,0.0
3-5 дней,2026-08-09T12:45:53Z,2026-08-13T06:00:00Z,89.2,0.0,0.0,0.0
3-5 дней,2026-08-09T12:48:15Z,2026-08-13T06:00:00Z,89.2,0.0,0.0,0.0
3-5 дней,2026-08-09T16:31:44Z,2026-08-13T06:00:00Z,85.5,0.0,0.0,0.0
3-5 дней,2026-08-09T22:39:09Z,2026-08-13T06:00:00Z,79.3,0.0,0.0,0.0
3-5 дней,2026-08-10T05:20:42Z,2026-08-13T06:00:00Z,72.7,0.0,0.0,0.0
3-5 дней,2026-08-09T16:31:44Z,2026-08-13T18:00:00Z,97.5,0.0,0.0,0.0
3-5 дней,2026-08-09T22:39:09Z,2026-08-13T18:00:00Z,91.3,0.0,0.0,0.0
3-5 дней,2026-08-10T05:20:42Z,2026-08-13T18:00:00Z,84.7,0.0,0.0,0.0
3-5 дней,2026-08-10T10:53:28Z,2026-08-13T18:00:00Z,79.1,0.0,0.0,0.0
3-5 дней,2026-08-10T16:52:05Z,2026-08-13T18:00:00Z,73.1,0.0,0.0,0.0
3-5 дней,2026-08-10T05:20:42Z,2026-08-14T06:00:00Z,96.7,0.0,0.0,0.0
3-5 дней,2026-08-10T10:53:28Z,2026-08-14T06:00:00Z,91.1,0.0,0.0,0.0
3-5 дней,2026-08-10T16:52:05Z,2026-08-14T06:00:00Z,85.1,0.0,0.0,0.0
3-5 дней,2026-08-10T22:47:13Z,2026-08-14T06:00:00Z,79.2,0.0,0.0,0.0
3-5 дней,2026-08-11T05:01:49Z,2026-08-14T06:00:00Z,73.0,0.0,0.0,0.0
3-5 дней,2026-08-10T10:53:28Z,2026-08-14T12:00:00Z,97.1,0.0,0.0,0.0
3-5 дней,2026-08-10T16:52:05Z,2026-08-14T12:00:00Z,91.1,0.0,0.0,0.0
3-5 дней,2026-08-10T22:47:13Z,2026-08-14T12:00:00Z,85.2,0.0,0.0,0.0
3-5 дней,2026-08-11T05:01:49Z,2026-08-14T12:00:00Z,79.0,0.0,0.0,0.0
3-5 дней,2026-08-11T10:38:45Z,2026-08-14T12:00:00Z,73.4,0.0,0.0,0.0
3-5 дней,2026-08-10T16:52:05Z,2026-08-14T18:00:00Z,97.1,0.0,0.0,0.0
3-5 дней,2026-08-10T22:47:13Z,2026-08-14T18:00:00Z,91.2,0.0,0.0,0.0
3-5 дней,2026-08-11T05:01:49Z,2026-08-14T18:00:00Z,85.0,0.0,0.0,0.0
3-5 дней,2026-08-11T10:38:45Z,2026-08-14T18:00:00Z,79.4,0.0,0.0,0.0
3-5 дней,2026-08-11T05:01:49Z,2026-08-15T06:00:00Z,97.0,0.0,0.0,0.0
3-5 дней,2026-08-11T10:38:45Z,2026-08-15T06:00:00Z,91.4,0.0,0.0,0.0
3-5 дней,2026-08-12T06:05:22Z,2026-08-15T18:00:00Z,83.9,0.0,0.0,0.0
3-5 дней,2026-08-12T10:47:03Z,2026-08-15T18:00:00Z,79.2,0.0,0.0,0.0
3-5 дней,2026-08-12T16:54:57Z,2026-08-15T18:00:00Z,73.1,0.0,0.0,0.0
3-5 дней,2026-08-12T06:05:22Z,2026-08-16T06:00:00Z,95.9,0.0,0.0,0.0
3-5 дней,2026-08-12T10:47:03Z,2026-08-16T06:00:00Z,91.2,0.0,0.0,0.0
3-5 дней,2026-08-12T16:54:57Z,2026-08-16T06:00:00Z,85.1,0.0,0.0,0.0
3-5 дней,2026-08-12T22:50:47Z,2026-08-16T06:00:00Z,79.2,0.0,0.0,0.0
3-5 дней,2026-08-13T05:30:08Z,2026-08-16T06:00:00Z,72.5,0.0,0.0,0.0
3-5 дней,2026-08-12T16:54:57Z,2026-08-16T18:00:00Z,97.1,0.0,0.0,0.0
3-5 дней,2026-08-12T22:50:47Z,2026-08-16T18:00:00Z,91.2,0.0,0.0,0.0
3-5 дней,2026-08-13T05:30:08Z,2026-08-16T18:00:00Z,84.5,0.0,0.0,0.0
3-5 дней,2026-08-13T10:49:01Z,2026-08-16T18:00:00Z,79.2,0.0,0.0,0.0
3-5 дней,2026-08-13T16:36:10Z,2026-08-16T18:00:00Z,73.4,0.0,0.0,0.0
3-5 дней,2026-08-13T16:42:24Z,2026-08-16T18:00:00Z,73.3,0.0,0.0,0.0
3-5 дней,2026-08-13T16:54:22Z,2026-08-16T18:00:00Z,73.1,0.0,0.0,0.0
3-5 дней,2026-08-13T05:30:08Z,2026-08-17T06:00:00Z,96.5,0.0,0.0,0.0
3-5 дней,2026-08-13T10:49:01Z,2026-08-17T06:00:00Z,91.2,0.0,0.0,0.0
3-5 дней,2026-08-13T16:36:10Z,2026-08-17T06:00:00Z,85.4,0.0,0.0,0.0
3-5 дней,2026-08-13T16:42:24Z,2026-08-17T06:00:00Z,85.3,0.0,0.0,0.0
3-5 дней,2026-08-13T16:54:22Z,2026-08-17T06:00:00Z,85.1,0.0,0.0,0.0
3-5 дней,2026-08-13T22:52:17Z,2026-08-17T06:00:00Z,79.1,0.0,0.0,0.0
3-5 дней,2026-08-14T05:28:14Z,2026-08-17T06:00:00Z,72.5,0.0,0.0,0.0
3-5 дней,2026-08-13T10:49:01Z,2026-08-17T12:00:00Z,97.2,0.0,0.0,0.0
3-5 дней,2026-08-13T16:36:10Z,2026-08-17T12:00:00Z,91.4,0.0,0.0,0.0
3-5 дней,2026-08-13T16:42:24Z,2026-08-17T12:00:00Z,91.3,0.0,0.0,0.0
3-5 дней,2026-08-13T16:54:22Z,2026-08-17T12:00:00Z,91.1,0.0,0.0,0.0
3-5 дней,2026-08-13T22:52:17Z,2026-08-17T12:00:00Z,85.1,0.0,0.0,0.0
3-5 дней,2026-08-14T05:28:14Z,2026-08-17T12:00:00Z,78.5,0.0,0.0,0.0
3-5 дней,2026-08-14T10:44:54Z,2026-08-17T12:00:00Z,73.3,0.0,0.0,0.0
3-5 дней,2026-08-13T16:36:10Z,2026-08-17T18:00:00Z,97.4,0.0,0.0,0.0
3-5 дней,2026-08-13T16:42:24Z,2026-08-17T18:00:00Z,97.3,0.0,0.0,0.0
3-5 дней,2026-08-13T16:54:22Z,2026-08-17T18:00:00Z,97.1,0.0,0.0,0.0
3-5 дней,2026-08-13T22:52:17Z,2026-08-17T18:00:00Z,91.1,0.0,0.0,0.0
3-5 дней,2026-08-14T05:28:14Z,2026-08-17T18:00:00Z,84.5,0.0,0.0,0.0
3-5 дней,2026-08-14T10:44:54Z,2026-08-17T18:00:00Z,79.3,0.0,0.0,0.0
3-5 дней,2026-08-14T16:48:33Z,2026-08-17T18:00:00Z,73.2,0.0,0.0,0.0
3-5 дней,2026-08-14T05:28:14Z,2026-08-18T06:00:00Z,96.5,3.4,0.6,2.8
3-5 дней,2026-08-14T10:44:54Z,2026-08-18T06:00:00Z,91.3,0.3,0.6,-0.3
3-5 дней,2026-08-14T16:48:33Z,2026-08-18T06:00:00Z,85.2,2.0,0.6,1.4
3-5 дней,2026-08-14T22:30:55Z,2026-08-18T06:00:00Z,79.5,7.2,0.6,6.6
3-5 дней,2026-08-15T04:24:15Z,2026-08-18T06:00:00Z,73.6,5.9,0.6,5.3
3-5 дней,2026-08-14T10:44:54Z,2026-08-18T12:00:00Z,97.3,0.0,0.1,-0.1
3-5 дней,2026-08-14T16:48:33Z,2026-08-18T12:00:00Z,91.2,0.0,0.1,-0.1
3-5 дней,2026-08-14T22:30:55Z,2026-08-18T12:00:00Z,85.5,0.0,0.1,-0.1
3-5 дней,2026-08-15T04:24:15Z,2026-08-18T12:00:00Z,79.6,0.1,0.1,0.0
3-5 дней,2026-08-15T10:09:15Z,2026-08-18T12:00:00Z,73.8,0.1,0.1,0.0
3-5 дней,2026-08-14T16:48:33Z,2026-08-18T18:00:00Z,97.2,0.0,0.1,-0.1
3-5 дней,2026-08-14T22:30:55Z,2026-08-18T18:00:00Z,91.5,0.0,0.1,-0.1
3-5 дней,2026-08-15T04:24:15Z,2026-08-18T18:00:00Z,85.6,0.1,0.1,0.0
3-5 дней,2026-08-15T10:09:15Z,2026-08-18T18:00:00Z,79.8,0.1,0.1,0.0
3-5 дней,2026-08-15T16:20:39Z,2026-08-18T18:00:00Z,73.7,0.0,0.1,-0.1
3-5 дней,2026-08-15T04:24:15Z,2026-08-19T06:00:00Z,97.6,0.0,0.0,0.0
3-5 дней,2026-08-15T10:09:15Z,2026-08-19T06:00:00Z,91.8,0.0,0.0,0.0
3-5 дней,2026-08-15T16:20:39Z,2026-08-19T06:00:00Z,85.7,0.0,0.0,0.0
3-5 дней,2026-08-15T22:29:33Z,2026-08-19T06:00:00Z,79.5,0.0,0.0,0.0
3-5 дней,2026-08-16T04:29:41Z,2026-08-19T06:00:00Z,73.5,0.0,0.0,0.0
