# Нови-Сад / Осадки / 0-6ч, 6-24ч, 1-2 дня, 2-3 дня, 3-5 дней, 5-10 дней / GEM (Канада)
# n=652, порог дождя = 0.2 мм
# POD=0.0, FAR=1.0, CSI=0.0, MAE=0.051 мм, bias=+0.044 мм
# CSI = hits / (hits + misses + false_alarms); hit = прогноз>=порога И факт>=порога
# «Общий» = объединённый пул пар из периодов: 0-6ч, 6-24ч, 1-2 дня, 2-3 дня, 3-5 дней, 5-10 дней - метрика посчитана заново по всему пулу, а не усреднена по периодам
#
bucket,fetched_at,valid_time,lead_hours,forecast,observed,error
0-6ч,2026-08-06T09:50:07Z,2026-08-06T12:00:00Z,2.2,0.0,0.0,0.0
0-6ч,2026-08-06T09:59:18Z,2026-08-06T12:00:00Z,2.0,0.0,0.0,0.0
0-6ч,2026-08-06T10:08:26Z,2026-08-06T12:00:00Z,1.9,0.0,0.0,0.0
0-6ч,2026-08-06T10:47:54Z,2026-08-06T12:00:00Z,1.2,0.0,0.0,0.0
0-6ч,2026-08-06T11:30:42Z,2026-08-06T12:00:00Z,0.5,0.0,0.0,0.0
0-6ч,2026-08-06T11:36:01Z,2026-08-06T12:00:00Z,0.4,0.0,0.0,0.0
0-6ч,2026-08-06T11:44:08Z,2026-08-06T12:00:00Z,0.3,0.0,0.0,0.0
0-6ч,2026-08-07T16:51:54Z,2026-08-07T18:00:00Z,1.1,1.1,0.0,1.1
0-6ч,2026-08-08T10:18:13Z,2026-08-08T12:00:00Z,1.7,0.4,0.0,0.4
0-6ч,2026-08-09T10:19:29Z,2026-08-09T12:00:00Z,1.7,0.0,0.0,0.0
0-6ч,2026-08-09T12:41:38Z,2026-08-09T18:00:00Z,5.3,0.0,0.0,0.0
0-6ч,2026-08-09T12:45:53Z,2026-08-09T18:00:00Z,5.2,0.0,0.0,0.0
0-6ч,2026-08-09T12:48:15Z,2026-08-09T18:00:00Z,5.2,0.0,0.0,0.0
0-6ч,2026-08-09T16:31:44Z,2026-08-09T18:00:00Z,1.5,0.0,0.0,0.0
0-6ч,2026-08-10T16:52:05Z,2026-08-10T18:00:00Z,1.1,0.0,0.0,0.0
0-6ч,2026-08-12T06:05:22Z,2026-08-12T12:00:00Z,5.9,0.0,0.0,0.0
0-6ч,2026-08-12T10:47:03Z,2026-08-12T12:00:00Z,1.2,0.0,0.0,0.0
0-6ч,2026-08-12T16:54:57Z,2026-08-12T18:00:00Z,1.1,0.0,0.0,0.0
0-6ч,2026-08-13T16:36:10Z,2026-08-13T18:00:00Z,1.4,0.0,0.0,0.0
0-6ч,2026-08-13T16:42:24Z,2026-08-13T18:00:00Z,1.3,0.0,0.0,0.0
0-6ч,2026-08-13T16:54:22Z,2026-08-13T18:00:00Z,1.1,0.0,0.0,0.0
0-6ч,2026-08-14T10:44:54Z,2026-08-14T12:00:00Z,1.3,0.0,0.0,0.0
0-6ч,2026-08-14T16:48:33Z,2026-08-14T18:00:00Z,1.2,0.0,0.0,0.0
0-6ч,2026-08-15T16:20:39Z,2026-08-15T18:00:00Z,1.7,0.0,0.0,0.0
6-24ч,2026-08-06T09:50:07Z,2026-08-06T18:00:00Z,8.2,0.0,0.3,-0.3
6-24ч,2026-08-06T09:59:18Z,2026-08-06T18:00:00Z,8.0,0.0,0.3,-0.3
6-24ч,2026-08-06T10:08:26Z,2026-08-06T18:00:00Z,7.9,0.0,0.3,-0.3
6-24ч,2026-08-06T10:47:54Z,2026-08-06T18:00:00Z,7.2,0.0,0.3,-0.3
6-24ч,2026-08-06T11:30:42Z,2026-08-06T18:00:00Z,6.5,0.0,0.3,-0.3
6-24ч,2026-08-06T11:36:01Z,2026-08-06T18:00:00Z,6.4,0.0,0.3,-0.3
6-24ч,2026-08-06T11:44:08Z,2026-08-06T18:00:00Z,6.3,0.0,0.3,-0.3
6-24ч,2026-08-06T09:50:07Z,2026-08-07T06:00:00Z,20.2,1.0,0.0,1.0
6-24ч,2026-08-06T09:59:18Z,2026-08-07T06:00:00Z,20.0,1.0,0.0,1.0
6-24ч,2026-08-06T10:08:26Z,2026-08-07T06:00:00Z,19.9,1.0,0.0,1.0
6-24ч,2026-08-06T10:47:54Z,2026-08-07T06:00:00Z,19.2,1.0,0.0,1.0
6-24ч,2026-08-06T11:30:42Z,2026-08-07T06:00:00Z,18.5,1.0,0.0,1.0
6-24ч,2026-08-06T11:36:01Z,2026-08-07T06:00:00Z,18.4,1.0,0.0,1.0
6-24ч,2026-08-06T11:44:08Z,2026-08-07T06:00:00Z,18.3,1.0,0.0,1.0
6-24ч,2026-08-07T01:31:32Z,2026-08-07T18:00:00Z,16.5,0.4,0.0,0.4
6-24ч,2026-08-07T05:36:00Z,2026-08-07T18:00:00Z,12.4,0.4,0.0,0.4
6-24ч,2026-08-07T06:18:59Z,2026-08-07T18:00:00Z,11.7,1.1,0.0,1.1
6-24ч,2026-08-07T07:13:52Z,2026-08-07T18:00:00Z,10.8,1.1,0.0,1.1
6-24ч,2026-08-07T10:39:14Z,2026-08-07T18:00:00Z,7.3,1.1,0.0,1.1
6-24ч,2026-08-07T06:18:59Z,2026-08-08T06:00:00Z,23.7,0.3,0.0,0.3
6-24ч,2026-08-07T07:13:52Z,2026-08-08T06:00:00Z,22.8,0.3,0.0,0.3
6-24ч,2026-08-07T10:39:14Z,2026-08-08T06:00:00Z,19.3,0.3,0.0,0.3
6-24ч,2026-08-07T16:51:54Z,2026-08-08T06:00:00Z,13.1,0.3,0.0,0.3
6-24ч,2026-08-07T22:45:57Z,2026-08-08T06:00:00Z,7.2,0.0,0.0,0.0
6-24ч,2026-08-07T23:19:23Z,2026-08-08T06:00:00Z,6.7,0.0,0.0,0.0
6-24ч,2026-08-07T16:51:54Z,2026-08-08T12:00:00Z,19.1,0.0,0.0,0.0
6-24ч,2026-08-07T22:45:57Z,2026-08-08T12:00:00Z,13.2,0.0,0.0,0.0
6-24ч,2026-08-07T23:19:23Z,2026-08-08T12:00:00Z,12.7,0.0,0.0,0.0
6-24ч,2026-08-08T04:50:53Z,2026-08-08T12:00:00Z,7.2,0.0,0.0,0.0
6-24ч,2026-08-07T22:45:57Z,2026-08-08T18:00:00Z,19.2,0.0,0.0,0.0
6-24ч,2026-08-07T23:19:23Z,2026-08-08T18:00:00Z,18.7,0.0,0.0,0.0
6-24ч,2026-08-08T04:50:53Z,2026-08-08T18:00:00Z,13.2,0.0,0.0,0.0
6-24ч,2026-08-08T10:18:13Z,2026-08-08T18:00:00Z,7.7,0.4,0.0,0.4
6-24ч,2026-08-08T10:18:13Z,2026-08-09T06:00:00Z,19.7,0.0,0.0,0.0
6-24ч,2026-08-08T22:37:20Z,2026-08-09T06:00:00Z,7.4,0.0,0.0,0.0
6-24ч,2026-08-08T22:37:20Z,2026-08-09T12:00:00Z,13.4,0.0,0.0,0.0
6-24ч,2026-08-09T04:59:03Z,2026-08-09T12:00:00Z,7.0,0.0,0.0,0.0
6-24ч,2026-08-08T22:37:20Z,2026-08-09T18:00:00Z,19.4,0.0,0.0,0.0
6-24ч,2026-08-09T04:59:03Z,2026-08-09T18:00:00Z,13.0,0.0,0.0,0.0
6-24ч,2026-08-09T10:19:29Z,2026-08-09T18:00:00Z,7.7,0.0,0.0,0.0
6-24ч,2026-08-09T10:19:29Z,2026-08-10T06:00:00Z,19.7,0.0,0.0,0.0
6-24ч,2026-08-09T12:41:38Z,2026-08-10T06:00:00Z,17.3,0.0,0.0,0.0
6-24ч,2026-08-09T12:45:53Z,2026-08-10T06:00:00Z,17.2,0.0,0.0,0.0
6-24ч,2026-08-09T12:48:15Z,2026-08-10T06:00:00Z,17.2,0.0,0.0,0.0
6-24ч,2026-08-09T16:31:44Z,2026-08-10T06:00:00Z,13.5,0.0,0.0,0.0
6-24ч,2026-08-09T22:39:09Z,2026-08-10T06:00:00Z,7.3,0.0,0.0,0.0
6-24ч,2026-08-09T22:39:09Z,2026-08-10T18:00:00Z,19.3,0.0,0.0,0.0
6-24ч,2026-08-10T05:20:42Z,2026-08-10T18:00:00Z,12.7,0.0,0.0,0.0
6-24ч,2026-08-10T10:53:28Z,2026-08-10T18:00:00Z,7.1,0.0,0.0,0.0
6-24ч,2026-08-10T10:53:28Z,2026-08-11T06:00:00Z,19.1,0.0,0.0,0.0
6-24ч,2026-08-10T16:52:05Z,2026-08-11T06:00:00Z,13.1,0.0,0.0,0.0
6-24ч,2026-08-10T22:47:13Z,2026-08-11T06:00:00Z,7.2,0.0,0.0,0.0
6-24ч,2026-08-10T22:47:13Z,2026-08-11T18:00:00Z,19.2,0.0,0.0,0.0
6-24ч,2026-08-11T05:01:49Z,2026-08-11T18:00:00Z,13.0,0.0,0.0,0.0
6-24ч,2026-08-11T10:38:45Z,2026-08-11T18:00:00Z,7.4,0.6,0.0,0.6
6-24ч,2026-08-11T10:38:45Z,2026-08-12T06:00:00Z,19.4,0.7,0.0,0.7
6-24ч,2026-08-12T06:05:22Z,2026-08-12T18:00:00Z,11.9,0.0,0.0,0.0
6-24ч,2026-08-12T10:47:03Z,2026-08-12T18:00:00Z,7.2,0.0,0.0,0.0
6-24ч,2026-08-12T06:05:22Z,2026-08-13T06:00:00Z,23.9,0.0,0.0,0.0
6-24ч,2026-08-12T10:47:03Z,2026-08-13T06:00:00Z,19.2,0.0,0.0,0.0
6-24ч,2026-08-12T16:54:57Z,2026-08-13T06:00:00Z,13.1,0.0,0.0,0.0
6-24ч,2026-08-12T22:50:47Z,2026-08-13T06:00:00Z,7.2,0.0,0.0,0.0
6-24ч,2026-08-12T22:50:47Z,2026-08-13T18:00:00Z,19.2,0.0,0.0,0.0
6-24ч,2026-08-13T05:30:08Z,2026-08-13T18:00:00Z,12.5,0.0,0.0,0.0
6-24ч,2026-08-13T10:49:01Z,2026-08-13T18:00:00Z,7.2,0.0,0.0,0.0
6-24ч,2026-08-13T10:49:01Z,2026-08-14T06:00:00Z,19.2,0.0,0.0,0.0
6-24ч,2026-08-13T16:36:10Z,2026-08-14T06:00:00Z,13.4,0.0,0.0,0.0
6-24ч,2026-08-13T16:42:24Z,2026-08-14T06:00:00Z,13.3,0.0,0.0,0.0
6-24ч,2026-08-13T16:54:22Z,2026-08-14T06:00:00Z,13.1,0.0,0.0,0.0
6-24ч,2026-08-13T22:52:17Z,2026-08-14T06:00:00Z,7.1,0.0,0.0,0.0
6-24ч,2026-08-13T16:36:10Z,2026-08-14T12:00:00Z,19.4,0.0,0.0,0.0
6-24ч,2026-08-13T16:42:24Z,2026-08-14T12:00:00Z,19.3,0.0,0.0,0.0
6-24ч,2026-08-13T16:54:22Z,2026-08-14T12:00:00Z,19.1,0.0,0.0,0.0
6-24ч,2026-08-13T22:52:17Z,2026-08-14T12:00:00Z,13.1,0.0,0.0,0.0
6-24ч,2026-08-14T05:28:14Z,2026-08-14T12:00:00Z,6.5,0.0,0.0,0.0
6-24ч,2026-08-13T22:52:17Z,2026-08-14T18:00:00Z,19.1,0.0,0.0,0.0
6-24ч,2026-08-14T05:28:14Z,2026-08-14T18:00:00Z,12.5,0.0,0.0,0.0
6-24ч,2026-08-14T10:44:54Z,2026-08-14T18:00:00Z,7.3,0.0,0.0,0.0
6-24ч,2026-08-14T10:44:54Z,2026-08-15T06:00:00Z,19.3,0.0,0.0,0.0
6-24ч,2026-08-14T16:48:33Z,2026-08-15T06:00:00Z,13.2,0.0,0.0,0.0
6-24ч,2026-08-14T22:30:55Z,2026-08-15T06:00:00Z,7.5,0.0,0.0,0.0
6-24ч,2026-08-14T22:30:55Z,2026-08-15T18:00:00Z,19.5,0.0,0.0,0.0
6-24ч,2026-08-15T04:24:15Z,2026-08-15T18:00:00Z,13.6,0.0,0.0,0.0
6-24ч,2026-08-15T10:09:15Z,2026-08-15T18:00:00Z,7.8,0.0,0.0,0.0
1-2 дня,2026-08-06T09:50:07Z,2026-08-07T18:00:00Z,32.2,0.5,0.0,0.5
1-2 дня,2026-08-06T09:59:18Z,2026-08-07T18:00:00Z,32.0,0.5,0.0,0.5
1-2 дня,2026-08-06T10:08:26Z,2026-08-07T18:00:00Z,31.9,0.5,0.0,0.5
1-2 дня,2026-08-06T10:47:54Z,2026-08-07T18:00:00Z,31.2,0.5,0.0,0.5
1-2 дня,2026-08-06T11:30:42Z,2026-08-07T18:00:00Z,30.5,0.5,0.0,0.5
1-2 дня,2026-08-06T11:36:01Z,2026-08-07T18:00:00Z,30.4,0.5,0.0,0.5
1-2 дня,2026-08-06T11:44:08Z,2026-08-07T18:00:00Z,30.3,0.5,0.0,0.5
1-2 дня,2026-08-06T09:50:07Z,2026-08-08T06:00:00Z,44.2,0.0,0.0,0.0
1-2 дня,2026-08-06T09:59:18Z,2026-08-08T06:00:00Z,44.0,0.0,0.0,0.0
1-2 дня,2026-08-06T10:08:26Z,2026-08-08T06:00:00Z,43.9,0.0,0.0,0.0
1-2 дня,2026-08-06T10:47:54Z,2026-08-08T06:00:00Z,43.2,0.0,0.0,0.0
1-2 дня,2026-08-06T11:30:42Z,2026-08-08T06:00:00Z,42.5,0.0,0.0,0.0
1-2 дня,2026-08-06T11:36:01Z,2026-08-08T06:00:00Z,42.4,0.0,0.0,0.0
1-2 дня,2026-08-06T11:44:08Z,2026-08-08T06:00:00Z,42.3,0.0,0.0,0.0
1-2 дня,2026-08-07T01:31:32Z,2026-08-08T06:00:00Z,28.5,0.2,0.0,0.2
1-2 дня,2026-08-07T05:36:00Z,2026-08-08T06:00:00Z,24.4,0.2,0.0,0.2
1-2 дня,2026-08-07T01:31:32Z,2026-08-08T12:00:00Z,34.5,0.2,0.0,0.2
1-2 дня,2026-08-07T05:36:00Z,2026-08-08T12:00:00Z,30.4,0.2,0.0,0.2
1-2 дня,2026-08-07T06:18:59Z,2026-08-08T12:00:00Z,29.7,0.0,0.0,0.0
1-2 дня,2026-08-07T07:13:52Z,2026-08-08T12:00:00Z,28.8,0.0,0.0,0.0
1-2 дня,2026-08-07T10:39:14Z,2026-08-08T12:00:00Z,25.3,0.0,0.0,0.0
1-2 дня,2026-08-07T01:31:32Z,2026-08-08T18:00:00Z,40.5,0.2,0.0,0.2
1-2 дня,2026-08-07T05:36:00Z,2026-08-08T18:00:00Z,36.4,0.2,0.0,0.2
1-2 дня,2026-08-07T06:18:59Z,2026-08-08T18:00:00Z,35.7,0.0,0.0,0.0
1-2 дня,2026-08-07T07:13:52Z,2026-08-08T18:00:00Z,34.8,0.0,0.0,0.0
1-2 дня,2026-08-07T10:39:14Z,2026-08-08T18:00:00Z,31.3,0.0,0.0,0.0
1-2 дня,2026-08-07T16:51:54Z,2026-08-08T18:00:00Z,25.1,0.0,0.0,0.0
1-2 дня,2026-08-07T06:18:59Z,2026-08-09T06:00:00Z,47.7,0.6,0.0,0.6
1-2 дня,2026-08-07T07:13:52Z,2026-08-09T06:00:00Z,46.8,0.6,0.0,0.6
1-2 дня,2026-08-07T10:39:14Z,2026-08-09T06:00:00Z,43.3,0.6,0.0,0.6
1-2 дня,2026-08-07T16:51:54Z,2026-08-09T06:00:00Z,37.1,0.6,0.0,0.6
1-2 дня,2026-08-07T22:45:57Z,2026-08-09T06:00:00Z,31.2,0.1,0.0,0.1
1-2 дня,2026-08-07T23:19:23Z,2026-08-09T06:00:00Z,30.7,0.1,0.0,0.1
1-2 дня,2026-08-08T04:50:53Z,2026-08-09T06:00:00Z,25.2,0.1,0.0,0.1
1-2 дня,2026-08-07T16:51:54Z,2026-08-09T12:00:00Z,43.1,0.0,0.0,0.0
1-2 дня,2026-08-07T22:45:57Z,2026-08-09T12:00:00Z,37.2,0.0,0.0,0.0
1-2 дня,2026-08-07T23:19:23Z,2026-08-09T12:00:00Z,36.7,0.0,0.0,0.0
1-2 дня,2026-08-08T04:50:53Z,2026-08-09T12:00:00Z,31.2,0.0,0.0,0.0
1-2 дня,2026-08-08T10:18:13Z,2026-08-09T12:00:00Z,25.7,0.0,0.0,0.0
1-2 дня,2026-08-07T22:45:57Z,2026-08-09T18:00:00Z,43.2,0.0,0.0,0.0
1-2 дня,2026-08-07T23:19:23Z,2026-08-09T18:00:00Z,42.7,0.0,0.0,0.0
1-2 дня,2026-08-08T04:50:53Z,2026-08-09T18:00:00Z,37.2,0.0,0.0,0.0
1-2 дня,2026-08-08T10:18:13Z,2026-08-09T18:00:00Z,31.7,0.0,0.0,0.0
1-2 дня,2026-08-08T10:18:13Z,2026-08-10T06:00:00Z,43.7,0.0,0.0,0.0
1-2 дня,2026-08-08T22:37:20Z,2026-08-10T06:00:00Z,31.4,0.0,0.0,0.0
1-2 дня,2026-08-09T04:59:03Z,2026-08-10T06:00:00Z,25.0,0.0,0.0,0.0
1-2 дня,2026-08-08T22:37:20Z,2026-08-10T18:00:00Z,43.4,0.0,0.0,0.0
1-2 дня,2026-08-09T04:59:03Z,2026-08-10T18:00:00Z,37.0,0.0,0.0,0.0
1-2 дня,2026-08-09T10:19:29Z,2026-08-10T18:00:00Z,31.7,0.0,0.0,0.0
1-2 дня,2026-08-09T12:41:38Z,2026-08-10T18:00:00Z,29.3,0.0,0.0,0.0
1-2 дня,2026-08-09T12:45:53Z,2026-08-10T18:00:00Z,29.2,0.0,0.0,0.0
1-2 дня,2026-08-09T12:48:15Z,2026-08-10T18:00:00Z,29.2,0.0,0.0,0.0
1-2 дня,2026-08-09T16:31:44Z,2026-08-10T18:00:00Z,25.5,0.0,0.0,0.0
1-2 дня,2026-08-09T10:19:29Z,2026-08-11T06:00:00Z,43.7,0.0,0.0,0.0
1-2 дня,2026-08-09T12:41:38Z,2026-08-11T06:00:00Z,41.3,0.0,0.0,0.0
1-2 дня,2026-08-09T12:45:53Z,2026-08-11T06:00:00Z,41.2,0.0,0.0,0.0
1-2 дня,2026-08-09T12:48:15Z,2026-08-11T06:00:00Z,41.2,0.0,0.0,0.0
1-2 дня,2026-08-09T16:31:44Z,2026-08-11T06:00:00Z,37.5,0.0,0.0,0.0
1-2 дня,2026-08-09T22:39:09Z,2026-08-11T06:00:00Z,31.3,0.0,0.0,0.0
1-2 дня,2026-08-10T05:20:42Z,2026-08-11T06:00:00Z,24.7,0.0,0.0,0.0
1-2 дня,2026-08-09T22:39:09Z,2026-08-11T18:00:00Z,43.3,0.0,0.0,0.0
1-2 дня,2026-08-10T05:20:42Z,2026-08-11T18:00:00Z,36.7,0.0,0.0,0.0
1-2 дня,2026-08-10T10:53:28Z,2026-08-11T18:00:00Z,31.1,0.9,0.0,0.9
1-2 дня,2026-08-10T16:52:05Z,2026-08-11T18:00:00Z,25.1,0.9,0.0,0.9
1-2 дня,2026-08-10T10:53:28Z,2026-08-12T06:00:00Z,43.1,0.4,0.0,0.4
1-2 дня,2026-08-10T16:52:05Z,2026-08-12T06:00:00Z,37.1,0.4,0.0,0.4
1-2 дня,2026-08-10T22:47:13Z,2026-08-12T06:00:00Z,31.2,0.0,0.0,0.0
1-2 дня,2026-08-11T05:01:49Z,2026-08-12T06:00:00Z,25.0,0.0,0.0,0.0
1-2 дня,2026-08-10T16:52:05Z,2026-08-12T12:00:00Z,43.1,0.0,0.0,0.0
1-2 дня,2026-08-10T22:47:13Z,2026-08-12T12:00:00Z,37.2,0.0,0.0,0.0
1-2 дня,2026-08-11T05:01:49Z,2026-08-12T12:00:00Z,31.0,0.0,0.0,0.0
1-2 дня,2026-08-11T10:38:45Z,2026-08-12T12:00:00Z,25.4,0.0,0.0,0.0
1-2 дня,2026-08-10T22:47:13Z,2026-08-12T18:00:00Z,43.2,0.0,0.0,0.0
1-2 дня,2026-08-11T05:01:49Z,2026-08-12T18:00:00Z,37.0,0.0,0.0,0.0
1-2 дня,2026-08-11T10:38:45Z,2026-08-12T18:00:00Z,31.4,0.0,0.0,0.0
1-2 дня,2026-08-11T10:38:45Z,2026-08-13T06:00:00Z,43.4,0.0,0.0,0.0
1-2 дня,2026-08-12T06:05:22Z,2026-08-13T18:00:00Z,35.9,0.0,0.0,0.0
1-2 дня,2026-08-12T10:47:03Z,2026-08-13T18:00:00Z,31.2,0.0,0.0,0.0
1-2 дня,2026-08-12T16:54:57Z,2026-08-13T18:00:00Z,25.1,0.0,0.0,0.0
1-2 дня,2026-08-12T06:05:22Z,2026-08-14T06:00:00Z,47.9,0.0,0.0,0.0
1-2 дня,2026-08-12T10:47:03Z,2026-08-14T06:00:00Z,43.2,0.0,0.0,0.0
1-2 дня,2026-08-12T16:54:57Z,2026-08-14T06:00:00Z,37.1,0.0,0.0,0.0
1-2 дня,2026-08-12T22:50:47Z,2026-08-14T06:00:00Z,31.2,0.0,0.0,0.0
1-2 дня,2026-08-13T05:30:08Z,2026-08-14T06:00:00Z,24.5,0.0,0.0,0.0
1-2 дня,2026-08-12T16:54:57Z,2026-08-14T12:00:00Z,43.1,0.0,0.0,0.0
1-2 дня,2026-08-12T22:50:47Z,2026-08-14T12:00:00Z,37.2,0.0,0.0,0.0
1-2 дня,2026-08-13T05:30:08Z,2026-08-14T12:00:00Z,30.5,0.0,0.0,0.0
1-2 дня,2026-08-13T10:49:01Z,2026-08-14T12:00:00Z,25.2,0.0,0.0,0.0
1-2 дня,2026-08-12T22:50:47Z,2026-08-14T18:00:00Z,43.2,0.0,0.0,0.0
1-2 дня,2026-08-13T05:30:08Z,2026-08-14T18:00:00Z,36.5,0.0,0.0,0.0
1-2 дня,2026-08-13T10:49:01Z,2026-08-14T18:00:00Z,31.2,0.0,0.0,0.0
1-2 дня,2026-08-13T16:36:10Z,2026-08-14T18:00:00Z,25.4,0.0,0.0,0.0
1-2 дня,2026-08-13T16:42:24Z,2026-08-14T18:00:00Z,25.3,0.0,0.0,0.0
1-2 дня,2026-08-13T16:54:22Z,2026-08-14T18:00:00Z,25.1,0.0,0.0,0.0
1-2 дня,2026-08-13T10:49:01Z,2026-08-15T06:00:00Z,43.2,0.0,0.0,0.0
1-2 дня,2026-08-13T16:36:10Z,2026-08-15T06:00:00Z,37.4,0.0,0.0,0.0
1-2 дня,2026-08-13T16:42:24Z,2026-08-15T06:00:00Z,37.3,0.0,0.0,0.0
1-2 дня,2026-08-13T16:54:22Z,2026-08-15T06:00:00Z,37.1,0.0,0.0,0.0
1-2 дня,2026-08-13T22:52:17Z,2026-08-15T06:00:00Z,31.1,0.0,0.0,0.0
1-2 дня,2026-08-14T05:28:14Z,2026-08-15T06:00:00Z,24.5,0.0,0.0,0.0
1-2 дня,2026-08-13T22:52:17Z,2026-08-15T18:00:00Z,43.1,0.0,0.0,0.0
1-2 дня,2026-08-14T05:28:14Z,2026-08-15T18:00:00Z,36.5,0.0,0.0,0.0
1-2 дня,2026-08-14T10:44:54Z,2026-08-15T18:00:00Z,31.3,0.0,0.0,0.0
1-2 дня,2026-08-14T16:48:33Z,2026-08-15T18:00:00Z,25.2,0.0,0.0,0.0
2-3 дня,2026-08-06T09:50:07Z,2026-08-08T12:00:00Z,50.2,0.0,0.0,0.0
2-3 дня,2026-08-06T09:59:18Z,2026-08-08T12:00:00Z,50.0,0.0,0.0,0.0
2-3 дня,2026-08-06T10:08:26Z,2026-08-08T12:00:00Z,49.9,0.0,0.0,0.0
2-3 дня,2026-08-06T10:47:54Z,2026-08-08T12:00:00Z,49.2,0.0,0.0,0.0
2-3 дня,2026-08-06T11:30:42Z,2026-08-08T12:00:00Z,48.5,0.0,0.0,0.0
2-3 дня,2026-08-06T11:36:01Z,2026-08-08T12:00:00Z,48.4,0.0,0.0,0.0
2-3 дня,2026-08-06T11:44:08Z,2026-08-08T12:00:00Z,48.3,0.0,0.0,0.0
2-3 дня,2026-08-06T09:50:07Z,2026-08-08T18:00:00Z,56.2,0.0,0.0,0.0
2-3 дня,2026-08-06T09:59:18Z,2026-08-08T18:00:00Z,56.0,0.0,0.0,0.0
2-3 дня,2026-08-06T10:08:26Z,2026-08-08T18:00:00Z,55.9,0.0,0.0,0.0
2-3 дня,2026-08-06T10:47:54Z,2026-08-08T18:00:00Z,55.2,0.0,0.0,0.0
2-3 дня,2026-08-06T11:30:42Z,2026-08-08T18:00:00Z,54.5,0.0,0.0,0.0
2-3 дня,2026-08-06T11:36:01Z,2026-08-08T18:00:00Z,54.4,0.0,0.0,0.0
2-3 дня,2026-08-06T11:44:08Z,2026-08-08T18:00:00Z,54.3,0.0,0.0,0.0
2-3 дня,2026-08-06T09:50:07Z,2026-08-09T06:00:00Z,68.2,0.0,0.0,0.0
2-3 дня,2026-08-06T09:59:18Z,2026-08-09T06:00:00Z,68.0,0.0,0.0,0.0
2-3 дня,2026-08-06T10:08:26Z,2026-08-09T06:00:00Z,67.9,0.0,0.0,0.0
2-3 дня,2026-08-06T10:47:54Z,2026-08-09T06:00:00Z,67.2,0.0,0.0,0.0
2-3 дня,2026-08-06T11:30:42Z,2026-08-09T06:00:00Z,66.5,0.0,0.0,0.0
2-3 дня,2026-08-06T11:36:01Z,2026-08-09T06:00:00Z,66.4,0.0,0.0,0.0
2-3 дня,2026-08-06T11:44:08Z,2026-08-09T06:00:00Z,66.3,0.0,0.0,0.0
2-3 дня,2026-08-07T01:31:32Z,2026-08-09T06:00:00Z,52.5,0.1,0.0,0.1
2-3 дня,2026-08-07T05:36:00Z,2026-08-09T06:00:00Z,48.4,0.1,0.0,0.1
2-3 дня,2026-08-07T01:31:32Z,2026-08-09T12:00:00Z,58.5,0.0,0.0,0.0
2-3 дня,2026-08-07T05:36:00Z,2026-08-09T12:00:00Z,54.4,0.0,0.0,0.0
2-3 дня,2026-08-07T06:18:59Z,2026-08-09T12:00:00Z,53.7,0.0,0.0,0.0
2-3 дня,2026-08-07T07:13:52Z,2026-08-09T12:00:00Z,52.8,0.0,0.0,0.0
2-3 дня,2026-08-07T10:39:14Z,2026-08-09T12:00:00Z,49.3,0.0,0.0,0.0
2-3 дня,2026-08-07T01:31:32Z,2026-08-09T18:00:00Z,64.5,0.0,0.0,0.0
2-3 дня,2026-08-07T05:36:00Z,2026-08-09T18:00:00Z,60.4,0.0,0.0,0.0
2-3 дня,2026-08-07T06:18:59Z,2026-08-09T18:00:00Z,59.7,0.0,0.0,0.0
2-3 дня,2026-08-07T07:13:52Z,2026-08-09T18:00:00Z,58.8,0.0,0.0,0.0
2-3 дня,2026-08-07T10:39:14Z,2026-08-09T18:00:00Z,55.3,0.0,0.0,0.0
2-3 дня,2026-08-07T16:51:54Z,2026-08-09T18:00:00Z,49.1,0.0,0.0,0.0
2-3 дня,2026-08-07T06:18:59Z,2026-08-10T06:00:00Z,71.7,0.0,0.0,0.0
2-3 дня,2026-08-07T07:13:52Z,2026-08-10T06:00:00Z,70.8,0.0,0.0,0.0
2-3 дня,2026-08-07T10:39:14Z,2026-08-10T06:00:00Z,67.3,0.0,0.0,0.0
2-3 дня,2026-08-07T16:51:54Z,2026-08-10T06:00:00Z,61.1,0.0,0.0,0.0
2-3 дня,2026-08-07T22:45:57Z,2026-08-10T06:00:00Z,55.2,0.0,0.0,0.0
2-3 дня,2026-08-07T23:19:23Z,2026-08-10T06:00:00Z,54.7,0.0,0.0,0.0
2-3 дня,2026-08-08T04:50:53Z,2026-08-10T06:00:00Z,49.2,0.0,0.0,0.0
2-3 дня,2026-08-07T22:45:57Z,2026-08-10T18:00:00Z,67.2,0.0,0.0,0.0
2-3 дня,2026-08-07T23:19:23Z,2026-08-10T18:00:00Z,66.7,0.0,0.0,0.0
2-3 дня,2026-08-08T04:50:53Z,2026-08-10T18:00:00Z,61.2,0.0,0.0,0.0
2-3 дня,2026-08-08T10:18:13Z,2026-08-10T18:00:00Z,55.7,0.0,0.0,0.0
2-3 дня,2026-08-08T10:18:13Z,2026-08-11T06:00:00Z,67.7,0.0,0.0,0.0
2-3 дня,2026-08-08T22:37:20Z,2026-08-11T06:00:00Z,55.4,0.0,0.0,0.0
2-3 дня,2026-08-09T04:59:03Z,2026-08-11T06:00:00Z,49.0,0.0,0.0,0.0
2-3 дня,2026-08-08T22:37:20Z,2026-08-11T18:00:00Z,67.4,0.0,0.0,0.0
2-3 дня,2026-08-09T04:59:03Z,2026-08-11T18:00:00Z,61.0,0.0,0.0,0.0
2-3 дня,2026-08-09T10:19:29Z,2026-08-11T18:00:00Z,55.7,0.0,0.0,0.0
2-3 дня,2026-08-09T12:41:38Z,2026-08-11T18:00:00Z,53.3,0.0,0.0,0.0
2-3 дня,2026-08-09T12:45:53Z,2026-08-11T18:00:00Z,53.2,0.0,0.0,0.0
2-3 дня,2026-08-09T12:48:15Z,2026-08-11T18:00:00Z,53.2,0.0,0.0,0.0
2-3 дня,2026-08-09T16:31:44Z,2026-08-11T18:00:00Z,49.5,0.0,0.0,0.0
2-3 дня,2026-08-09T10:19:29Z,2026-08-12T06:00:00Z,67.7,0.1,0.0,0.1
2-3 дня,2026-08-09T12:41:38Z,2026-08-12T06:00:00Z,65.3,0.1,0.0,0.1
2-3 дня,2026-08-09T12:45:53Z,2026-08-12T06:00:00Z,65.2,0.1,0.0,0.1
2-3 дня,2026-08-09T12:48:15Z,2026-08-12T06:00:00Z,65.2,0.1,0.0,0.1
2-3 дня,2026-08-09T16:31:44Z,2026-08-12T06:00:00Z,61.5,0.1,0.0,0.1
2-3 дня,2026-08-09T22:39:09Z,2026-08-12T06:00:00Z,55.3,0.2,0.0,0.2
2-3 дня,2026-08-10T05:20:42Z,2026-08-12T06:00:00Z,48.7,0.2,0.0,0.2
2-3 дня,2026-08-09T12:41:38Z,2026-08-12T12:00:00Z,71.3,0.0,0.0,0.0
2-3 дня,2026-08-09T12:45:53Z,2026-08-12T12:00:00Z,71.2,0.0,0.0,0.0
2-3 дня,2026-08-09T12:48:15Z,2026-08-12T12:00:00Z,71.2,0.0,0.0,0.0
2-3 дня,2026-08-09T16:31:44Z,2026-08-12T12:00:00Z,67.5,0.0,0.0,0.0
2-3 дня,2026-08-09T22:39:09Z,2026-08-12T12:00:00Z,61.3,0.0,0.0,0.0
2-3 дня,2026-08-10T05:20:42Z,2026-08-12T12:00:00Z,54.7,0.0,0.0,0.0
2-3 дня,2026-08-10T10:53:28Z,2026-08-12T12:00:00Z,49.1,0.0,0.0,0.0
2-3 дня,2026-08-09T22:39:09Z,2026-08-12T18:00:00Z,67.3,0.0,0.0,0.0
2-3 дня,2026-08-10T05:20:42Z,2026-08-12T18:00:00Z,60.7,0.0,0.0,0.0
2-3 дня,2026-08-10T10:53:28Z,2026-08-12T18:00:00Z,55.1,0.0,0.0,0.0
2-3 дня,2026-08-10T16:52:05Z,2026-08-12T18:00:00Z,49.1,0.0,0.0,0.0
2-3 дня,2026-08-10T10:53:28Z,2026-08-13T06:00:00Z,67.1,0.0,0.0,0.0
2-3 дня,2026-08-10T16:52:05Z,2026-08-13T06:00:00Z,61.1,0.0,0.0,0.0
2-3 дня,2026-08-10T22:47:13Z,2026-08-13T06:00:00Z,55.2,0.0,0.0,0.0
2-3 дня,2026-08-11T05:01:49Z,2026-08-13T06:00:00Z,49.0,0.0,0.0,0.0
2-3 дня,2026-08-10T22:47:13Z,2026-08-13T18:00:00Z,67.2,0.0,0.0,0.0
2-3 дня,2026-08-11T05:01:49Z,2026-08-13T18:00:00Z,61.0,0.0,0.0,0.0
2-3 дня,2026-08-11T10:38:45Z,2026-08-13T18:00:00Z,55.4,0.0,0.0,0.0
2-3 дня,2026-08-11T10:38:45Z,2026-08-14T06:00:00Z,67.4,0.0,0.0,0.0
2-3 дня,2026-08-12T06:05:22Z,2026-08-14T12:00:00Z,53.9,0.0,0.0,0.0
2-3 дня,2026-08-12T10:47:03Z,2026-08-14T12:00:00Z,49.2,0.0,0.0,0.0
2-3 дня,2026-08-12T06:05:22Z,2026-08-14T18:00:00Z,59.9,0.0,0.0,0.0
2-3 дня,2026-08-12T10:47:03Z,2026-08-14T18:00:00Z,55.2,0.0,0.0,0.0
2-3 дня,2026-08-12T16:54:57Z,2026-08-14T18:00:00Z,49.1,0.0,0.0,0.0
2-3 дня,2026-08-12T06:05:22Z,2026-08-15T06:00:00Z,71.9,0.0,0.0,0.0
2-3 дня,2026-08-12T10:47:03Z,2026-08-15T06:00:00Z,67.2,0.0,0.0,0.0
2-3 дня,2026-08-12T16:54:57Z,2026-08-15T06:00:00Z,61.1,0.0,0.0,0.0
2-3 дня,2026-08-12T22:50:47Z,2026-08-15T06:00:00Z,55.2,0.0,0.0,0.0
2-3 дня,2026-08-13T05:30:08Z,2026-08-15T06:00:00Z,48.5,0.0,0.0,0.0
2-3 дня,2026-08-12T22:50:47Z,2026-08-15T18:00:00Z,67.2,0.0,0.0,0.0
2-3 дня,2026-08-13T05:30:08Z,2026-08-15T18:00:00Z,60.5,0.0,0.0,0.0
2-3 дня,2026-08-13T10:49:01Z,2026-08-15T18:00:00Z,55.2,0.0,0.0,0.0
2-3 дня,2026-08-13T16:36:10Z,2026-08-15T18:00:00Z,49.4,0.0,0.0,0.0
2-3 дня,2026-08-13T16:42:24Z,2026-08-15T18:00:00Z,49.3,0.0,0.0,0.0
2-3 дня,2026-08-13T16:54:22Z,2026-08-15T18:00:00Z,49.1,0.0,0.0,0.0
3-5 дней,2026-08-06T09:50:07Z,2026-08-09T12:00:00Z,74.2,0.0,0.0,0.0
3-5 дней,2026-08-06T09:59:18Z,2026-08-09T12:00:00Z,74.0,0.0,0.0,0.0
3-5 дней,2026-08-06T10:08:26Z,2026-08-09T12:00:00Z,73.9,0.0,0.0,0.0
3-5 дней,2026-08-06T10:47:54Z,2026-08-09T12:00:00Z,73.2,0.0,0.0,0.0
3-5 дней,2026-08-06T11:30:42Z,2026-08-09T12:00:00Z,72.5,0.0,0.0,0.0
3-5 дней,2026-08-06T11:36:01Z,2026-08-09T12:00:00Z,72.4,0.0,0.0,0.0
3-5 дней,2026-08-06T11:44:08Z,2026-08-09T12:00:00Z,72.3,0.0,0.0,0.0
3-5 дней,2026-08-06T09:50:07Z,2026-08-09T18:00:00Z,80.2,0.0,0.0,0.0
3-5 дней,2026-08-06T09:59:18Z,2026-08-09T18:00:00Z,80.0,0.0,0.0,0.0
3-5 дней,2026-08-06T10:08:26Z,2026-08-09T18:00:00Z,79.9,0.0,0.0,0.0
3-5 дней,2026-08-06T10:47:54Z,2026-08-09T18:00:00Z,79.2,0.0,0.0,0.0
3-5 дней,2026-08-06T11:30:42Z,2026-08-09T18:00:00Z,78.5,0.0,0.0,0.0
3-5 дней,2026-08-06T11:36:01Z,2026-08-09T18:00:00Z,78.4,0.0,0.0,0.0
3-5 дней,2026-08-06T11:44:08Z,2026-08-09T18:00:00Z,78.3,0.0,0.0,0.0
3-5 дней,2026-08-06T09:50:07Z,2026-08-10T06:00:00Z,92.2,0.0,0.0,0.0
3-5 дней,2026-08-06T09:59:18Z,2026-08-10T06:00:00Z,92.0,0.0,0.0,0.0
3-5 дней,2026-08-06T10:08:26Z,2026-08-10T06:00:00Z,91.9,0.0,0.0,0.0
3-5 дней,2026-08-06T10:47:54Z,2026-08-10T06:00:00Z,91.2,0.0,0.0,0.0
3-5 дней,2026-08-06T11:30:42Z,2026-08-10T06:00:00Z,90.5,0.0,0.0,0.0
3-5 дней,2026-08-06T11:36:01Z,2026-08-10T06:00:00Z,90.4,0.0,0.0,0.0
3-5 дней,2026-08-06T11:44:08Z,2026-08-10T06:00:00Z,90.3,0.0,0.0,0.0
3-5 дней,2026-08-07T01:31:32Z,2026-08-10T06:00:00Z,76.5,0.0,0.0,0.0
3-5 дней,2026-08-07T05:36:00Z,2026-08-10T06:00:00Z,72.4,0.0,0.0,0.0
3-5 дней,2026-08-06T09:50:07Z,2026-08-10T18:00:00Z,104.2,0.0,0.0,0.0
3-5 дней,2026-08-06T09:59:18Z,2026-08-10T18:00:00Z,104.0,0.0,0.0,0.0
3-5 дней,2026-08-06T10:08:26Z,2026-08-10T18:00:00Z,103.9,0.0,0.0,0.0
3-5 дней,2026-08-06T10:47:54Z,2026-08-10T18:00:00Z,103.2,0.0,0.0,0.0
3-5 дней,2026-08-06T11:30:42Z,2026-08-10T18:00:00Z,102.5,0.0,0.0,0.0
3-5 дней,2026-08-06T11:36:01Z,2026-08-10T18:00:00Z,102.4,0.0,0.0,0.0
3-5 дней,2026-08-06T11:44:08Z,2026-08-10T18:00:00Z,102.3,0.0,0.0,0.0
3-5 дней,2026-08-07T01:31:32Z,2026-08-10T18:00:00Z,88.5,0.0,0.0,0.0
3-5 дней,2026-08-07T05:36:00Z,2026-08-10T18:00:00Z,84.4,0.0,0.0,0.0
3-5 дней,2026-08-07T06:18:59Z,2026-08-10T18:00:00Z,83.7,0.0,0.0,0.0
3-5 дней,2026-08-07T07:13:52Z,2026-08-10T18:00:00Z,82.8,0.0,0.0,0.0
3-5 дней,2026-08-07T10:39:14Z,2026-08-10T18:00:00Z,79.3,0.0,0.0,0.0
3-5 дней,2026-08-07T16:51:54Z,2026-08-10T18:00:00Z,73.1,0.0,0.0,0.0
3-5 дней,2026-08-06T09:50:07Z,2026-08-11T06:00:00Z,116.2,0.0,0.0,0.0
3-5 дней,2026-08-06T09:59:18Z,2026-08-11T06:00:00Z,116.0,0.0,0.0,0.0
3-5 дней,2026-08-06T10:08:26Z,2026-08-11T06:00:00Z,115.9,0.0,0.0,0.0
3-5 дней,2026-08-06T10:47:54Z,2026-08-11T06:00:00Z,115.2,0.0,0.0,0.0
3-5 дней,2026-08-06T11:30:42Z,2026-08-11T06:00:00Z,114.5,0.0,0.0,0.0
3-5 дней,2026-08-06T11:36:01Z,2026-08-11T06:00:00Z,114.4,0.0,0.0,0.0
3-5 дней,2026-08-06T11:44:08Z,2026-08-11T06:00:00Z,114.3,0.0,0.0,0.0
3-5 дней,2026-08-07T01:31:32Z,2026-08-11T06:00:00Z,100.5,0.0,0.0,0.0
3-5 дней,2026-08-07T05:36:00Z,2026-08-11T06:00:00Z,96.4,0.0,0.0,0.0
3-5 дней,2026-08-07T06:18:59Z,2026-08-11T06:00:00Z,95.7,0.0,0.0,0.0
3-5 дней,2026-08-07T07:13:52Z,2026-08-11T06:00:00Z,94.8,0.0,0.0,0.0
3-5 дней,2026-08-07T10:39:14Z,2026-08-11T06:00:00Z,91.3,0.0,0.0,0.0
3-5 дней,2026-08-07T16:51:54Z,2026-08-11T06:00:00Z,85.1,0.0,0.0,0.0
3-5 дней,2026-08-07T22:45:57Z,2026-08-11T06:00:00Z,79.2,0.0,0.0,0.0
3-5 дней,2026-08-07T23:19:23Z,2026-08-11T06:00:00Z,78.7,0.0,0.0,0.0
3-5 дней,2026-08-08T04:50:53Z,2026-08-11T06:00:00Z,73.2,0.0,0.0,0.0
3-5 дней,2026-08-07T01:31:32Z,2026-08-11T18:00:00Z,112.5,0.3,0.0,0.3
3-5 дней,2026-08-07T05:36:00Z,2026-08-11T18:00:00Z,108.4,0.3,0.0,0.3
3-5 дней,2026-08-07T06:18:59Z,2026-08-11T18:00:00Z,107.7,0.0,0.0,0.0
3-5 дней,2026-08-07T07:13:52Z,2026-08-11T18:00:00Z,106.8,0.0,0.0,0.0
3-5 дней,2026-08-07T10:39:14Z,2026-08-11T18:00:00Z,103.3,0.0,0.0,0.0
3-5 дней,2026-08-07T16:51:54Z,2026-08-11T18:00:00Z,97.1,0.0,0.0,0.0
3-5 дней,2026-08-07T22:45:57Z,2026-08-11T18:00:00Z,91.2,0.0,0.0,0.0
3-5 дней,2026-08-07T23:19:23Z,2026-08-11T18:00:00Z,90.7,0.0,0.0,0.0
3-5 дней,2026-08-08T04:50:53Z,2026-08-11T18:00:00Z,85.2,0.0,0.0,0.0
3-5 дней,2026-08-08T10:18:13Z,2026-08-11T18:00:00Z,79.7,0.0,0.0,0.0
3-5 дней,2026-08-07T06:18:59Z,2026-08-12T06:00:00Z,119.7,0.0,0.0,0.0
3-5 дней,2026-08-07T07:13:52Z,2026-08-12T06:00:00Z,118.8,0.0,0.0,0.0
3-5 дней,2026-08-07T10:39:14Z,2026-08-12T06:00:00Z,115.3,0.0,0.0,0.0
3-5 дней,2026-08-07T16:51:54Z,2026-08-12T06:00:00Z,109.1,0.0,0.0,0.0
3-5 дней,2026-08-07T22:45:57Z,2026-08-12T06:00:00Z,103.2,0.6,0.0,0.6
3-5 дней,2026-08-07T23:19:23Z,2026-08-12T06:00:00Z,102.7,0.6,0.0,0.6
3-5 дней,2026-08-08T04:50:53Z,2026-08-12T06:00:00Z,97.2,0.6,0.0,0.6
3-5 дней,2026-08-08T10:18:13Z,2026-08-12T06:00:00Z,91.7,0.0,0.0,0.0
3-5 дней,2026-08-08T22:37:20Z,2026-08-12T06:00:00Z,79.4,0.0,0.0,0.0
3-5 дней,2026-08-09T04:59:03Z,2026-08-12T06:00:00Z,73.0,0.0,0.0,0.0
3-5 дней,2026-08-07T16:51:54Z,2026-08-12T12:00:00Z,115.1,0.0,0.0,0.0
3-5 дней,2026-08-07T22:45:57Z,2026-08-12T12:00:00Z,109.2,0.0,0.0,0.0
3-5 дней,2026-08-07T23:19:23Z,2026-08-12T12:00:00Z,108.7,0.0,0.0,0.0
3-5 дней,2026-08-08T04:50:53Z,2026-08-12T12:00:00Z,103.2,0.0,0.0,0.0
3-5 дней,2026-08-08T10:18:13Z,2026-08-12T12:00:00Z,97.7,0.0,0.0,0.0
3-5 дней,2026-08-08T22:37:20Z,2026-08-12T12:00:00Z,85.4,0.0,0.0,0.0
3-5 дней,2026-08-09T04:59:03Z,2026-08-12T12:00:00Z,79.0,0.0,0.0,0.0
3-5 дней,2026-08-09T10:19:29Z,2026-08-12T12:00:00Z,73.7,0.0,0.0,0.0
3-5 дней,2026-08-07T22:45:57Z,2026-08-12T18:00:00Z,115.2,0.0,0.0,0.0
3-5 дней,2026-08-07T23:19:23Z,2026-08-12T18:00:00Z,114.7,0.0,0.0,0.0
3-5 дней,2026-08-08T04:50:53Z,2026-08-12T18:00:00Z,109.2,0.0,0.0,0.0
3-5 дней,2026-08-08T10:18:13Z,2026-08-12T18:00:00Z,103.7,0.0,0.0,0.0
3-5 дней,2026-08-08T22:37:20Z,2026-08-12T18:00:00Z,91.4,0.0,0.0,0.0
3-5 дней,2026-08-09T04:59:03Z,2026-08-12T18:00:00Z,85.0,0.0,0.0,0.0
3-5 дней,2026-08-09T10:19:29Z,2026-08-12T18:00:00Z,79.7,0.0,0.0,0.0
3-5 дней,2026-08-09T12:41:38Z,2026-08-12T18:00:00Z,77.3,0.0,0.0,0.0
3-5 дней,2026-08-09T12:45:53Z,2026-08-12T18:00:00Z,77.2,0.0,0.0,0.0
3-5 дней,2026-08-09T12:48:15Z,2026-08-12T18:00:00Z,77.2,0.0,0.0,0.0
3-5 дней,2026-08-09T16:31:44Z,2026-08-12T18:00:00Z,73.5,0.0,0.0,0.0
3-5 дней,2026-08-08T10:18:13Z,2026-08-13T06:00:00Z,115.7,0.0,0.0,0.0
3-5 дней,2026-08-08T22:37:20Z,2026-08-13T06:00:00Z,103.4,0.0,0.0,0.0
3-5 дней,2026-08-09T04:59:03Z,2026-08-13T06:00:00Z,97.0,0.0,0.0,0.0
3-5 дней,2026-08-09T10:19:29Z,2026-08-13T06:00:00Z,91.7,0.0,0.0,0.0
3-5 дней,2026-08-09T12:41:38Z,2026-08-13T06:00:00Z,89.3,0.0,0.0,0.0
3-5 дней,2026-08-09T12:45:53Z,2026-08-13T06:00:00Z,89.2,0.0,0.0,0.0
3-5 дней,2026-08-09T12:48:15Z,2026-08-13T06:00:00Z,89.2,0.0,0.0,0.0
3-5 дней,2026-08-09T16:31:44Z,2026-08-13T06:00:00Z,85.5,0.0,0.0,0.0
3-5 дней,2026-08-09T22:39:09Z,2026-08-13T06:00:00Z,79.3,0.0,0.0,0.0
3-5 дней,2026-08-10T05:20:42Z,2026-08-13T06:00:00Z,72.7,0.0,0.0,0.0
3-5 дней,2026-08-08T22:37:20Z,2026-08-13T18:00:00Z,115.4,0.0,0.0,0.0
3-5 дней,2026-08-09T04:59:03Z,2026-08-13T18:00:00Z,109.0,0.0,0.0,0.0
3-5 дней,2026-08-09T10:19:29Z,2026-08-13T18:00:00Z,103.7,0.0,0.0,0.0
3-5 дней,2026-08-09T12:41:38Z,2026-08-13T18:00:00Z,101.3,0.0,0.0,0.0
3-5 дней,2026-08-09T12:45:53Z,2026-08-13T18:00:00Z,101.2,0.0,0.0,0.0
3-5 дней,2026-08-09T12:48:15Z,2026-08-13T18:00:00Z,101.2,0.0,0.0,0.0
3-5 дней,2026-08-09T16:31:44Z,2026-08-13T18:00:00Z,97.5,0.0,0.0,0.0
3-5 дней,2026-08-09T22:39:09Z,2026-08-13T18:00:00Z,91.3,0.0,0.0,0.0
3-5 дней,2026-08-10T05:20:42Z,2026-08-13T18:00:00Z,84.7,0.0,0.0,0.0
3-5 дней,2026-08-10T10:53:28Z,2026-08-13T18:00:00Z,79.1,0.0,0.0,0.0
3-5 дней,2026-08-10T16:52:05Z,2026-08-13T18:00:00Z,73.1,0.0,0.0,0.0
3-5 дней,2026-08-09T10:19:29Z,2026-08-14T06:00:00Z,115.7,0.0,0.0,0.0
3-5 дней,2026-08-09T12:41:38Z,2026-08-14T06:00:00Z,113.3,0.0,0.0,0.0
3-5 дней,2026-08-09T12:45:53Z,2026-08-14T06:00:00Z,113.2,0.0,0.0,0.0
3-5 дней,2026-08-09T12:48:15Z,2026-08-14T06:00:00Z,113.2,0.0,0.0,0.0
3-5 дней,2026-08-09T16:31:44Z,2026-08-14T06:00:00Z,109.5,0.0,0.0,0.0
3-5 дней,2026-08-09T22:39:09Z,2026-08-14T06:00:00Z,103.3,0.0,0.0,0.0
3-5 дней,2026-08-10T05:20:42Z,2026-08-14T06:00:00Z,96.7,0.0,0.0,0.0
3-5 дней,2026-08-10T10:53:28Z,2026-08-14T06:00:00Z,91.1,0.0,0.0,0.0
3-5 дней,2026-08-10T16:52:05Z,2026-08-14T06:00:00Z,85.1,0.0,0.0,0.0
3-5 дней,2026-08-10T22:47:13Z,2026-08-14T06:00:00Z,79.2,0.0,0.0,0.0
3-5 дней,2026-08-11T05:01:49Z,2026-08-14T06:00:00Z,73.0,0.0,0.0,0.0
3-5 дней,2026-08-09T12:41:38Z,2026-08-14T12:00:00Z,119.3,0.0,0.0,0.0
3-5 дней,2026-08-09T12:45:53Z,2026-08-14T12:00:00Z,119.2,0.0,0.0,0.0
3-5 дней,2026-08-09T12:48:15Z,2026-08-14T12:00:00Z,119.2,0.0,0.0,0.0
3-5 дней,2026-08-09T16:31:44Z,2026-08-14T12:00:00Z,115.5,0.0,0.0,0.0
3-5 дней,2026-08-09T22:39:09Z,2026-08-14T12:00:00Z,109.3,0.0,0.0,0.0
3-5 дней,2026-08-10T05:20:42Z,2026-08-14T12:00:00Z,102.7,0.0,0.0,0.0
3-5 дней,2026-08-10T10:53:28Z,2026-08-14T12:00:00Z,97.1,0.0,0.0,0.0
3-5 дней,2026-08-10T16:52:05Z,2026-08-14T12:00:00Z,91.1,0.0,0.0,0.0
3-5 дней,2026-08-10T22:47:13Z,2026-08-14T12:00:00Z,85.2,0.0,0.0,0.0
3-5 дней,2026-08-11T05:01:49Z,2026-08-14T12:00:00Z,79.0,0.0,0.0,0.0
3-5 дней,2026-08-11T10:38:45Z,2026-08-14T12:00:00Z,73.4,0.0,0.0,0.0
3-5 дней,2026-08-09T22:39:09Z,2026-08-14T18:00:00Z,115.3,0.0,0.0,0.0
3-5 дней,2026-08-10T05:20:42Z,2026-08-14T18:00:00Z,108.7,0.0,0.0,0.0
3-5 дней,2026-08-10T10:53:28Z,2026-08-14T18:00:00Z,103.1,0.0,0.0,0.0
3-5 дней,2026-08-10T16:52:05Z,2026-08-14T18:00:00Z,97.1,0.0,0.0,0.0
3-5 дней,2026-08-10T22:47:13Z,2026-08-14T18:00:00Z,91.2,0.0,0.0,0.0
3-5 дней,2026-08-11T05:01:49Z,2026-08-14T18:00:00Z,85.0,0.0,0.0,0.0
3-5 дней,2026-08-11T10:38:45Z,2026-08-14T18:00:00Z,79.4,0.0,0.0,0.0
3-5 дней,2026-08-10T10:53:28Z,2026-08-15T06:00:00Z,115.1,0.0,0.0,0.0
3-5 дней,2026-08-10T16:52:05Z,2026-08-15T06:00:00Z,109.1,0.0,0.0,0.0
3-5 дней,2026-08-10T22:47:13Z,2026-08-15T06:00:00Z,103.2,0.0,0.0,0.0
3-5 дней,2026-08-11T05:01:49Z,2026-08-15T06:00:00Z,97.0,0.0,0.0,0.0
3-5 дней,2026-08-11T10:38:45Z,2026-08-15T06:00:00Z,91.4,0.0,0.0,0.0
3-5 дней,2026-08-10T22:47:13Z,2026-08-15T18:00:00Z,115.2,0.0,0.0,0.0
3-5 дней,2026-08-11T05:01:49Z,2026-08-15T18:00:00Z,109.0,0.0,0.0,0.0
3-5 дней,2026-08-11T10:38:45Z,2026-08-15T18:00:00Z,103.4,0.0,0.0,0.0
3-5 дней,2026-08-12T06:05:22Z,2026-08-15T18:00:00Z,83.9,0.0,0.0,0.0
3-5 дней,2026-08-12T10:47:03Z,2026-08-15T18:00:00Z,79.2,0.0,0.0,0.0
3-5 дней,2026-08-12T16:54:57Z,2026-08-15T18:00:00Z,73.1,0.0,0.0,0.0
5-10 дней,2026-08-06T09:50:07Z,2026-08-11T18:00:00Z,128.2,0.0,0.0,0.0
5-10 дней,2026-08-06T09:59:18Z,2026-08-11T18:00:00Z,128.0,0.0,0.0,0.0
5-10 дней,2026-08-06T10:08:26Z,2026-08-11T18:00:00Z,127.9,0.0,0.0,0.0
5-10 дней,2026-08-06T10:47:54Z,2026-08-11T18:00:00Z,127.2,0.0,0.0,0.0
5-10 дней,2026-08-06T11:30:42Z,2026-08-11T18:00:00Z,126.5,0.0,0.0,0.0
5-10 дней,2026-08-06T11:36:01Z,2026-08-11T18:00:00Z,126.4,0.0,0.0,0.0
5-10 дней,2026-08-06T11:44:08Z,2026-08-11T18:00:00Z,126.3,0.0,0.0,0.0
5-10 дней,2026-08-06T09:50:07Z,2026-08-12T06:00:00Z,140.2,0.3,0.0,0.3
5-10 дней,2026-08-06T09:59:18Z,2026-08-12T06:00:00Z,140.0,0.3,0.0,0.3
5-10 дней,2026-08-06T10:08:26Z,2026-08-12T06:00:00Z,139.9,0.3,0.0,0.3
5-10 дней,2026-08-06T10:47:54Z,2026-08-12T06:00:00Z,139.2,0.3,0.0,0.3
5-10 дней,2026-08-06T11:30:42Z,2026-08-12T06:00:00Z,138.5,0.3,0.0,0.3
5-10 дней,2026-08-06T11:36:01Z,2026-08-12T06:00:00Z,138.4,0.3,0.0,0.3
5-10 дней,2026-08-06T11:44:08Z,2026-08-12T06:00:00Z,138.3,0.3,0.0,0.3
5-10 дней,2026-08-07T01:31:32Z,2026-08-12T06:00:00Z,124.5,0.0,0.0,0.0
5-10 дней,2026-08-07T05:36:00Z,2026-08-12T06:00:00Z,120.4,0.0,0.0,0.0
5-10 дней,2026-08-06T09:50:07Z,2026-08-12T12:00:00Z,146.2,0.0,0.0,0.0
5-10 дней,2026-08-06T09:59:18Z,2026-08-12T12:00:00Z,146.0,0.0,0.0,0.0
5-10 дней,2026-08-06T10:08:26Z,2026-08-12T12:00:00Z,145.9,0.0,0.0,0.0
5-10 дней,2026-08-06T10:47:54Z,2026-08-12T12:00:00Z,145.2,0.0,0.0,0.0
5-10 дней,2026-08-06T11:30:42Z,2026-08-12T12:00:00Z,144.5,0.0,0.0,0.0
5-10 дней,2026-08-06T11:36:01Z,2026-08-12T12:00:00Z,144.4,0.0,0.0,0.0
5-10 дней,2026-08-06T11:44:08Z,2026-08-12T12:00:00Z,144.3,0.0,0.0,0.0
5-10 дней,2026-08-07T01:31:32Z,2026-08-12T12:00:00Z,130.5,0.0,0.0,0.0
5-10 дней,2026-08-07T05:36:00Z,2026-08-12T12:00:00Z,126.4,0.0,0.0,0.0
5-10 дней,2026-08-07T06:18:59Z,2026-08-12T12:00:00Z,125.7,0.0,0.0,0.0
5-10 дней,2026-08-07T07:13:52Z,2026-08-12T12:00:00Z,124.8,0.0,0.0,0.0
5-10 дней,2026-08-07T10:39:14Z,2026-08-12T12:00:00Z,121.3,0.0,0.0,0.0
5-10 дней,2026-08-06T09:50:07Z,2026-08-12T18:00:00Z,152.2,0.0,0.0,0.0
5-10 дней,2026-08-06T09:59:18Z,2026-08-12T18:00:00Z,152.0,0.0,0.0,0.0
5-10 дней,2026-08-06T10:08:26Z,2026-08-12T18:00:00Z,151.9,0.0,0.0,0.0
5-10 дней,2026-08-06T10:47:54Z,2026-08-12T18:00:00Z,151.2,0.0,0.0,0.0
5-10 дней,2026-08-06T11:30:42Z,2026-08-12T18:00:00Z,150.5,0.0,0.0,0.0
5-10 дней,2026-08-06T11:36:01Z,2026-08-12T18:00:00Z,150.4,0.0,0.0,0.0
5-10 дней,2026-08-06T11:44:08Z,2026-08-12T18:00:00Z,150.3,0.0,0.0,0.0
5-10 дней,2026-08-07T01:31:32Z,2026-08-12T18:00:00Z,136.5,0.0,0.0,0.0
5-10 дней,2026-08-07T05:36:00Z,2026-08-12T18:00:00Z,132.4,0.0,0.0,0.0
5-10 дней,2026-08-07T06:18:59Z,2026-08-12T18:00:00Z,131.7,0.0,0.0,0.0
5-10 дней,2026-08-07T07:13:52Z,2026-08-12T18:00:00Z,130.8,0.0,0.0,0.0
5-10 дней,2026-08-07T10:39:14Z,2026-08-12T18:00:00Z,127.3,0.0,0.0,0.0
5-10 дней,2026-08-07T16:51:54Z,2026-08-12T18:00:00Z,121.1,0.0,0.0,0.0
5-10 дней,2026-08-06T09:50:07Z,2026-08-13T06:00:00Z,164.2,0.0,0.0,0.0
5-10 дней,2026-08-06T09:59:18Z,2026-08-13T06:00:00Z,164.0,0.0,0.0,0.0
5-10 дней,2026-08-06T10:08:26Z,2026-08-13T06:00:00Z,163.9,0.0,0.0,0.0
5-10 дней,2026-08-06T10:47:54Z,2026-08-13T06:00:00Z,163.2,0.0,0.0,0.0
5-10 дней,2026-08-06T11:30:42Z,2026-08-13T06:00:00Z,162.5,0.0,0.0,0.0
5-10 дней,2026-08-06T11:36:01Z,2026-08-13T06:00:00Z,162.4,0.0,0.0,0.0
5-10 дней,2026-08-06T11:44:08Z,2026-08-13T06:00:00Z,162.3,0.0,0.0,0.0
5-10 дней,2026-08-07T01:31:32Z,2026-08-13T06:00:00Z,148.5,0.0,0.0,0.0
5-10 дней,2026-08-07T05:36:00Z,2026-08-13T06:00:00Z,144.4,0.0,0.0,0.0
5-10 дней,2026-08-07T06:18:59Z,2026-08-13T06:00:00Z,143.7,0.0,0.0,0.0
5-10 дней,2026-08-07T07:13:52Z,2026-08-13T06:00:00Z,142.8,0.0,0.0,0.0
5-10 дней,2026-08-07T10:39:14Z,2026-08-13T06:00:00Z,139.3,0.0,0.0,0.0
5-10 дней,2026-08-07T16:51:54Z,2026-08-13T06:00:00Z,133.1,0.0,0.0,0.0
5-10 дней,2026-08-07T22:45:57Z,2026-08-13T06:00:00Z,127.2,0.0,0.0,0.0
5-10 дней,2026-08-07T23:19:23Z,2026-08-13T06:00:00Z,126.7,0.0,0.0,0.0
5-10 дней,2026-08-08T04:50:53Z,2026-08-13T06:00:00Z,121.2,0.0,0.0,0.0
5-10 дней,2026-08-06T09:50:07Z,2026-08-13T18:00:00Z,176.2,0.0,0.0,0.0
5-10 дней,2026-08-06T09:59:18Z,2026-08-13T18:00:00Z,176.0,0.0,0.0,0.0
5-10 дней,2026-08-06T10:08:26Z,2026-08-13T18:00:00Z,175.9,0.0,0.0,0.0
5-10 дней,2026-08-06T10:47:54Z,2026-08-13T18:00:00Z,175.2,0.0,0.0,0.0
5-10 дней,2026-08-06T11:30:42Z,2026-08-13T18:00:00Z,174.5,0.0,0.0,0.0
5-10 дней,2026-08-06T11:36:01Z,2026-08-13T18:00:00Z,174.4,0.0,0.0,0.0
5-10 дней,2026-08-06T11:44:08Z,2026-08-13T18:00:00Z,174.3,0.0,0.0,0.0
5-10 дней,2026-08-07T01:31:32Z,2026-08-13T18:00:00Z,160.5,0.0,0.0,0.0
5-10 дней,2026-08-07T05:36:00Z,2026-08-13T18:00:00Z,156.4,0.0,0.0,0.0
5-10 дней,2026-08-07T06:18:59Z,2026-08-13T18:00:00Z,155.7,0.0,0.0,0.0
5-10 дней,2026-08-07T07:13:52Z,2026-08-13T18:00:00Z,154.8,0.0,0.0,0.0
5-10 дней,2026-08-07T10:39:14Z,2026-08-13T18:00:00Z,151.3,0.0,0.0,0.0
5-10 дней,2026-08-07T16:51:54Z,2026-08-13T18:00:00Z,145.1,0.0,0.0,0.0
5-10 дней,2026-08-07T22:45:57Z,2026-08-13T18:00:00Z,139.2,0.0,0.0,0.0
5-10 дней,2026-08-07T23:19:23Z,2026-08-13T18:00:00Z,138.7,0.0,0.0,0.0
5-10 дней,2026-08-08T04:50:53Z,2026-08-13T18:00:00Z,133.2,0.0,0.0,0.0
5-10 дней,2026-08-08T10:18:13Z,2026-08-13T18:00:00Z,127.7,0.0,0.0,0.0
5-10 дней,2026-08-06T09:50:07Z,2026-08-14T06:00:00Z,188.2,0.0,0.0,0.0
5-10 дней,2026-08-06T09:59:18Z,2026-08-14T06:00:00Z,188.0,0.0,0.0,0.0
5-10 дней,2026-08-06T10:08:26Z,2026-08-14T06:00:00Z,187.9,0.0,0.0,0.0
5-10 дней,2026-08-06T10:47:54Z,2026-08-14T06:00:00Z,187.2,0.0,0.0,0.0
5-10 дней,2026-08-06T11:30:42Z,2026-08-14T06:00:00Z,186.5,0.0,0.0,0.0
5-10 дней,2026-08-06T11:36:01Z,2026-08-14T06:00:00Z,186.4,0.0,0.0,0.0
5-10 дней,2026-08-06T11:44:08Z,2026-08-14T06:00:00Z,186.3,0.0,0.0,0.0
5-10 дней,2026-08-07T01:31:32Z,2026-08-14T06:00:00Z,172.5,0.0,0.0,0.0
5-10 дней,2026-08-07T05:36:00Z,2026-08-14T06:00:00Z,168.4,0.0,0.0,0.0
5-10 дней,2026-08-07T06:18:59Z,2026-08-14T06:00:00Z,167.7,0.0,0.0,0.0
5-10 дней,2026-08-07T07:13:52Z,2026-08-14T06:00:00Z,166.8,0.0,0.0,0.0
5-10 дней,2026-08-07T10:39:14Z,2026-08-14T06:00:00Z,163.3,0.0,0.0,0.0
5-10 дней,2026-08-07T16:51:54Z,2026-08-14T06:00:00Z,157.1,0.0,0.0,0.0
5-10 дней,2026-08-07T22:45:57Z,2026-08-14T06:00:00Z,151.2,0.0,0.0,0.0
5-10 дней,2026-08-07T23:19:23Z,2026-08-14T06:00:00Z,150.7,0.0,0.0,0.0
5-10 дней,2026-08-08T04:50:53Z,2026-08-14T06:00:00Z,145.2,0.0,0.0,0.0
5-10 дней,2026-08-08T10:18:13Z,2026-08-14T06:00:00Z,139.7,0.0,0.0,0.0
5-10 дней,2026-08-08T22:37:20Z,2026-08-14T06:00:00Z,127.4,0.0,0.0,0.0
5-10 дней,2026-08-09T04:59:03Z,2026-08-14T06:00:00Z,121.0,0.0,0.0,0.0
5-10 дней,2026-08-06T09:50:07Z,2026-08-14T12:00:00Z,194.2,0.0,0.0,0.0
5-10 дней,2026-08-06T09:59:18Z,2026-08-14T12:00:00Z,194.0,0.0,0.0,0.0
5-10 дней,2026-08-06T10:08:26Z,2026-08-14T12:00:00Z,193.9,0.0,0.0,0.0
5-10 дней,2026-08-06T10:47:54Z,2026-08-14T12:00:00Z,193.2,0.0,0.0,0.0
5-10 дней,2026-08-06T11:30:42Z,2026-08-14T12:00:00Z,192.5,0.0,0.0,0.0
5-10 дней,2026-08-06T11:36:01Z,2026-08-14T12:00:00Z,192.4,0.0,0.0,0.0
5-10 дней,2026-08-06T11:44:08Z,2026-08-14T12:00:00Z,192.3,0.0,0.0,0.0
5-10 дней,2026-08-07T01:31:32Z,2026-08-14T12:00:00Z,178.5,0.0,0.0,0.0
5-10 дней,2026-08-07T05:36:00Z,2026-08-14T12:00:00Z,174.4,0.0,0.0,0.0
5-10 дней,2026-08-07T06:18:59Z,2026-08-14T12:00:00Z,173.7,0.0,0.0,0.0
5-10 дней,2026-08-07T07:13:52Z,2026-08-14T12:00:00Z,172.8,0.0,0.0,0.0
5-10 дней,2026-08-07T10:39:14Z,2026-08-14T12:00:00Z,169.3,0.0,0.0,0.0
5-10 дней,2026-08-07T16:51:54Z,2026-08-14T12:00:00Z,163.1,0.0,0.0,0.0
5-10 дней,2026-08-07T22:45:57Z,2026-08-14T12:00:00Z,157.2,0.0,0.0,0.0
5-10 дней,2026-08-07T23:19:23Z,2026-08-14T12:00:00Z,156.7,0.0,0.0,0.0
5-10 дней,2026-08-08T04:50:53Z,2026-08-14T12:00:00Z,151.2,0.0,0.0,0.0
5-10 дней,2026-08-08T10:18:13Z,2026-08-14T12:00:00Z,145.7,0.0,0.0,0.0
5-10 дней,2026-08-08T22:37:20Z,2026-08-14T12:00:00Z,133.4,0.0,0.0,0.0
5-10 дней,2026-08-09T04:59:03Z,2026-08-14T12:00:00Z,127.0,0.0,0.0,0.0
5-10 дней,2026-08-09T10:19:29Z,2026-08-14T12:00:00Z,121.7,0.0,0.0,0.0
5-10 дней,2026-08-06T09:50:07Z,2026-08-14T18:00:00Z,200.2,0.0,0.0,0.0
5-10 дней,2026-08-06T09:59:18Z,2026-08-14T18:00:00Z,200.0,0.0,0.0,0.0
5-10 дней,2026-08-06T10:08:26Z,2026-08-14T18:00:00Z,199.9,0.0,0.0,0.0
5-10 дней,2026-08-06T10:47:54Z,2026-08-14T18:00:00Z,199.2,0.0,0.0,0.0
5-10 дней,2026-08-06T11:30:42Z,2026-08-14T18:00:00Z,198.5,0.0,0.0,0.0
5-10 дней,2026-08-06T11:36:01Z,2026-08-14T18:00:00Z,198.4,0.0,0.0,0.0
5-10 дней,2026-08-06T11:44:08Z,2026-08-14T18:00:00Z,198.3,0.0,0.0,0.0
5-10 дней,2026-08-07T01:31:32Z,2026-08-14T18:00:00Z,184.5,0.0,0.0,0.0
5-10 дней,2026-08-07T05:36:00Z,2026-08-14T18:00:00Z,180.4,0.0,0.0,0.0
5-10 дней,2026-08-07T06:18:59Z,2026-08-14T18:00:00Z,179.7,0.0,0.0,0.0
5-10 дней,2026-08-07T07:13:52Z,2026-08-14T18:00:00Z,178.8,0.0,0.0,0.0
5-10 дней,2026-08-07T10:39:14Z,2026-08-14T18:00:00Z,175.3,0.0,0.0,0.0
5-10 дней,2026-08-07T16:51:54Z,2026-08-14T18:00:00Z,169.1,0.0,0.0,0.0
5-10 дней,2026-08-07T22:45:57Z,2026-08-14T18:00:00Z,163.2,0.0,0.0,0.0
5-10 дней,2026-08-07T23:19:23Z,2026-08-14T18:00:00Z,162.7,0.0,0.0,0.0
5-10 дней,2026-08-08T04:50:53Z,2026-08-14T18:00:00Z,157.2,0.0,0.0,0.0
5-10 дней,2026-08-08T10:18:13Z,2026-08-14T18:00:00Z,151.7,0.0,0.0,0.0
5-10 дней,2026-08-08T22:37:20Z,2026-08-14T18:00:00Z,139.4,0.0,0.0,0.0
5-10 дней,2026-08-09T04:59:03Z,2026-08-14T18:00:00Z,133.0,0.0,0.0,0.0
5-10 дней,2026-08-09T10:19:29Z,2026-08-14T18:00:00Z,127.7,0.0,0.0,0.0
5-10 дней,2026-08-09T12:41:38Z,2026-08-14T18:00:00Z,125.3,0.0,0.0,0.0
5-10 дней,2026-08-09T12:45:53Z,2026-08-14T18:00:00Z,125.2,0.0,0.0,0.0
5-10 дней,2026-08-09T12:48:15Z,2026-08-14T18:00:00Z,125.2,0.0,0.0,0.0
5-10 дней,2026-08-09T16:31:44Z,2026-08-14T18:00:00Z,121.5,0.0,0.0,0.0
5-10 дней,2026-08-06T09:50:07Z,2026-08-15T06:00:00Z,212.2,0.0,0.0,0.0
5-10 дней,2026-08-06T09:59:18Z,2026-08-15T06:00:00Z,212.0,0.0,0.0,0.0
5-10 дней,2026-08-06T10:08:26Z,2026-08-15T06:00:00Z,211.9,0.0,0.0,0.0
5-10 дней,2026-08-06T10:47:54Z,2026-08-15T06:00:00Z,211.2,0.0,0.0,0.0
5-10 дней,2026-08-06T11:30:42Z,2026-08-15T06:00:00Z,210.5,0.0,0.0,0.0
5-10 дней,2026-08-06T11:36:01Z,2026-08-15T06:00:00Z,210.4,0.0,0.0,0.0
5-10 дней,2026-08-06T11:44:08Z,2026-08-15T06:00:00Z,210.3,0.0,0.0,0.0
5-10 дней,2026-08-07T01:31:32Z,2026-08-15T06:00:00Z,196.5,0.0,0.0,0.0
5-10 дней,2026-08-07T05:36:00Z,2026-08-15T06:00:00Z,192.4,0.0,0.0,0.0
5-10 дней,2026-08-07T06:18:59Z,2026-08-15T06:00:00Z,191.7,0.0,0.0,0.0
5-10 дней,2026-08-07T07:13:52Z,2026-08-15T06:00:00Z,190.8,0.0,0.0,0.0
5-10 дней,2026-08-07T10:39:14Z,2026-08-15T06:00:00Z,187.3,0.0,0.0,0.0
5-10 дней,2026-08-07T16:51:54Z,2026-08-15T06:00:00Z,181.1,0.0,0.0,0.0
5-10 дней,2026-08-07T22:45:57Z,2026-08-15T06:00:00Z,175.2,0.0,0.0,0.0
5-10 дней,2026-08-07T23:19:23Z,2026-08-15T06:00:00Z,174.7,0.0,0.0,0.0
5-10 дней,2026-08-08T04:50:53Z,2026-08-15T06:00:00Z,169.2,0.0,0.0,0.0
5-10 дней,2026-08-08T10:18:13Z,2026-08-15T06:00:00Z,163.7,0.0,0.0,0.0
5-10 дней,2026-08-08T22:37:20Z,2026-08-15T06:00:00Z,151.4,0.0,0.0,0.0
5-10 дней,2026-08-09T04:59:03Z,2026-08-15T06:00:00Z,145.0,0.0,0.0,0.0
5-10 дней,2026-08-09T10:19:29Z,2026-08-15T06:00:00Z,139.7,0.0,0.0,0.0
5-10 дней,2026-08-09T12:41:38Z,2026-08-15T06:00:00Z,137.3,0.0,0.0,0.0
5-10 дней,2026-08-09T12:45:53Z,2026-08-15T06:00:00Z,137.2,0.0,0.0,0.0
5-10 дней,2026-08-09T12:48:15Z,2026-08-15T06:00:00Z,137.2,0.0,0.0,0.0
5-10 дней,2026-08-09T16:31:44Z,2026-08-15T06:00:00Z,133.5,0.0,0.0,0.0
5-10 дней,2026-08-09T22:39:09Z,2026-08-15T06:00:00Z,127.3,0.0,0.0,0.0
5-10 дней,2026-08-10T05:20:42Z,2026-08-15T06:00:00Z,120.7,0.0,0.0,0.0
5-10 дней,2026-08-06T09:50:07Z,2026-08-15T18:00:00Z,224.2,0.0,0.0,0.0
5-10 дней,2026-08-06T09:59:18Z,2026-08-15T18:00:00Z,224.0,0.0,0.0,0.0
5-10 дней,2026-08-06T10:08:26Z,2026-08-15T18:00:00Z,223.9,0.0,0.0,0.0
5-10 дней,2026-08-06T10:47:54Z,2026-08-15T18:00:00Z,223.2,0.0,0.0,0.0
5-10 дней,2026-08-06T11:30:42Z,2026-08-15T18:00:00Z,222.5,0.0,0.0,0.0
5-10 дней,2026-08-06T11:36:01Z,2026-08-15T18:00:00Z,222.4,0.0,0.0,0.0
5-10 дней,2026-08-06T11:44:08Z,2026-08-15T18:00:00Z,222.3,0.0,0.0,0.0
5-10 дней,2026-08-07T01:31:32Z,2026-08-15T18:00:00Z,208.5,0.0,0.0,0.0
5-10 дней,2026-08-07T05:36:00Z,2026-08-15T18:00:00Z,204.4,0.0,0.0,0.0
5-10 дней,2026-08-07T06:18:59Z,2026-08-15T18:00:00Z,203.7,0.0,0.0,0.0
5-10 дней,2026-08-07T07:13:52Z,2026-08-15T18:00:00Z,202.8,0.0,0.0,0.0
5-10 дней,2026-08-07T10:39:14Z,2026-08-15T18:00:00Z,199.3,0.0,0.0,0.0
5-10 дней,2026-08-07T16:51:54Z,2026-08-15T18:00:00Z,193.1,0.0,0.0,0.0
5-10 дней,2026-08-07T22:45:57Z,2026-08-15T18:00:00Z,187.2,0.0,0.0,0.0
5-10 дней,2026-08-07T23:19:23Z,2026-08-15T18:00:00Z,186.7,0.0,0.0,0.0
5-10 дней,2026-08-08T04:50:53Z,2026-08-15T18:00:00Z,181.2,0.0,0.0,0.0
5-10 дней,2026-08-08T10:18:13Z,2026-08-15T18:00:00Z,175.7,0.0,0.0,0.0
5-10 дней,2026-08-08T22:37:20Z,2026-08-15T18:00:00Z,163.4,0.0,0.0,0.0
5-10 дней,2026-08-09T04:59:03Z,2026-08-15T18:00:00Z,157.0,0.0,0.0,0.0
5-10 дней,2026-08-09T10:19:29Z,2026-08-15T18:00:00Z,151.7,0.0,0.0,0.0
5-10 дней,2026-08-09T12:41:38Z,2026-08-15T18:00:00Z,149.3,0.0,0.0,0.0
5-10 дней,2026-08-09T12:45:53Z,2026-08-15T18:00:00Z,149.2,0.0,0.0,0.0
5-10 дней,2026-08-09T12:48:15Z,2026-08-15T18:00:00Z,149.2,0.0,0.0,0.0
5-10 дней,2026-08-09T16:31:44Z,2026-08-15T18:00:00Z,145.5,0.0,0.0,0.0
5-10 дней,2026-08-09T22:39:09Z,2026-08-15T18:00:00Z,139.3,0.0,0.0,0.0
5-10 дней,2026-08-10T05:20:42Z,2026-08-15T18:00:00Z,132.7,0.0,0.0,0.0
5-10 дней,2026-08-10T10:53:28Z,2026-08-15T18:00:00Z,127.1,0.0,0.0,0.0
5-10 дней,2026-08-10T16:52:05Z,2026-08-15T18:00:00Z,121.1,0.0,0.0,0.0
