# Нови-Сад / Температура / Общий (среднее по: 0-6ч, 6-24ч, 1-2 дня, 2-3 дня) / GEM (Канада)
# среднее skill = 0.8926, всего пар = 947
#
bucket,fetched_at,valid_time,lead_hours,forecast,observed,persistence,error,abs_error
0-6ч,2026-08-06T09:50:07Z,2026-08-06T10:00:00Z,0.2,36.9,37.2,35.7,-0.3,0.3
0-6ч,2026-08-06T09:50:07Z,2026-08-06T11:00:00Z,1.2,37.4,37.6,35.7,-0.2,0.2
0-6ч,2026-08-06T09:50:07Z,2026-08-06T12:00:00Z,2.2,37.8,37.5,35.7,0.3,0.3
0-6ч,2026-08-06T09:50:07Z,2026-08-06T13:00:00Z,3.2,38.0,38.3,35.7,-0.3,0.3
0-6ч,2026-08-06T09:50:07Z,2026-08-06T14:00:00Z,4.2,38.0,38.0,35.7,0.0,0.0
0-6ч,2026-08-06T09:50:07Z,2026-08-06T15:00:00Z,5.2,37.7,36.8,35.7,0.9,0.9
0-6ч,2026-08-06T09:59:18Z,2026-08-06T10:00:00Z,0.0,36.9,37.2,35.7,-0.3,0.3
0-6ч,2026-08-06T09:59:18Z,2026-08-06T11:00:00Z,1.0,37.4,37.6,35.7,-0.2,0.2
0-6ч,2026-08-06T09:59:18Z,2026-08-06T12:00:00Z,2.0,37.8,37.5,35.7,0.3,0.3
0-6ч,2026-08-06T09:59:18Z,2026-08-06T13:00:00Z,3.0,38.0,38.3,35.7,-0.3,0.3
0-6ч,2026-08-06T09:59:18Z,2026-08-06T14:00:00Z,4.0,38.0,38.0,35.7,0.0,0.0
0-6ч,2026-08-06T09:59:18Z,2026-08-06T15:00:00Z,5.0,37.7,36.8,35.7,0.9,0.9
0-6ч,2026-08-06T10:08:26Z,2026-08-06T11:00:00Z,0.9,37.4,37.6,37.2,-0.2,0.2
0-6ч,2026-08-06T10:08:26Z,2026-08-06T12:00:00Z,1.9,37.8,37.5,37.2,0.3,0.3
0-6ч,2026-08-06T10:08:26Z,2026-08-06T13:00:00Z,2.9,38.0,38.3,37.2,-0.3,0.3
0-6ч,2026-08-06T10:08:26Z,2026-08-06T14:00:00Z,3.9,38.0,38.0,37.2,0.0,0.0
0-6ч,2026-08-06T10:08:26Z,2026-08-06T15:00:00Z,4.9,37.7,36.8,37.2,0.9,0.9
0-6ч,2026-08-06T10:08:26Z,2026-08-06T16:00:00Z,5.9,37.2,30.8,37.2,6.4,6.4
0-6ч,2026-08-06T10:47:54Z,2026-08-06T11:00:00Z,0.2,37.4,37.6,37.2,-0.2,0.2
0-6ч,2026-08-06T10:47:54Z,2026-08-06T12:00:00Z,1.2,37.8,37.5,37.2,0.3,0.3
0-6ч,2026-08-06T10:47:54Z,2026-08-06T13:00:00Z,2.2,38.0,38.3,37.2,-0.3,0.3
0-6ч,2026-08-06T10:47:54Z,2026-08-06T14:00:00Z,3.2,38.0,38.0,37.2,0.0,0.0
0-6ч,2026-08-06T10:47:54Z,2026-08-06T15:00:00Z,4.2,37.7,36.8,37.2,0.9,0.9
0-6ч,2026-08-06T10:47:54Z,2026-08-06T16:00:00Z,5.2,37.2,30.8,37.2,6.4,6.4
0-6ч,2026-08-06T11:30:42Z,2026-08-06T12:00:00Z,0.5,37.8,37.5,37.6,0.3,0.3
0-6ч,2026-08-06T11:30:42Z,2026-08-06T13:00:00Z,1.5,38.0,38.3,37.6,-0.3,0.3
0-6ч,2026-08-06T11:30:42Z,2026-08-06T14:00:00Z,2.5,38.0,38.0,37.6,0.0,0.0
0-6ч,2026-08-06T11:30:42Z,2026-08-06T15:00:00Z,3.5,37.7,36.8,37.6,0.9,0.9
0-6ч,2026-08-06T11:30:42Z,2026-08-06T16:00:00Z,4.5,37.2,30.8,37.6,6.4,6.4
0-6ч,2026-08-06T11:30:42Z,2026-08-06T17:00:00Z,5.5,36.2,31.2,37.6,5.0,5.0
0-6ч,2026-08-06T11:36:01Z,2026-08-06T12:00:00Z,0.4,37.8,37.5,37.6,0.3,0.3
0-6ч,2026-08-06T11:36:01Z,2026-08-06T13:00:00Z,1.4,38.0,38.3,37.6,-0.3,0.3
0-6ч,2026-08-06T11:36:01Z,2026-08-06T14:00:00Z,2.4,38.0,38.0,37.6,0.0,0.0
0-6ч,2026-08-06T11:36:01Z,2026-08-06T15:00:00Z,3.4,37.7,36.8,37.6,0.9,0.9
0-6ч,2026-08-06T11:36:01Z,2026-08-06T16:00:00Z,4.4,37.2,30.8,37.6,6.4,6.4
0-6ч,2026-08-06T11:36:01Z,2026-08-06T17:00:00Z,5.4,36.2,31.2,37.6,5.0,5.0
0-6ч,2026-08-06T11:44:08Z,2026-08-06T12:00:00Z,0.3,37.8,37.5,37.6,0.3,0.3
0-6ч,2026-08-06T11:44:08Z,2026-08-06T13:00:00Z,1.3,38.0,38.3,37.6,-0.3,0.3
0-6ч,2026-08-06T11:44:08Z,2026-08-06T14:00:00Z,2.3,38.0,38.0,37.6,0.0,0.0
0-6ч,2026-08-06T11:44:08Z,2026-08-06T15:00:00Z,3.3,37.7,36.8,37.6,0.9,0.9
0-6ч,2026-08-06T11:44:08Z,2026-08-06T16:00:00Z,4.3,37.2,30.8,37.6,6.4,6.4
0-6ч,2026-08-06T11:44:08Z,2026-08-06T17:00:00Z,5.3,36.2,31.2,37.6,5.0,5.0
0-6ч,2026-08-07T01:31:32Z,2026-08-07T02:00:00Z,0.5,23.6,24.8,25.3,-1.2,1.2
0-6ч,2026-08-07T01:31:32Z,2026-08-07T03:00:00Z,1.5,23.5,24.6,25.3,-1.1,1.1
0-6ч,2026-08-07T01:31:32Z,2026-08-07T04:00:00Z,2.5,23.7,24.9,25.3,-1.2,1.2
0-6ч,2026-08-07T01:31:32Z,2026-08-07T05:00:00Z,3.5,24.9,26.1,25.3,-1.2,1.2
0-6ч,2026-08-07T01:31:32Z,2026-08-07T06:00:00Z,4.5,26.0,27.0,25.3,-1.0,1.0
0-6ч,2026-08-07T01:31:32Z,2026-08-07T07:00:00Z,5.5,27.6,28.0,25.3,-0.4,0.4
0-6ч,2026-08-07T05:36:00Z,2026-08-07T06:00:00Z,0.4,26.0,27.0,26.1,-1.0,1.0
0-6ч,2026-08-07T05:36:00Z,2026-08-07T07:00:00Z,1.4,27.6,28.0,26.1,-0.4,0.4
0-6ч,2026-08-07T05:36:00Z,2026-08-07T08:00:00Z,2.4,29.0,30.5,26.1,-1.5,1.5
0-6ч,2026-08-07T05:36:00Z,2026-08-07T09:00:00Z,3.4,30.0,33.0,26.1,-3.0,3.0
0-6ч,2026-08-07T05:36:00Z,2026-08-07T10:00:00Z,4.4,31.0,35.0,26.1,-4.0,4.0
0-6ч,2026-08-07T05:36:00Z,2026-08-07T11:00:00Z,5.4,32.7,35.9,26.1,-3.2,3.2
0-6ч,2026-08-07T06:18:59Z,2026-08-07T07:00:00Z,0.7,29.1,28.0,27.0,1.1,1.1
0-6ч,2026-08-07T06:18:59Z,2026-08-07T08:00:00Z,1.7,31.1,30.5,27.0,0.6,0.6
0-6ч,2026-08-07T06:18:59Z,2026-08-07T09:00:00Z,2.7,33.0,33.0,27.0,0.0,0.0
0-6ч,2026-08-07T06:18:59Z,2026-08-07T10:00:00Z,3.7,34.8,35.0,27.0,-0.2,0.2
0-6ч,2026-08-07T06:18:59Z,2026-08-07T11:00:00Z,4.7,36.2,35.9,27.0,0.3,0.3
0-6ч,2026-08-07T06:18:59Z,2026-08-07T12:00:00Z,5.7,37.0,36.6,27.0,0.4,0.4
0-6ч,2026-08-07T07:13:52Z,2026-08-07T08:00:00Z,0.8,31.1,30.5,28.0,0.6,0.6
0-6ч,2026-08-07T07:13:52Z,2026-08-07T09:00:00Z,1.8,33.0,33.0,28.0,0.0,0.0
0-6ч,2026-08-07T07:13:52Z,2026-08-07T10:00:00Z,2.8,34.8,35.0,28.0,-0.2,0.2
0-6ч,2026-08-07T07:13:52Z,2026-08-07T11:00:00Z,3.8,36.2,35.9,28.0,0.3,0.3
0-6ч,2026-08-07T07:13:52Z,2026-08-07T12:00:00Z,4.8,37.0,36.6,28.0,0.4,0.4
0-6ч,2026-08-07T07:13:52Z,2026-08-07T13:00:00Z,5.8,37.4,36.9,28.0,0.5,0.5
0-6ч,2026-08-07T10:39:14Z,2026-08-07T11:00:00Z,0.3,36.2,35.9,35.0,0.3,0.3
0-6ч,2026-08-07T10:39:14Z,2026-08-07T12:00:00Z,1.3,37.0,36.6,35.0,0.4,0.4
0-6ч,2026-08-07T10:39:14Z,2026-08-07T13:00:00Z,2.3,37.4,36.9,35.0,0.5,0.5
0-6ч,2026-08-07T10:39:14Z,2026-08-07T14:00:00Z,3.3,37.2,37.2,35.0,0.0,0.0
0-6ч,2026-08-07T10:39:14Z,2026-08-07T15:00:00Z,4.3,36.6,36.4,35.0,0.2,0.2
0-6ч,2026-08-07T10:39:14Z,2026-08-07T16:00:00Z,5.3,36.0,34.4,35.0,1.6,1.6
0-6ч,2026-08-07T16:51:54Z,2026-08-07T17:00:00Z,0.1,34.6,34.2,34.4,0.4,0.4
0-6ч,2026-08-07T16:51:54Z,2026-08-07T18:00:00Z,1.1,30.1,32.0,34.4,-1.9,1.9
0-6ч,2026-08-07T16:51:54Z,2026-08-07T19:00:00Z,2.1,26.4,29.3,34.4,-2.9,2.9
0-6ч,2026-08-07T16:51:54Z,2026-08-07T20:00:00Z,3.1,25.4,28.2,34.4,-2.8,2.8
0-6ч,2026-08-07T16:51:54Z,2026-08-07T21:00:00Z,4.1,24.6,27.2,34.4,-2.6,2.6
0-6ч,2026-08-07T16:51:54Z,2026-08-07T22:00:00Z,5.1,23.7,27.1,34.4,-3.4,3.4
0-6ч,2026-08-07T22:45:57Z,2026-08-07T23:00:00Z,0.2,28.4,25.7,27.1,2.7,2.7
0-6ч,2026-08-07T22:45:57Z,2026-08-08T00:00:00Z,1.2,27.2,25.6,27.1,1.6,1.6
0-6ч,2026-08-07T22:45:57Z,2026-08-08T01:00:00Z,2.2,26.1,25.1,27.1,1.0,1.0
0-6ч,2026-08-07T22:45:57Z,2026-08-08T02:00:00Z,3.2,25.3,23.0,27.1,2.3,2.3
0-6ч,2026-08-07T22:45:57Z,2026-08-08T03:00:00Z,4.2,24.6,21.4,27.1,3.2,3.2
0-6ч,2026-08-07T22:45:57Z,2026-08-08T04:00:00Z,5.2,24.1,21.2,27.1,2.9,2.9
0-6ч,2026-08-07T23:19:23Z,2026-08-08T00:00:00Z,0.7,27.2,25.6,25.7,1.6,1.6
0-6ч,2026-08-07T23:19:23Z,2026-08-08T01:00:00Z,1.7,26.1,25.1,25.7,1.0,1.0
0-6ч,2026-08-07T23:19:23Z,2026-08-08T02:00:00Z,2.7,25.3,23.0,25.7,2.3,2.3
0-6ч,2026-08-07T23:19:23Z,2026-08-08T03:00:00Z,3.7,24.6,21.4,25.7,3.2,3.2
0-6ч,2026-08-07T23:19:23Z,2026-08-08T04:00:00Z,4.7,24.1,21.2,25.7,2.9,2.9
0-6ч,2026-08-07T23:19:23Z,2026-08-08T05:00:00Z,5.7,25.0,21.7,25.7,3.3,3.3
0-6ч,2026-08-08T04:50:53Z,2026-08-08T05:00:00Z,0.2,25.0,21.7,21.2,3.3,3.3
0-6ч,2026-08-08T04:50:53Z,2026-08-08T06:00:00Z,1.2,26.3,22.6,21.2,3.7,3.7
0-6ч,2026-08-08T04:50:53Z,2026-08-08T07:00:00Z,2.2,27.8,24.4,21.2,3.4,3.4
0-6ч,2026-08-08T04:50:53Z,2026-08-08T08:00:00Z,3.2,29.5,25.6,21.2,3.9,3.9
0-6ч,2026-08-08T04:50:53Z,2026-08-08T09:00:00Z,4.2,31.3,28.1,21.2,3.2,3.2
0-6ч,2026-08-08T04:50:53Z,2026-08-08T10:00:00Z,5.2,32.8,29.7,21.2,3.1,3.1
0-6ч,2026-08-08T10:18:13Z,2026-08-08T11:00:00Z,0.7,31.9,30.9,29.7,1.0,1.0
0-6ч,2026-08-08T10:18:13Z,2026-08-08T12:00:00Z,1.7,32.9,31.4,29.7,1.5,1.5
0-6ч,2026-08-08T10:18:13Z,2026-08-08T13:00:00Z,2.7,33.4,32.0,29.7,1.4,1.4
0-6ч,2026-08-08T10:18:13Z,2026-08-08T14:00:00Z,3.7,33.5,31.3,29.7,2.2,2.2
0-6ч,2026-08-08T10:18:13Z,2026-08-08T15:00:00Z,4.7,33.2,32.0,29.7,1.2,1.2
0-6ч,2026-08-08T10:18:13Z,2026-08-08T16:00:00Z,5.7,32.6,31.3,29.7,1.3,1.3
0-6ч,2026-08-08T22:37:20Z,2026-08-08T23:00:00Z,0.4,24.1,24.9,25.4,-0.8,0.8
0-6ч,2026-08-08T22:37:20Z,2026-08-09T00:00:00Z,1.4,23.9,24.2,25.4,-0.3,0.3
0-6ч,2026-08-08T22:37:20Z,2026-08-09T01:00:00Z,2.4,23.6,23.8,25.4,-0.2,0.2
0-6ч,2026-08-08T22:37:20Z,2026-08-09T02:00:00Z,3.4,22.8,22.8,25.4,0.0,0.0
0-6ч,2026-08-08T22:37:20Z,2026-08-09T03:00:00Z,4.4,21.7,21.3,25.4,0.4,0.4
0-6ч,2026-08-08T22:37:20Z,2026-08-09T04:00:00Z,5.4,21.0,20.7,25.4,0.3,0.3
0-6ч,2026-08-09T04:59:03Z,2026-08-09T05:00:00Z,0.0,22.1,21.8,20.7,0.3,0.3
0-6ч,2026-08-09T04:59:03Z,2026-08-09T06:00:00Z,1.0,24.3,23.2,20.7,1.1,1.1
0-6ч,2026-08-09T04:59:03Z,2026-08-09T07:00:00Z,2.0,26.2,24.7,20.7,1.5,1.5
0-6ч,2026-08-09T04:59:03Z,2026-08-09T08:00:00Z,3.0,28.0,27.1,20.7,0.9,0.9
0-6ч,2026-08-09T04:59:03Z,2026-08-09T09:00:00Z,4.0,29.5,28.8,20.7,0.7,0.7
0-6ч,2026-08-09T04:59:03Z,2026-08-09T10:00:00Z,5.0,30.6,30.1,20.7,0.5,0.5
6-24ч,2026-08-06T09:50:07Z,2026-08-06T16:00:00Z,6.2,37.2,30.8,35.7,6.4,6.4
6-24ч,2026-08-06T09:50:07Z,2026-08-06T17:00:00Z,7.2,36.2,31.2,35.7,5.0,5.0
6-24ч,2026-08-06T09:50:07Z,2026-08-06T18:00:00Z,8.2,33.8,30.4,35.7,3.4,3.4
6-24ч,2026-08-06T09:50:07Z,2026-08-06T19:00:00Z,9.2,31.0,28.6,35.7,2.4,2.4
6-24ч,2026-08-06T09:50:07Z,2026-08-06T20:00:00Z,10.2,29.4,28.8,35.7,0.6,0.6
6-24ч,2026-08-06T09:50:07Z,2026-08-06T21:00:00Z,11.2,28.4,27.6,35.7,0.8,0.8
6-24ч,2026-08-06T09:50:07Z,2026-08-06T22:00:00Z,12.2,27.5,27.1,35.7,0.4,0.4
6-24ч,2026-08-06T09:50:07Z,2026-08-06T23:00:00Z,13.2,26.8,26.3,35.7,0.5,0.5
6-24ч,2026-08-06T09:50:07Z,2026-08-07T00:00:00Z,14.2,25.2,25.6,35.7,-0.4,0.4
6-24ч,2026-08-06T09:50:07Z,2026-08-07T01:00:00Z,15.2,23.9,25.3,35.7,-1.4,1.4
6-24ч,2026-08-06T09:50:07Z,2026-08-07T02:00:00Z,16.2,22.8,24.8,35.7,-2.0,2.0
6-24ч,2026-08-06T09:50:07Z,2026-08-07T03:00:00Z,17.2,22.3,24.6,35.7,-2.3,2.3
6-24ч,2026-08-06T09:50:07Z,2026-08-07T04:00:00Z,18.2,22.5,24.9,35.7,-2.4,2.4
6-24ч,2026-08-06T09:50:07Z,2026-08-07T05:00:00Z,19.2,23.4,26.1,35.7,-2.7,2.7
6-24ч,2026-08-06T09:50:07Z,2026-08-07T06:00:00Z,20.2,25.2,27.0,35.7,-1.8,1.8
6-24ч,2026-08-06T09:50:07Z,2026-08-07T07:00:00Z,21.2,27.6,28.0,35.7,-0.4,0.4
6-24ч,2026-08-06T09:50:07Z,2026-08-07T08:00:00Z,22.2,29.1,30.5,35.7,-1.4,1.4
6-24ч,2026-08-06T09:50:07Z,2026-08-07T09:00:00Z,23.2,30.3,33.0,35.7,-2.7,2.7
6-24ч,2026-08-06T09:59:18Z,2026-08-06T16:00:00Z,6.0,37.2,30.8,35.7,6.4,6.4
6-24ч,2026-08-06T09:59:18Z,2026-08-06T17:00:00Z,7.0,36.2,31.2,35.7,5.0,5.0
6-24ч,2026-08-06T09:59:18Z,2026-08-06T18:00:00Z,8.0,33.8,30.4,35.7,3.4,3.4
6-24ч,2026-08-06T09:59:18Z,2026-08-06T19:00:00Z,9.0,31.0,28.6,35.7,2.4,2.4
6-24ч,2026-08-06T09:59:18Z,2026-08-06T20:00:00Z,10.0,29.4,28.8,35.7,0.6,0.6
6-24ч,2026-08-06T09:59:18Z,2026-08-06T21:00:00Z,11.0,28.4,27.6,35.7,0.8,0.8
6-24ч,2026-08-06T09:59:18Z,2026-08-06T22:00:00Z,12.0,27.5,27.1,35.7,0.4,0.4
6-24ч,2026-08-06T09:59:18Z,2026-08-06T23:00:00Z,13.0,26.8,26.3,35.7,0.5,0.5
6-24ч,2026-08-06T09:59:18Z,2026-08-07T00:00:00Z,14.0,25.2,25.6,35.7,-0.4,0.4
6-24ч,2026-08-06T09:59:18Z,2026-08-07T01:00:00Z,15.0,23.9,25.3,35.7,-1.4,1.4
6-24ч,2026-08-06T09:59:18Z,2026-08-07T02:00:00Z,16.0,22.8,24.8,35.7,-2.0,2.0
6-24ч,2026-08-06T09:59:18Z,2026-08-07T03:00:00Z,17.0,22.3,24.6,35.7,-2.3,2.3
6-24ч,2026-08-06T09:59:18Z,2026-08-07T04:00:00Z,18.0,22.5,24.9,35.7,-2.4,2.4
6-24ч,2026-08-06T09:59:18Z,2026-08-07T05:00:00Z,19.0,23.4,26.1,35.7,-2.7,2.7
6-24ч,2026-08-06T09:59:18Z,2026-08-07T06:00:00Z,20.0,25.2,27.0,35.7,-1.8,1.8
6-24ч,2026-08-06T09:59:18Z,2026-08-07T07:00:00Z,21.0,27.6,28.0,35.7,-0.4,0.4
6-24ч,2026-08-06T09:59:18Z,2026-08-07T08:00:00Z,22.0,29.1,30.5,35.7,-1.4,1.4
6-24ч,2026-08-06T09:59:18Z,2026-08-07T09:00:00Z,23.0,30.3,33.0,35.7,-2.7,2.7
6-24ч,2026-08-06T10:08:26Z,2026-08-06T17:00:00Z,6.9,36.2,31.2,37.2,5.0,5.0
6-24ч,2026-08-06T10:08:26Z,2026-08-06T18:00:00Z,7.9,33.8,30.4,37.2,3.4,3.4
6-24ч,2026-08-06T10:08:26Z,2026-08-06T19:00:00Z,8.9,31.0,28.6,37.2,2.4,2.4
6-24ч,2026-08-06T10:08:26Z,2026-08-06T20:00:00Z,9.9,29.4,28.8,37.2,0.6,0.6
6-24ч,2026-08-06T10:08:26Z,2026-08-06T21:00:00Z,10.9,28.4,27.6,37.2,0.8,0.8
6-24ч,2026-08-06T10:08:26Z,2026-08-06T22:00:00Z,11.9,27.5,27.1,37.2,0.4,0.4
6-24ч,2026-08-06T10:08:26Z,2026-08-06T23:00:00Z,12.9,26.8,26.3,37.2,0.5,0.5
6-24ч,2026-08-06T10:08:26Z,2026-08-07T00:00:00Z,13.9,25.2,25.6,37.2,-0.4,0.4
6-24ч,2026-08-06T10:08:26Z,2026-08-07T01:00:00Z,14.9,23.9,25.3,37.2,-1.4,1.4
6-24ч,2026-08-06T10:08:26Z,2026-08-07T02:00:00Z,15.9,22.8,24.8,37.2,-2.0,2.0
6-24ч,2026-08-06T10:08:26Z,2026-08-07T03:00:00Z,16.9,22.3,24.6,37.2,-2.3,2.3
6-24ч,2026-08-06T10:08:26Z,2026-08-07T04:00:00Z,17.9,22.5,24.9,37.2,-2.4,2.4
6-24ч,2026-08-06T10:08:26Z,2026-08-07T05:00:00Z,18.9,23.4,26.1,37.2,-2.7,2.7
6-24ч,2026-08-06T10:08:26Z,2026-08-07T06:00:00Z,19.9,25.2,27.0,37.2,-1.8,1.8
6-24ч,2026-08-06T10:08:26Z,2026-08-07T07:00:00Z,20.9,27.6,28.0,37.2,-0.4,0.4
6-24ч,2026-08-06T10:08:26Z,2026-08-07T08:00:00Z,21.9,29.1,30.5,37.2,-1.4,1.4
6-24ч,2026-08-06T10:08:26Z,2026-08-07T09:00:00Z,22.9,30.3,33.0,37.2,-2.7,2.7
6-24ч,2026-08-06T10:08:26Z,2026-08-07T10:00:00Z,23.9,31.8,35.0,37.2,-3.2,3.2
6-24ч,2026-08-06T10:47:54Z,2026-08-06T17:00:00Z,6.2,36.2,31.2,37.2,5.0,5.0
6-24ч,2026-08-06T10:47:54Z,2026-08-06T18:00:00Z,7.2,33.8,30.4,37.2,3.4,3.4
6-24ч,2026-08-06T10:47:54Z,2026-08-06T19:00:00Z,8.2,31.0,28.6,37.2,2.4,2.4
6-24ч,2026-08-06T10:47:54Z,2026-08-06T20:00:00Z,9.2,29.4,28.8,37.2,0.6,0.6
6-24ч,2026-08-06T10:47:54Z,2026-08-06T21:00:00Z,10.2,28.4,27.6,37.2,0.8,0.8
6-24ч,2026-08-06T10:47:54Z,2026-08-06T22:00:00Z,11.2,27.5,27.1,37.2,0.4,0.4
6-24ч,2026-08-06T10:47:54Z,2026-08-06T23:00:00Z,12.2,26.8,26.3,37.2,0.5,0.5
6-24ч,2026-08-06T10:47:54Z,2026-08-07T00:00:00Z,13.2,25.2,25.6,37.2,-0.4,0.4
6-24ч,2026-08-06T10:47:54Z,2026-08-07T01:00:00Z,14.2,23.9,25.3,37.2,-1.4,1.4
6-24ч,2026-08-06T10:47:54Z,2026-08-07T02:00:00Z,15.2,22.8,24.8,37.2,-2.0,2.0
6-24ч,2026-08-06T10:47:54Z,2026-08-07T03:00:00Z,16.2,22.3,24.6,37.2,-2.3,2.3
6-24ч,2026-08-06T10:47:54Z,2026-08-07T04:00:00Z,17.2,22.5,24.9,37.2,-2.4,2.4
6-24ч,2026-08-06T10:47:54Z,2026-08-07T05:00:00Z,18.2,23.4,26.1,37.2,-2.7,2.7
6-24ч,2026-08-06T10:47:54Z,2026-08-07T06:00:00Z,19.2,25.2,27.0,37.2,-1.8,1.8
6-24ч,2026-08-06T10:47:54Z,2026-08-07T07:00:00Z,20.2,27.6,28.0,37.2,-0.4,0.4
6-24ч,2026-08-06T10:47:54Z,2026-08-07T08:00:00Z,21.2,29.1,30.5,37.2,-1.4,1.4
6-24ч,2026-08-06T10:47:54Z,2026-08-07T09:00:00Z,22.2,30.3,33.0,37.2,-2.7,2.7
6-24ч,2026-08-06T10:47:54Z,2026-08-07T10:00:00Z,23.2,31.8,35.0,37.2,-3.2,3.2
6-24ч,2026-08-06T11:30:42Z,2026-08-06T18:00:00Z,6.5,33.8,30.4,37.6,3.4,3.4
6-24ч,2026-08-06T11:30:42Z,2026-08-06T19:00:00Z,7.5,31.0,28.6,37.6,2.4,2.4
6-24ч,2026-08-06T11:30:42Z,2026-08-06T20:00:00Z,8.5,29.4,28.8,37.6,0.6,0.6
6-24ч,2026-08-06T11:30:42Z,2026-08-06T21:00:00Z,9.5,28.4,27.6,37.6,0.8,0.8
6-24ч,2026-08-06T11:30:42Z,2026-08-06T22:00:00Z,10.5,27.5,27.1,37.6,0.4,0.4
6-24ч,2026-08-06T11:30:42Z,2026-08-06T23:00:00Z,11.5,26.8,26.3,37.6,0.5,0.5
6-24ч,2026-08-06T11:30:42Z,2026-08-07T00:00:00Z,12.5,25.2,25.6,37.6,-0.4,0.4
6-24ч,2026-08-06T11:30:42Z,2026-08-07T01:00:00Z,13.5,23.9,25.3,37.6,-1.4,1.4
6-24ч,2026-08-06T11:30:42Z,2026-08-07T02:00:00Z,14.5,22.8,24.8,37.6,-2.0,2.0
6-24ч,2026-08-06T11:30:42Z,2026-08-07T03:00:00Z,15.5,22.3,24.6,37.6,-2.3,2.3
6-24ч,2026-08-06T11:30:42Z,2026-08-07T04:00:00Z,16.5,22.5,24.9,37.6,-2.4,2.4
6-24ч,2026-08-06T11:30:42Z,2026-08-07T05:00:00Z,17.5,23.4,26.1,37.6,-2.7,2.7
6-24ч,2026-08-06T11:30:42Z,2026-08-07T06:00:00Z,18.5,25.2,27.0,37.6,-1.8,1.8
6-24ч,2026-08-06T11:30:42Z,2026-08-07T07:00:00Z,19.5,27.6,28.0,37.6,-0.4,0.4
6-24ч,2026-08-06T11:30:42Z,2026-08-07T08:00:00Z,20.5,29.1,30.5,37.6,-1.4,1.4
6-24ч,2026-08-06T11:30:42Z,2026-08-07T09:00:00Z,21.5,30.3,33.0,37.6,-2.7,2.7
6-24ч,2026-08-06T11:30:42Z,2026-08-07T10:00:00Z,22.5,31.8,35.0,37.6,-3.2,3.2
6-24ч,2026-08-06T11:30:42Z,2026-08-07T11:00:00Z,23.5,33.2,35.9,37.6,-2.7,2.7
6-24ч,2026-08-06T11:36:01Z,2026-08-06T18:00:00Z,6.4,33.8,30.4,37.6,3.4,3.4
6-24ч,2026-08-06T11:36:01Z,2026-08-06T19:00:00Z,7.4,31.0,28.6,37.6,2.4,2.4
6-24ч,2026-08-06T11:36:01Z,2026-08-06T20:00:00Z,8.4,29.4,28.8,37.6,0.6,0.6
6-24ч,2026-08-06T11:36:01Z,2026-08-06T21:00:00Z,9.4,28.4,27.6,37.6,0.8,0.8
6-24ч,2026-08-06T11:36:01Z,2026-08-06T22:00:00Z,10.4,27.5,27.1,37.6,0.4,0.4
6-24ч,2026-08-06T11:36:01Z,2026-08-06T23:00:00Z,11.4,26.8,26.3,37.6,0.5,0.5
6-24ч,2026-08-06T11:36:01Z,2026-08-07T00:00:00Z,12.4,25.2,25.6,37.6,-0.4,0.4
6-24ч,2026-08-06T11:36:01Z,2026-08-07T01:00:00Z,13.4,23.9,25.3,37.6,-1.4,1.4
6-24ч,2026-08-06T11:36:01Z,2026-08-07T02:00:00Z,14.4,22.8,24.8,37.6,-2.0,2.0
6-24ч,2026-08-06T11:36:01Z,2026-08-07T03:00:00Z,15.4,22.3,24.6,37.6,-2.3,2.3
6-24ч,2026-08-06T11:36:01Z,2026-08-07T04:00:00Z,16.4,22.5,24.9,37.6,-2.4,2.4
6-24ч,2026-08-06T11:36:01Z,2026-08-07T05:00:00Z,17.4,23.4,26.1,37.6,-2.7,2.7
6-24ч,2026-08-06T11:36:01Z,2026-08-07T06:00:00Z,18.4,25.2,27.0,37.6,-1.8,1.8
6-24ч,2026-08-06T11:36:01Z,2026-08-07T07:00:00Z,19.4,27.6,28.0,37.6,-0.4,0.4
6-24ч,2026-08-06T11:36:01Z,2026-08-07T08:00:00Z,20.4,29.1,30.5,37.6,-1.4,1.4
6-24ч,2026-08-06T11:36:01Z,2026-08-07T09:00:00Z,21.4,30.3,33.0,37.6,-2.7,2.7
6-24ч,2026-08-06T11:36:01Z,2026-08-07T10:00:00Z,22.4,31.8,35.0,37.6,-3.2,3.2
6-24ч,2026-08-06T11:36:01Z,2026-08-07T11:00:00Z,23.4,33.2,35.9,37.6,-2.7,2.7
6-24ч,2026-08-06T11:44:08Z,2026-08-06T18:00:00Z,6.3,33.8,30.4,37.6,3.4,3.4
6-24ч,2026-08-06T11:44:08Z,2026-08-06T19:00:00Z,7.3,31.0,28.6,37.6,2.4,2.4
6-24ч,2026-08-06T11:44:08Z,2026-08-06T20:00:00Z,8.3,29.4,28.8,37.6,0.6,0.6
6-24ч,2026-08-06T11:44:08Z,2026-08-06T21:00:00Z,9.3,28.4,27.6,37.6,0.8,0.8
6-24ч,2026-08-06T11:44:08Z,2026-08-06T22:00:00Z,10.3,27.5,27.1,37.6,0.4,0.4
6-24ч,2026-08-06T11:44:08Z,2026-08-06T23:00:00Z,11.3,26.8,26.3,37.6,0.5,0.5
6-24ч,2026-08-06T11:44:08Z,2026-08-07T00:00:00Z,12.3,25.2,25.6,37.6,-0.4,0.4
6-24ч,2026-08-06T11:44:08Z,2026-08-07T01:00:00Z,13.3,23.9,25.3,37.6,-1.4,1.4
6-24ч,2026-08-06T11:44:08Z,2026-08-07T02:00:00Z,14.3,22.8,24.8,37.6,-2.0,2.0
6-24ч,2026-08-06T11:44:08Z,2026-08-07T03:00:00Z,15.3,22.3,24.6,37.6,-2.3,2.3
6-24ч,2026-08-06T11:44:08Z,2026-08-07T04:00:00Z,16.3,22.5,24.9,37.6,-2.4,2.4
6-24ч,2026-08-06T11:44:08Z,2026-08-07T05:00:00Z,17.3,23.4,26.1,37.6,-2.7,2.7
6-24ч,2026-08-06T11:44:08Z,2026-08-07T06:00:00Z,18.3,25.2,27.0,37.6,-1.8,1.8
6-24ч,2026-08-06T11:44:08Z,2026-08-07T07:00:00Z,19.3,27.6,28.0,37.6,-0.4,0.4
6-24ч,2026-08-06T11:44:08Z,2026-08-07T08:00:00Z,20.3,29.1,30.5,37.6,-1.4,1.4
6-24ч,2026-08-06T11:44:08Z,2026-08-07T09:00:00Z,21.3,30.3,33.0,37.6,-2.7,2.7
6-24ч,2026-08-06T11:44:08Z,2026-08-07T10:00:00Z,22.3,31.8,35.0,37.6,-3.2,3.2
6-24ч,2026-08-06T11:44:08Z,2026-08-07T11:00:00Z,23.3,33.2,35.9,37.6,-2.7,2.7
6-24ч,2026-08-07T01:31:32Z,2026-08-07T08:00:00Z,6.5,29.0,30.5,25.3,-1.5,1.5
6-24ч,2026-08-07T01:31:32Z,2026-08-07T09:00:00Z,7.5,30.0,33.0,25.3,-3.0,3.0
6-24ч,2026-08-07T01:31:32Z,2026-08-07T10:00:00Z,8.5,31.0,35.0,25.3,-4.0,4.0
6-24ч,2026-08-07T01:31:32Z,2026-08-07T11:00:00Z,9.5,32.7,35.9,25.3,-3.2,3.2
6-24ч,2026-08-07T01:31:32Z,2026-08-07T12:00:00Z,10.5,33.9,36.6,25.3,-2.7,2.7
6-24ч,2026-08-07T01:31:32Z,2026-08-07T13:00:00Z,11.5,34.7,36.9,25.3,-2.2,2.2
6-24ч,2026-08-07T01:31:32Z,2026-08-07T14:00:00Z,12.5,36.1,37.2,25.3,-1.1,1.1
6-24ч,2026-08-07T01:31:32Z,2026-08-07T15:00:00Z,13.5,36.2,36.4,25.3,-0.2,0.2
6-24ч,2026-08-07T01:31:32Z,2026-08-07T16:00:00Z,14.5,32.7,34.4,25.3,-1.7,1.7
6-24ч,2026-08-07T01:31:32Z,2026-08-07T17:00:00Z,15.5,31.3,34.2,25.3,-2.9,2.9
6-24ч,2026-08-07T01:31:32Z,2026-08-07T18:00:00Z,16.5,29.3,32.0,25.3,-2.7,2.7
6-24ч,2026-08-07T01:31:32Z,2026-08-07T19:00:00Z,17.5,28.0,29.3,25.3,-1.3,1.3
6-24ч,2026-08-07T01:31:32Z,2026-08-07T20:00:00Z,18.5,27.1,28.2,25.3,-1.1,1.1
6-24ч,2026-08-07T01:31:32Z,2026-08-07T21:00:00Z,19.5,26.4,27.2,25.3,-0.8,0.8
6-24ч,2026-08-07T01:31:32Z,2026-08-07T22:00:00Z,20.5,25.6,27.1,25.3,-1.5,1.5
6-24ч,2026-08-07T01:31:32Z,2026-08-07T23:00:00Z,21.5,24.9,25.7,25.3,-0.8,0.8
6-24ч,2026-08-07T01:31:32Z,2026-08-08T00:00:00Z,22.5,24.6,25.6,25.3,-1.0,1.0
6-24ч,2026-08-07T01:31:32Z,2026-08-08T01:00:00Z,23.5,24.4,25.1,25.3,-0.7,0.7
6-24ч,2026-08-07T05:36:00Z,2026-08-07T12:00:00Z,6.4,33.9,36.6,26.1,-2.7,2.7
6-24ч,2026-08-07T05:36:00Z,2026-08-07T13:00:00Z,7.4,34.7,36.9,26.1,-2.2,2.2
6-24ч,2026-08-07T05:36:00Z,2026-08-07T14:00:00Z,8.4,36.1,37.2,26.1,-1.1,1.1
6-24ч,2026-08-07T05:36:00Z,2026-08-07T15:00:00Z,9.4,36.2,36.4,26.1,-0.2,0.2
6-24ч,2026-08-07T05:36:00Z,2026-08-07T16:00:00Z,10.4,32.7,34.4,26.1,-1.7,1.7
6-24ч,2026-08-07T05:36:00Z,2026-08-07T17:00:00Z,11.4,31.3,34.2,26.1,-2.9,2.9
6-24ч,2026-08-07T05:36:00Z,2026-08-07T18:00:00Z,12.4,29.3,32.0,26.1,-2.7,2.7
6-24ч,2026-08-07T05:36:00Z,2026-08-07T19:00:00Z,13.4,28.0,29.3,26.1,-1.3,1.3
6-24ч,2026-08-07T05:36:00Z,2026-08-07T20:00:00Z,14.4,27.1,28.2,26.1,-1.1,1.1
6-24ч,2026-08-07T05:36:00Z,2026-08-07T21:00:00Z,15.4,26.4,27.2,26.1,-0.8,0.8
6-24ч,2026-08-07T05:36:00Z,2026-08-07T22:00:00Z,16.4,25.6,27.1,26.1,-1.5,1.5
6-24ч,2026-08-07T05:36:00Z,2026-08-07T23:00:00Z,17.4,24.9,25.7,26.1,-0.8,0.8
6-24ч,2026-08-07T05:36:00Z,2026-08-08T00:00:00Z,18.4,24.6,25.6,26.1,-1.0,1.0
6-24ч,2026-08-07T05:36:00Z,2026-08-08T01:00:00Z,19.4,24.4,25.1,26.1,-0.7,0.7
6-24ч,2026-08-07T05:36:00Z,2026-08-08T02:00:00Z,20.4,24.3,23.0,26.1,1.3,1.3
6-24ч,2026-08-07T05:36:00Z,2026-08-08T03:00:00Z,21.4,24.1,21.4,26.1,2.7,2.7
6-24ч,2026-08-07T05:36:00Z,2026-08-08T04:00:00Z,22.4,24.0,21.2,26.1,2.8,2.8
6-24ч,2026-08-07T05:36:00Z,2026-08-08T05:00:00Z,23.4,24.7,21.7,26.1,3.0,3.0
6-24ч,2026-08-07T06:18:59Z,2026-08-07T13:00:00Z,6.7,37.4,36.9,27.0,0.5,0.5
6-24ч,2026-08-07T06:18:59Z,2026-08-07T14:00:00Z,7.7,37.2,37.2,27.0,0.0,0.0
6-24ч,2026-08-07T06:18:59Z,2026-08-07T15:00:00Z,8.7,36.6,36.4,27.0,0.2,0.2
6-24ч,2026-08-07T06:18:59Z,2026-08-07T16:00:00Z,9.7,36.0,34.4,27.0,1.6,1.6
6-24ч,2026-08-07T06:18:59Z,2026-08-07T17:00:00Z,10.7,34.6,34.2,27.0,0.4,0.4
6-24ч,2026-08-07T06:18:59Z,2026-08-07T18:00:00Z,11.7,30.1,32.0,27.0,-1.9,1.9
6-24ч,2026-08-07T06:18:59Z,2026-08-07T19:00:00Z,12.7,26.4,29.3,27.0,-2.9,2.9
6-24ч,2026-08-07T06:18:59Z,2026-08-07T20:00:00Z,13.7,25.4,28.2,27.0,-2.8,2.8
6-24ч,2026-08-07T06:18:59Z,2026-08-07T21:00:00Z,14.7,24.6,27.2,27.0,-2.6,2.6
6-24ч,2026-08-07T06:18:59Z,2026-08-07T22:00:00Z,15.7,23.7,27.1,27.0,-3.4,3.4
6-24ч,2026-08-07T06:18:59Z,2026-08-07T23:00:00Z,16.7,23.0,25.7,27.0,-2.7,2.7
6-24ч,2026-08-07T06:18:59Z,2026-08-08T00:00:00Z,17.7,22.6,25.6,27.0,-3.0,3.0
6-24ч,2026-08-07T06:18:59Z,2026-08-08T01:00:00Z,18.7,22.2,25.1,27.0,-2.9,2.9
6-24ч,2026-08-07T06:18:59Z,2026-08-08T02:00:00Z,19.7,21.9,23.0,27.0,-1.1,1.1
6-24ч,2026-08-07T06:18:59Z,2026-08-08T03:00:00Z,20.7,21.5,21.4,27.0,0.1,0.1
6-24ч,2026-08-07T06:18:59Z,2026-08-08T04:00:00Z,21.7,21.4,21.2,27.0,0.2,0.2
6-24ч,2026-08-07T06:18:59Z,2026-08-08T05:00:00Z,22.7,22.7,21.7,27.0,1.0,1.0
6-24ч,2026-08-07T06:18:59Z,2026-08-08T06:00:00Z,23.7,24.9,22.6,27.0,2.3,2.3
6-24ч,2026-08-07T07:13:52Z,2026-08-07T14:00:00Z,6.8,37.2,37.2,28.0,0.0,0.0
6-24ч,2026-08-07T07:13:52Z,2026-08-07T15:00:00Z,7.8,36.6,36.4,28.0,0.2,0.2
6-24ч,2026-08-07T07:13:52Z,2026-08-07T16:00:00Z,8.8,36.0,34.4,28.0,1.6,1.6
6-24ч,2026-08-07T07:13:52Z,2026-08-07T17:00:00Z,9.8,34.6,34.2,28.0,0.4,0.4
6-24ч,2026-08-07T07:13:52Z,2026-08-07T18:00:00Z,10.8,30.1,32.0,28.0,-1.9,1.9
6-24ч,2026-08-07T07:13:52Z,2026-08-07T19:00:00Z,11.8,26.4,29.3,28.0,-2.9,2.9
6-24ч,2026-08-07T07:13:52Z,2026-08-07T20:00:00Z,12.8,25.4,28.2,28.0,-2.8,2.8
6-24ч,2026-08-07T07:13:52Z,2026-08-07T21:00:00Z,13.8,24.6,27.2,28.0,-2.6,2.6
6-24ч,2026-08-07T07:13:52Z,2026-08-07T22:00:00Z,14.8,23.7,27.1,28.0,-3.4,3.4
6-24ч,2026-08-07T07:13:52Z,2026-08-07T23:00:00Z,15.8,23.0,25.7,28.0,-2.7,2.7
6-24ч,2026-08-07T07:13:52Z,2026-08-08T00:00:00Z,16.8,22.6,25.6,28.0,-3.0,3.0
6-24ч,2026-08-07T07:13:52Z,2026-08-08T01:00:00Z,17.8,22.2,25.1,28.0,-2.9,2.9
6-24ч,2026-08-07T07:13:52Z,2026-08-08T02:00:00Z,18.8,21.9,23.0,28.0,-1.1,1.1
6-24ч,2026-08-07T07:13:52Z,2026-08-08T03:00:00Z,19.8,21.5,21.4,28.0,0.1,0.1
6-24ч,2026-08-07T07:13:52Z,2026-08-08T04:00:00Z,20.8,21.4,21.2,28.0,0.2,0.2
6-24ч,2026-08-07T07:13:52Z,2026-08-08T05:00:00Z,21.8,22.7,21.7,28.0,1.0,1.0
6-24ч,2026-08-07T07:13:52Z,2026-08-08T06:00:00Z,22.8,24.9,22.6,28.0,2.3,2.3
6-24ч,2026-08-07T07:13:52Z,2026-08-08T07:00:00Z,23.8,27.0,24.4,28.0,2.6,2.6
6-24ч,2026-08-07T10:39:14Z,2026-08-07T17:00:00Z,6.3,34.6,34.2,35.0,0.4,0.4
6-24ч,2026-08-07T10:39:14Z,2026-08-07T18:00:00Z,7.3,30.1,32.0,35.0,-1.9,1.9
6-24ч,2026-08-07T10:39:14Z,2026-08-07T19:00:00Z,8.3,26.4,29.3,35.0,-2.9,2.9
6-24ч,2026-08-07T10:39:14Z,2026-08-07T20:00:00Z,9.3,25.4,28.2,35.0,-2.8,2.8
6-24ч,2026-08-07T10:39:14Z,2026-08-07T21:00:00Z,10.3,24.6,27.2,35.0,-2.6,2.6
6-24ч,2026-08-07T10:39:14Z,2026-08-07T22:00:00Z,11.3,23.7,27.1,35.0,-3.4,3.4
6-24ч,2026-08-07T10:39:14Z,2026-08-07T23:00:00Z,12.3,23.0,25.7,35.0,-2.7,2.7
6-24ч,2026-08-07T10:39:14Z,2026-08-08T00:00:00Z,13.3,22.6,25.6,35.0,-3.0,3.0
6-24ч,2026-08-07T10:39:14Z,2026-08-08T01:00:00Z,14.3,22.2,25.1,35.0,-2.9,2.9
6-24ч,2026-08-07T10:39:14Z,2026-08-08T02:00:00Z,15.3,21.9,23.0,35.0,-1.1,1.1
6-24ч,2026-08-07T10:39:14Z,2026-08-08T03:00:00Z,16.3,21.5,21.4,35.0,0.1,0.1
6-24ч,2026-08-07T10:39:14Z,2026-08-08T04:00:00Z,17.3,21.4,21.2,35.0,0.2,0.2
6-24ч,2026-08-07T10:39:14Z,2026-08-08T05:00:00Z,18.3,22.7,21.7,35.0,1.0,1.0
6-24ч,2026-08-07T10:39:14Z,2026-08-08T06:00:00Z,19.3,24.9,22.6,35.0,2.3,2.3
6-24ч,2026-08-07T10:39:14Z,2026-08-08T07:00:00Z,20.3,27.0,24.4,35.0,2.6,2.6
6-24ч,2026-08-07T10:39:14Z,2026-08-08T08:00:00Z,21.3,28.9,25.6,35.0,3.3,3.3
6-24ч,2026-08-07T10:39:14Z,2026-08-08T09:00:00Z,22.3,30.6,28.1,35.0,2.5,2.5
6-24ч,2026-08-07T10:39:14Z,2026-08-08T10:00:00Z,23.3,32.0,29.7,35.0,2.3,2.3
6-24ч,2026-08-07T16:51:54Z,2026-08-07T23:00:00Z,6.1,23.0,25.7,34.4,-2.7,2.7
6-24ч,2026-08-07T16:51:54Z,2026-08-08T00:00:00Z,7.1,22.6,25.6,34.4,-3.0,3.0
6-24ч,2026-08-07T16:51:54Z,2026-08-08T01:00:00Z,8.1,22.2,25.1,34.4,-2.9,2.9
6-24ч,2026-08-07T16:51:54Z,2026-08-08T02:00:00Z,9.1,21.9,23.0,34.4,-1.1,1.1
6-24ч,2026-08-07T16:51:54Z,2026-08-08T03:00:00Z,10.1,21.5,21.4,34.4,0.1,0.1
6-24ч,2026-08-07T16:51:54Z,2026-08-08T04:00:00Z,11.1,21.4,21.2,34.4,0.2,0.2
6-24ч,2026-08-07T16:51:54Z,2026-08-08T05:00:00Z,12.1,22.7,21.7,34.4,1.0,1.0
6-24ч,2026-08-07T16:51:54Z,2026-08-08T06:00:00Z,13.1,24.9,22.6,34.4,2.3,2.3
6-24ч,2026-08-07T16:51:54Z,2026-08-08T07:00:00Z,14.1,27.0,24.4,34.4,2.6,2.6
6-24ч,2026-08-07T16:51:54Z,2026-08-08T08:00:00Z,15.1,28.9,25.6,34.4,3.3,3.3
6-24ч,2026-08-07T16:51:54Z,2026-08-08T09:00:00Z,16.1,30.6,28.1,34.4,2.5,2.5
6-24ч,2026-08-07T16:51:54Z,2026-08-08T10:00:00Z,17.1,32.0,29.7,34.4,2.3,2.3
6-24ч,2026-08-07T16:51:54Z,2026-08-08T11:00:00Z,18.1,32.5,30.9,34.4,1.6,1.6
6-24ч,2026-08-07T16:51:54Z,2026-08-08T12:00:00Z,19.1,32.5,31.4,34.4,1.1,1.1
6-24ч,2026-08-07T16:51:54Z,2026-08-08T13:00:00Z,20.1,32.7,32.0,34.4,0.7,0.7
6-24ч,2026-08-07T16:51:54Z,2026-08-08T14:00:00Z,21.1,33.1,31.3,34.4,1.8,1.8
6-24ч,2026-08-07T16:51:54Z,2026-08-08T15:00:00Z,22.1,32.9,32.0,34.4,0.9,0.9
6-24ч,2026-08-07T16:51:54Z,2026-08-08T16:00:00Z,23.1,32.0,31.3,34.4,0.7,0.7
6-24ч,2026-08-07T22:45:57Z,2026-08-08T05:00:00Z,6.2,25.0,21.7,27.1,3.3,3.3
6-24ч,2026-08-07T22:45:57Z,2026-08-08T06:00:00Z,7.2,26.3,22.6,27.1,3.7,3.7
6-24ч,2026-08-07T22:45:57Z,2026-08-08T07:00:00Z,8.2,27.8,24.4,27.1,3.4,3.4
6-24ч,2026-08-07T22:45:57Z,2026-08-08T08:00:00Z,9.2,29.5,25.6,27.1,3.9,3.9
6-24ч,2026-08-07T22:45:57Z,2026-08-08T09:00:00Z,10.2,31.3,28.1,27.1,3.2,3.2
6-24ч,2026-08-07T22:45:57Z,2026-08-08T10:00:00Z,11.2,32.8,29.7,27.1,3.1,3.1
6-24ч,2026-08-07T22:45:57Z,2026-08-08T11:00:00Z,12.2,33.8,30.9,27.1,2.9,2.9
6-24ч,2026-08-07T22:45:57Z,2026-08-08T12:00:00Z,13.2,34.4,31.4,27.1,3.0,3.0
6-24ч,2026-08-07T22:45:57Z,2026-08-08T13:00:00Z,14.2,34.9,32.0,27.1,2.9,2.9
6-24ч,2026-08-07T22:45:57Z,2026-08-08T14:00:00Z,15.2,35.0,31.3,27.1,3.7,3.7
6-24ч,2026-08-07T22:45:57Z,2026-08-08T15:00:00Z,16.2,34.8,32.0,27.1,2.8,2.8
6-24ч,2026-08-07T22:45:57Z,2026-08-08T16:00:00Z,17.2,34.1,31.3,27.1,2.8,2.8
6-24ч,2026-08-07T22:45:57Z,2026-08-08T17:00:00Z,18.2,33.3,30.0,27.1,3.3,3.3
6-24ч,2026-08-07T22:45:57Z,2026-08-08T18:00:00Z,19.2,31.7,29.2,27.1,2.5,2.5
6-24ч,2026-08-07T22:45:57Z,2026-08-08T19:00:00Z,20.2,30.2,28.4,27.1,1.8,1.8
6-24ч,2026-08-07T22:45:57Z,2026-08-08T20:00:00Z,21.2,29.0,27.6,27.1,1.4,1.4
6-24ч,2026-08-07T22:45:57Z,2026-08-08T21:00:00Z,22.2,27.8,26.6,27.1,1.2,1.2
6-24ч,2026-08-07T22:45:57Z,2026-08-08T22:00:00Z,23.2,26.7,25.4,27.1,1.3,1.3
6-24ч,2026-08-07T23:19:23Z,2026-08-08T06:00:00Z,6.7,26.3,22.6,25.7,3.7,3.7
6-24ч,2026-08-07T23:19:23Z,2026-08-08T07:00:00Z,7.7,27.8,24.4,25.7,3.4,3.4
6-24ч,2026-08-07T23:19:23Z,2026-08-08T08:00:00Z,8.7,29.5,25.6,25.7,3.9,3.9
6-24ч,2026-08-07T23:19:23Z,2026-08-08T09:00:00Z,9.7,31.3,28.1,25.7,3.2,3.2
6-24ч,2026-08-07T23:19:23Z,2026-08-08T10:00:00Z,10.7,32.8,29.7,25.7,3.1,3.1
6-24ч,2026-08-07T23:19:23Z,2026-08-08T11:00:00Z,11.7,33.8,30.9,25.7,2.9,2.9
6-24ч,2026-08-07T23:19:23Z,2026-08-08T12:00:00Z,12.7,34.4,31.4,25.7,3.0,3.0
6-24ч,2026-08-07T23:19:23Z,2026-08-08T13:00:00Z,13.7,34.9,32.0,25.7,2.9,2.9
6-24ч,2026-08-07T23:19:23Z,2026-08-08T14:00:00Z,14.7,35.0,31.3,25.7,3.7,3.7
6-24ч,2026-08-07T23:19:23Z,2026-08-08T15:00:00Z,15.7,34.8,32.0,25.7,2.8,2.8
6-24ч,2026-08-07T23:19:23Z,2026-08-08T16:00:00Z,16.7,34.1,31.3,25.7,2.8,2.8
6-24ч,2026-08-07T23:19:23Z,2026-08-08T17:00:00Z,17.7,33.3,30.0,25.7,3.3,3.3
6-24ч,2026-08-07T23:19:23Z,2026-08-08T18:00:00Z,18.7,31.7,29.2,25.7,2.5,2.5
6-24ч,2026-08-07T23:19:23Z,2026-08-08T19:00:00Z,19.7,30.2,28.4,25.7,1.8,1.8
6-24ч,2026-08-07T23:19:23Z,2026-08-08T20:00:00Z,20.7,29.0,27.6,25.7,1.4,1.4
6-24ч,2026-08-07T23:19:23Z,2026-08-08T21:00:00Z,21.7,27.8,26.6,25.7,1.2,1.2
6-24ч,2026-08-07T23:19:23Z,2026-08-08T22:00:00Z,22.7,26.7,25.4,25.7,1.3,1.3
6-24ч,2026-08-07T23:19:23Z,2026-08-08T23:00:00Z,23.7,25.8,24.9,25.7,0.9,0.9
6-24ч,2026-08-08T04:50:53Z,2026-08-08T11:00:00Z,6.2,33.8,30.9,21.2,2.9,2.9
6-24ч,2026-08-08T04:50:53Z,2026-08-08T12:00:00Z,7.2,34.4,31.4,21.2,3.0,3.0
6-24ч,2026-08-08T04:50:53Z,2026-08-08T13:00:00Z,8.2,34.9,32.0,21.2,2.9,2.9
6-24ч,2026-08-08T04:50:53Z,2026-08-08T14:00:00Z,9.2,35.0,31.3,21.2,3.7,3.7
6-24ч,2026-08-08T04:50:53Z,2026-08-08T15:00:00Z,10.2,34.8,32.0,21.2,2.8,2.8
6-24ч,2026-08-08T04:50:53Z,2026-08-08T16:00:00Z,11.2,34.1,31.3,21.2,2.8,2.8
6-24ч,2026-08-08T04:50:53Z,2026-08-08T17:00:00Z,12.2,33.3,30.0,21.2,3.3,3.3
6-24ч,2026-08-08T04:50:53Z,2026-08-08T18:00:00Z,13.2,31.7,29.2,21.2,2.5,2.5
6-24ч,2026-08-08T04:50:53Z,2026-08-08T19:00:00Z,14.2,30.2,28.4,21.2,1.8,1.8
6-24ч,2026-08-08T04:50:53Z,2026-08-08T20:00:00Z,15.2,29.0,27.6,21.2,1.4,1.4
6-24ч,2026-08-08T04:50:53Z,2026-08-08T21:00:00Z,16.2,27.8,26.6,21.2,1.2,1.2
6-24ч,2026-08-08T04:50:53Z,2026-08-08T22:00:00Z,17.2,26.7,25.4,21.2,1.3,1.3
6-24ч,2026-08-08T04:50:53Z,2026-08-08T23:00:00Z,18.2,25.8,24.9,21.2,0.9,0.9
6-24ч,2026-08-08T04:50:53Z,2026-08-09T00:00:00Z,19.2,25.4,24.2,21.2,1.2,1.2
6-24ч,2026-08-08T04:50:53Z,2026-08-09T01:00:00Z,20.2,24.9,23.8,21.2,1.1,1.1
6-24ч,2026-08-08T04:50:53Z,2026-08-09T02:00:00Z,21.2,24.4,22.8,21.2,1.6,1.6
6-24ч,2026-08-08T04:50:53Z,2026-08-09T03:00:00Z,22.2,23.5,21.3,21.2,2.2,2.2
6-24ч,2026-08-08T04:50:53Z,2026-08-09T04:00:00Z,23.2,22.7,20.7,21.2,2.0,2.0
6-24ч,2026-08-08T10:18:13Z,2026-08-08T17:00:00Z,6.7,31.5,30.0,29.7,1.5,1.5
6-24ч,2026-08-08T10:18:13Z,2026-08-08T18:00:00Z,7.7,29.4,29.2,29.7,0.2,0.2
6-24ч,2026-08-08T10:18:13Z,2026-08-08T19:00:00Z,8.7,27.4,28.4,29.7,-1.0,1.0
6-24ч,2026-08-08T10:18:13Z,2026-08-08T20:00:00Z,9.7,25.8,27.6,29.7,-1.8,1.8
6-24ч,2026-08-08T10:18:13Z,2026-08-08T21:00:00Z,10.7,24.6,26.6,29.7,-2.0,2.0
6-24ч,2026-08-08T10:18:13Z,2026-08-08T22:00:00Z,11.7,24.1,25.4,29.7,-1.3,1.3
6-24ч,2026-08-08T10:18:13Z,2026-08-08T23:00:00Z,12.7,23.8,24.9,29.7,-1.1,1.1
6-24ч,2026-08-08T10:18:13Z,2026-08-09T00:00:00Z,13.7,23.4,24.2,29.7,-0.8,0.8
6-24ч,2026-08-08T10:18:13Z,2026-08-09T01:00:00Z,14.7,22.6,23.8,29.7,-1.2,1.2
6-24ч,2026-08-08T10:18:13Z,2026-08-09T02:00:00Z,15.7,21.7,22.8,29.7,-1.1,1.1
6-24ч,2026-08-08T10:18:13Z,2026-08-09T03:00:00Z,16.7,20.7,21.3,29.7,-0.6,0.6
6-24ч,2026-08-08T10:18:13Z,2026-08-09T04:00:00Z,17.7,20.1,20.7,29.7,-0.6,0.6
6-24ч,2026-08-08T10:18:13Z,2026-08-09T05:00:00Z,18.7,21.4,21.8,29.7,-0.4,0.4
6-24ч,2026-08-08T10:18:13Z,2026-08-09T06:00:00Z,19.7,23.8,23.2,29.7,0.6,0.6
6-24ч,2026-08-08T10:18:13Z,2026-08-09T07:00:00Z,20.7,25.9,24.7,29.7,1.2,1.2
6-24ч,2026-08-08T10:18:13Z,2026-08-09T08:00:00Z,21.7,28.0,27.1,29.7,0.9,0.9
6-24ч,2026-08-08T10:18:13Z,2026-08-09T09:00:00Z,22.7,29.7,28.8,29.7,0.9,0.9
6-24ч,2026-08-08T10:18:13Z,2026-08-09T10:00:00Z,23.7,30.9,30.1,29.7,0.8,0.8
6-24ч,2026-08-08T22:37:20Z,2026-08-09T05:00:00Z,6.4,22.1,21.8,25.4,0.3,0.3
6-24ч,2026-08-08T22:37:20Z,2026-08-09T06:00:00Z,7.4,24.3,23.2,25.4,1.1,1.1
6-24ч,2026-08-08T22:37:20Z,2026-08-09T07:00:00Z,8.4,26.2,24.7,25.4,1.5,1.5
6-24ч,2026-08-08T22:37:20Z,2026-08-09T08:00:00Z,9.4,28.0,27.1,25.4,0.9,0.9
6-24ч,2026-08-08T22:37:20Z,2026-08-09T09:00:00Z,10.4,29.5,28.8,25.4,0.7,0.7
6-24ч,2026-08-08T22:37:20Z,2026-08-09T10:00:00Z,11.4,30.6,30.1,25.4,0.5,0.5
1-2 дня,2026-08-06T09:50:07Z,2026-08-07T10:00:00Z,24.2,31.8,35.0,35.7,-3.2,3.2
1-2 дня,2026-08-06T09:50:07Z,2026-08-07T11:00:00Z,25.2,33.2,35.9,35.7,-2.7,2.7
1-2 дня,2026-08-06T09:50:07Z,2026-08-07T12:00:00Z,26.2,34.5,36.6,35.7,-2.1,2.1
1-2 дня,2026-08-06T09:50:07Z,2026-08-07T13:00:00Z,27.2,35.3,36.9,35.7,-1.6,1.6
1-2 дня,2026-08-06T09:50:07Z,2026-08-07T14:00:00Z,28.2,35.5,37.2,35.7,-1.7,1.7
1-2 дня,2026-08-06T09:50:07Z,2026-08-07T15:00:00Z,29.2,35.7,36.4,35.7,-0.7,0.7
1-2 дня,2026-08-06T09:50:07Z,2026-08-07T16:00:00Z,30.2,35.6,34.4,35.7,1.2,1.2
1-2 дня,2026-08-06T09:50:07Z,2026-08-07T17:00:00Z,31.2,33.3,34.2,35.7,-0.9,0.9
1-2 дня,2026-08-06T09:50:07Z,2026-08-07T18:00:00Z,32.2,30.0,32.0,35.7,-2.0,2.0
1-2 дня,2026-08-06T09:50:07Z,2026-08-07T19:00:00Z,33.2,28.4,29.3,35.7,-0.9,0.9
1-2 дня,2026-08-06T09:50:07Z,2026-08-07T20:00:00Z,34.2,27.3,28.2,35.7,-0.9,0.9
1-2 дня,2026-08-06T09:50:07Z,2026-08-07T21:00:00Z,35.2,26.4,27.2,35.7,-0.8,0.8
1-2 дня,2026-08-06T09:50:07Z,2026-08-07T22:00:00Z,36.2,26.2,27.1,35.7,-0.9,0.9
1-2 дня,2026-08-06T09:50:07Z,2026-08-07T23:00:00Z,37.2,25.9,25.7,35.7,0.2,0.2
1-2 дня,2026-08-06T09:50:07Z,2026-08-08T00:00:00Z,38.2,25.3,25.6,35.7,-0.3,0.3
1-2 дня,2026-08-06T09:50:07Z,2026-08-08T01:00:00Z,39.2,24.8,25.1,35.7,-0.3,0.3
1-2 дня,2026-08-06T09:50:07Z,2026-08-08T02:00:00Z,40.2,24.4,23.0,35.7,1.4,1.4
1-2 дня,2026-08-06T09:50:07Z,2026-08-08T03:00:00Z,41.2,23.9,21.4,35.7,2.5,2.5
1-2 дня,2026-08-06T09:50:07Z,2026-08-08T04:00:00Z,42.2,23.6,21.2,35.7,2.4,2.4
1-2 дня,2026-08-06T09:50:07Z,2026-08-08T05:00:00Z,43.2,24.5,21.7,35.7,2.8,2.8
1-2 дня,2026-08-06T09:50:07Z,2026-08-08T06:00:00Z,44.2,26.2,22.6,35.7,3.6,3.6
1-2 дня,2026-08-06T09:50:07Z,2026-08-08T07:00:00Z,45.2,28.0,24.4,35.7,3.6,3.6
1-2 дня,2026-08-06T09:50:07Z,2026-08-08T08:00:00Z,46.2,29.9,25.6,35.7,4.3,4.3
1-2 дня,2026-08-06T09:50:07Z,2026-08-08T09:00:00Z,47.2,31.4,28.1,35.7,3.3,3.3
1-2 дня,2026-08-06T09:59:18Z,2026-08-07T10:00:00Z,24.0,31.8,35.0,35.7,-3.2,3.2
1-2 дня,2026-08-06T09:59:18Z,2026-08-07T11:00:00Z,25.0,33.2,35.9,35.7,-2.7,2.7
1-2 дня,2026-08-06T09:59:18Z,2026-08-07T12:00:00Z,26.0,34.5,36.6,35.7,-2.1,2.1
1-2 дня,2026-08-06T09:59:18Z,2026-08-07T13:00:00Z,27.0,35.3,36.9,35.7,-1.6,1.6
1-2 дня,2026-08-06T09:59:18Z,2026-08-07T14:00:00Z,28.0,35.5,37.2,35.7,-1.7,1.7
1-2 дня,2026-08-06T09:59:18Z,2026-08-07T15:00:00Z,29.0,35.7,36.4,35.7,-0.7,0.7
1-2 дня,2026-08-06T09:59:18Z,2026-08-07T16:00:00Z,30.0,35.6,34.4,35.7,1.2,1.2
1-2 дня,2026-08-06T09:59:18Z,2026-08-07T17:00:00Z,31.0,33.3,34.2,35.7,-0.9,0.9
1-2 дня,2026-08-06T09:59:18Z,2026-08-07T18:00:00Z,32.0,30.0,32.0,35.7,-2.0,2.0
1-2 дня,2026-08-06T09:59:18Z,2026-08-07T19:00:00Z,33.0,28.4,29.3,35.7,-0.9,0.9
1-2 дня,2026-08-06T09:59:18Z,2026-08-07T20:00:00Z,34.0,27.3,28.2,35.7,-0.9,0.9
1-2 дня,2026-08-06T09:59:18Z,2026-08-07T21:00:00Z,35.0,26.4,27.2,35.7,-0.8,0.8
1-2 дня,2026-08-06T09:59:18Z,2026-08-07T22:00:00Z,36.0,26.2,27.1,35.7,-0.9,0.9
1-2 дня,2026-08-06T09:59:18Z,2026-08-07T23:00:00Z,37.0,25.9,25.7,35.7,0.2,0.2
1-2 дня,2026-08-06T09:59:18Z,2026-08-08T00:00:00Z,38.0,25.3,25.6,35.7,-0.3,0.3
1-2 дня,2026-08-06T09:59:18Z,2026-08-08T01:00:00Z,39.0,24.8,25.1,35.7,-0.3,0.3
1-2 дня,2026-08-06T09:59:18Z,2026-08-08T02:00:00Z,40.0,24.4,23.0,35.7,1.4,1.4
1-2 дня,2026-08-06T09:59:18Z,2026-08-08T03:00:00Z,41.0,23.9,21.4,35.7,2.5,2.5
1-2 дня,2026-08-06T09:59:18Z,2026-08-08T04:00:00Z,42.0,23.6,21.2,35.7,2.4,2.4
1-2 дня,2026-08-06T09:59:18Z,2026-08-08T05:00:00Z,43.0,24.5,21.7,35.7,2.8,2.8
1-2 дня,2026-08-06T09:59:18Z,2026-08-08T06:00:00Z,44.0,26.2,22.6,35.7,3.6,3.6
1-2 дня,2026-08-06T09:59:18Z,2026-08-08T07:00:00Z,45.0,28.0,24.4,35.7,3.6,3.6
1-2 дня,2026-08-06T09:59:18Z,2026-08-08T08:00:00Z,46.0,29.9,25.6,35.7,4.3,4.3
1-2 дня,2026-08-06T09:59:18Z,2026-08-08T09:00:00Z,47.0,31.4,28.1,35.7,3.3,3.3
1-2 дня,2026-08-06T10:08:26Z,2026-08-07T11:00:00Z,24.9,33.2,35.9,37.2,-2.7,2.7
1-2 дня,2026-08-06T10:08:26Z,2026-08-07T12:00:00Z,25.9,34.5,36.6,37.2,-2.1,2.1
1-2 дня,2026-08-06T10:08:26Z,2026-08-07T13:00:00Z,26.9,35.3,36.9,37.2,-1.6,1.6
1-2 дня,2026-08-06T10:08:26Z,2026-08-07T14:00:00Z,27.9,35.5,37.2,37.2,-1.7,1.7
1-2 дня,2026-08-06T10:08:26Z,2026-08-07T15:00:00Z,28.9,35.7,36.4,37.2,-0.7,0.7
1-2 дня,2026-08-06T10:08:26Z,2026-08-07T16:00:00Z,29.9,35.6,34.4,37.2,1.2,1.2
1-2 дня,2026-08-06T10:08:26Z,2026-08-07T17:00:00Z,30.9,33.3,34.2,37.2,-0.9,0.9
1-2 дня,2026-08-06T10:08:26Z,2026-08-07T18:00:00Z,31.9,30.0,32.0,37.2,-2.0,2.0
1-2 дня,2026-08-06T10:08:26Z,2026-08-07T19:00:00Z,32.9,28.4,29.3,37.2,-0.9,0.9
1-2 дня,2026-08-06T10:08:26Z,2026-08-07T20:00:00Z,33.9,27.3,28.2,37.2,-0.9,0.9
1-2 дня,2026-08-06T10:08:26Z,2026-08-07T21:00:00Z,34.9,26.4,27.2,37.2,-0.8,0.8
1-2 дня,2026-08-06T10:08:26Z,2026-08-07T22:00:00Z,35.9,26.2,27.1,37.2,-0.9,0.9
1-2 дня,2026-08-06T10:08:26Z,2026-08-07T23:00:00Z,36.9,25.9,25.7,37.2,0.2,0.2
1-2 дня,2026-08-06T10:08:26Z,2026-08-08T00:00:00Z,37.9,25.3,25.6,37.2,-0.3,0.3
1-2 дня,2026-08-06T10:08:26Z,2026-08-08T01:00:00Z,38.9,24.8,25.1,37.2,-0.3,0.3
1-2 дня,2026-08-06T10:08:26Z,2026-08-08T02:00:00Z,39.9,24.4,23.0,37.2,1.4,1.4
1-2 дня,2026-08-06T10:08:26Z,2026-08-08T03:00:00Z,40.9,23.9,21.4,37.2,2.5,2.5
1-2 дня,2026-08-06T10:08:26Z,2026-08-08T04:00:00Z,41.9,23.6,21.2,37.2,2.4,2.4
1-2 дня,2026-08-06T10:08:26Z,2026-08-08T05:00:00Z,42.9,24.5,21.7,37.2,2.8,2.8
1-2 дня,2026-08-06T10:08:26Z,2026-08-08T06:00:00Z,43.9,26.2,22.6,37.2,3.6,3.6
1-2 дня,2026-08-06T10:08:26Z,2026-08-08T07:00:00Z,44.9,28.0,24.4,37.2,3.6,3.6
1-2 дня,2026-08-06T10:08:26Z,2026-08-08T08:00:00Z,45.9,29.9,25.6,37.2,4.3,4.3
1-2 дня,2026-08-06T10:08:26Z,2026-08-08T09:00:00Z,46.9,31.4,28.1,37.2,3.3,3.3
1-2 дня,2026-08-06T10:08:26Z,2026-08-08T10:00:00Z,47.9,32.5,29.7,37.2,2.8,2.8
1-2 дня,2026-08-06T10:47:54Z,2026-08-07T11:00:00Z,24.2,33.2,35.9,37.2,-2.7,2.7
1-2 дня,2026-08-06T10:47:54Z,2026-08-07T12:00:00Z,25.2,34.5,36.6,37.2,-2.1,2.1
1-2 дня,2026-08-06T10:47:54Z,2026-08-07T13:00:00Z,26.2,35.3,36.9,37.2,-1.6,1.6
1-2 дня,2026-08-06T10:47:54Z,2026-08-07T14:00:00Z,27.2,35.5,37.2,37.2,-1.7,1.7
1-2 дня,2026-08-06T10:47:54Z,2026-08-07T15:00:00Z,28.2,35.7,36.4,37.2,-0.7,0.7
1-2 дня,2026-08-06T10:47:54Z,2026-08-07T16:00:00Z,29.2,35.6,34.4,37.2,1.2,1.2
1-2 дня,2026-08-06T10:47:54Z,2026-08-07T17:00:00Z,30.2,33.3,34.2,37.2,-0.9,0.9
1-2 дня,2026-08-06T10:47:54Z,2026-08-07T18:00:00Z,31.2,30.0,32.0,37.2,-2.0,2.0
1-2 дня,2026-08-06T10:47:54Z,2026-08-07T19:00:00Z,32.2,28.4,29.3,37.2,-0.9,0.9
1-2 дня,2026-08-06T10:47:54Z,2026-08-07T20:00:00Z,33.2,27.3,28.2,37.2,-0.9,0.9
1-2 дня,2026-08-06T10:47:54Z,2026-08-07T21:00:00Z,34.2,26.4,27.2,37.2,-0.8,0.8
1-2 дня,2026-08-06T10:47:54Z,2026-08-07T22:00:00Z,35.2,26.2,27.1,37.2,-0.9,0.9
1-2 дня,2026-08-06T10:47:54Z,2026-08-07T23:00:00Z,36.2,25.9,25.7,37.2,0.2,0.2
1-2 дня,2026-08-06T10:47:54Z,2026-08-08T00:00:00Z,37.2,25.3,25.6,37.2,-0.3,0.3
1-2 дня,2026-08-06T10:47:54Z,2026-08-08T01:00:00Z,38.2,24.8,25.1,37.2,-0.3,0.3
1-2 дня,2026-08-06T10:47:54Z,2026-08-08T02:00:00Z,39.2,24.4,23.0,37.2,1.4,1.4
1-2 дня,2026-08-06T10:47:54Z,2026-08-08T03:00:00Z,40.2,23.9,21.4,37.2,2.5,2.5
1-2 дня,2026-08-06T10:47:54Z,2026-08-08T04:00:00Z,41.2,23.6,21.2,37.2,2.4,2.4
1-2 дня,2026-08-06T10:47:54Z,2026-08-08T05:00:00Z,42.2,24.5,21.7,37.2,2.8,2.8
1-2 дня,2026-08-06T10:47:54Z,2026-08-08T06:00:00Z,43.2,26.2,22.6,37.2,3.6,3.6
1-2 дня,2026-08-06T10:47:54Z,2026-08-08T07:00:00Z,44.2,28.0,24.4,37.2,3.6,3.6
1-2 дня,2026-08-06T10:47:54Z,2026-08-08T08:00:00Z,45.2,29.9,25.6,37.2,4.3,4.3
1-2 дня,2026-08-06T10:47:54Z,2026-08-08T09:00:00Z,46.2,31.4,28.1,37.2,3.3,3.3
1-2 дня,2026-08-06T10:47:54Z,2026-08-08T10:00:00Z,47.2,32.5,29.7,37.2,2.8,2.8
1-2 дня,2026-08-06T11:30:42Z,2026-08-07T12:00:00Z,24.5,34.5,36.6,37.6,-2.1,2.1
1-2 дня,2026-08-06T11:30:42Z,2026-08-07T13:00:00Z,25.5,35.3,36.9,37.6,-1.6,1.6
1-2 дня,2026-08-06T11:30:42Z,2026-08-07T14:00:00Z,26.5,35.5,37.2,37.6,-1.7,1.7
1-2 дня,2026-08-06T11:30:42Z,2026-08-07T15:00:00Z,27.5,35.7,36.4,37.6,-0.7,0.7
1-2 дня,2026-08-06T11:30:42Z,2026-08-07T16:00:00Z,28.5,35.6,34.4,37.6,1.2,1.2
1-2 дня,2026-08-06T11:30:42Z,2026-08-07T17:00:00Z,29.5,33.3,34.2,37.6,-0.9,0.9
1-2 дня,2026-08-06T11:30:42Z,2026-08-07T18:00:00Z,30.5,30.0,32.0,37.6,-2.0,2.0
1-2 дня,2026-08-06T11:30:42Z,2026-08-07T19:00:00Z,31.5,28.4,29.3,37.6,-0.9,0.9
1-2 дня,2026-08-06T11:30:42Z,2026-08-07T20:00:00Z,32.5,27.3,28.2,37.6,-0.9,0.9
1-2 дня,2026-08-06T11:30:42Z,2026-08-07T21:00:00Z,33.5,26.4,27.2,37.6,-0.8,0.8
1-2 дня,2026-08-06T11:30:42Z,2026-08-07T22:00:00Z,34.5,26.2,27.1,37.6,-0.9,0.9
1-2 дня,2026-08-06T11:30:42Z,2026-08-07T23:00:00Z,35.5,25.9,25.7,37.6,0.2,0.2
1-2 дня,2026-08-06T11:30:42Z,2026-08-08T00:00:00Z,36.5,25.3,25.6,37.6,-0.3,0.3
1-2 дня,2026-08-06T11:30:42Z,2026-08-08T01:00:00Z,37.5,24.8,25.1,37.6,-0.3,0.3
1-2 дня,2026-08-06T11:30:42Z,2026-08-08T02:00:00Z,38.5,24.4,23.0,37.6,1.4,1.4
1-2 дня,2026-08-06T11:30:42Z,2026-08-08T03:00:00Z,39.5,23.9,21.4,37.6,2.5,2.5
1-2 дня,2026-08-06T11:30:42Z,2026-08-08T04:00:00Z,40.5,23.6,21.2,37.6,2.4,2.4
1-2 дня,2026-08-06T11:30:42Z,2026-08-08T05:00:00Z,41.5,24.5,21.7,37.6,2.8,2.8
1-2 дня,2026-08-06T11:30:42Z,2026-08-08T06:00:00Z,42.5,26.2,22.6,37.6,3.6,3.6
1-2 дня,2026-08-06T11:30:42Z,2026-08-08T07:00:00Z,43.5,28.0,24.4,37.6,3.6,3.6
1-2 дня,2026-08-06T11:30:42Z,2026-08-08T08:00:00Z,44.5,29.9,25.6,37.6,4.3,4.3
1-2 дня,2026-08-06T11:30:42Z,2026-08-08T09:00:00Z,45.5,31.4,28.1,37.6,3.3,3.3
1-2 дня,2026-08-06T11:30:42Z,2026-08-08T10:00:00Z,46.5,32.5,29.7,37.6,2.8,2.8
1-2 дня,2026-08-06T11:30:42Z,2026-08-08T11:00:00Z,47.5,33.4,30.9,37.6,2.5,2.5
1-2 дня,2026-08-06T11:36:01Z,2026-08-07T12:00:00Z,24.4,34.5,36.6,37.6,-2.1,2.1
1-2 дня,2026-08-06T11:36:01Z,2026-08-07T13:00:00Z,25.4,35.3,36.9,37.6,-1.6,1.6
1-2 дня,2026-08-06T11:36:01Z,2026-08-07T14:00:00Z,26.4,35.5,37.2,37.6,-1.7,1.7
1-2 дня,2026-08-06T11:36:01Z,2026-08-07T15:00:00Z,27.4,35.7,36.4,37.6,-0.7,0.7
1-2 дня,2026-08-06T11:36:01Z,2026-08-07T16:00:00Z,28.4,35.6,34.4,37.6,1.2,1.2
1-2 дня,2026-08-06T11:36:01Z,2026-08-07T17:00:00Z,29.4,33.3,34.2,37.6,-0.9,0.9
1-2 дня,2026-08-06T11:36:01Z,2026-08-07T18:00:00Z,30.4,30.0,32.0,37.6,-2.0,2.0
1-2 дня,2026-08-06T11:36:01Z,2026-08-07T19:00:00Z,31.4,28.4,29.3,37.6,-0.9,0.9
1-2 дня,2026-08-06T11:36:01Z,2026-08-07T20:00:00Z,32.4,27.3,28.2,37.6,-0.9,0.9
1-2 дня,2026-08-06T11:36:01Z,2026-08-07T21:00:00Z,33.4,26.4,27.2,37.6,-0.8,0.8
1-2 дня,2026-08-06T11:36:01Z,2026-08-07T22:00:00Z,34.4,26.2,27.1,37.6,-0.9,0.9
1-2 дня,2026-08-06T11:36:01Z,2026-08-07T23:00:00Z,35.4,25.9,25.7,37.6,0.2,0.2
1-2 дня,2026-08-06T11:36:01Z,2026-08-08T00:00:00Z,36.4,25.3,25.6,37.6,-0.3,0.3
1-2 дня,2026-08-06T11:36:01Z,2026-08-08T01:00:00Z,37.4,24.8,25.1,37.6,-0.3,0.3
1-2 дня,2026-08-06T11:36:01Z,2026-08-08T02:00:00Z,38.4,24.4,23.0,37.6,1.4,1.4
1-2 дня,2026-08-06T11:36:01Z,2026-08-08T03:00:00Z,39.4,23.9,21.4,37.6,2.5,2.5
1-2 дня,2026-08-06T11:36:01Z,2026-08-08T04:00:00Z,40.4,23.6,21.2,37.6,2.4,2.4
1-2 дня,2026-08-06T11:36:01Z,2026-08-08T05:00:00Z,41.4,24.5,21.7,37.6,2.8,2.8
1-2 дня,2026-08-06T11:36:01Z,2026-08-08T06:00:00Z,42.4,26.2,22.6,37.6,3.6,3.6
1-2 дня,2026-08-06T11:36:01Z,2026-08-08T07:00:00Z,43.4,28.0,24.4,37.6,3.6,3.6
1-2 дня,2026-08-06T11:36:01Z,2026-08-08T08:00:00Z,44.4,29.9,25.6,37.6,4.3,4.3
1-2 дня,2026-08-06T11:36:01Z,2026-08-08T09:00:00Z,45.4,31.4,28.1,37.6,3.3,3.3
1-2 дня,2026-08-06T11:36:01Z,2026-08-08T10:00:00Z,46.4,32.5,29.7,37.6,2.8,2.8
1-2 дня,2026-08-06T11:36:01Z,2026-08-08T11:00:00Z,47.4,33.4,30.9,37.6,2.5,2.5
1-2 дня,2026-08-06T11:44:08Z,2026-08-07T12:00:00Z,24.3,34.5,36.6,37.6,-2.1,2.1
1-2 дня,2026-08-06T11:44:08Z,2026-08-07T13:00:00Z,25.3,35.3,36.9,37.6,-1.6,1.6
1-2 дня,2026-08-06T11:44:08Z,2026-08-07T14:00:00Z,26.3,35.5,37.2,37.6,-1.7,1.7
1-2 дня,2026-08-06T11:44:08Z,2026-08-07T15:00:00Z,27.3,35.7,36.4,37.6,-0.7,0.7
1-2 дня,2026-08-06T11:44:08Z,2026-08-07T16:00:00Z,28.3,35.6,34.4,37.6,1.2,1.2
1-2 дня,2026-08-06T11:44:08Z,2026-08-07T17:00:00Z,29.3,33.3,34.2,37.6,-0.9,0.9
1-2 дня,2026-08-06T11:44:08Z,2026-08-07T18:00:00Z,30.3,30.0,32.0,37.6,-2.0,2.0
1-2 дня,2026-08-06T11:44:08Z,2026-08-07T19:00:00Z,31.3,28.4,29.3,37.6,-0.9,0.9
1-2 дня,2026-08-06T11:44:08Z,2026-08-07T20:00:00Z,32.3,27.3,28.2,37.6,-0.9,0.9
1-2 дня,2026-08-06T11:44:08Z,2026-08-07T21:00:00Z,33.3,26.4,27.2,37.6,-0.8,0.8
1-2 дня,2026-08-06T11:44:08Z,2026-08-07T22:00:00Z,34.3,26.2,27.1,37.6,-0.9,0.9
1-2 дня,2026-08-06T11:44:08Z,2026-08-07T23:00:00Z,35.3,25.9,25.7,37.6,0.2,0.2
1-2 дня,2026-08-06T11:44:08Z,2026-08-08T00:00:00Z,36.3,25.3,25.6,37.6,-0.3,0.3
1-2 дня,2026-08-06T11:44:08Z,2026-08-08T01:00:00Z,37.3,24.8,25.1,37.6,-0.3,0.3
1-2 дня,2026-08-06T11:44:08Z,2026-08-08T02:00:00Z,38.3,24.4,23.0,37.6,1.4,1.4
1-2 дня,2026-08-06T11:44:08Z,2026-08-08T03:00:00Z,39.3,23.9,21.4,37.6,2.5,2.5
1-2 дня,2026-08-06T11:44:08Z,2026-08-08T04:00:00Z,40.3,23.6,21.2,37.6,2.4,2.4
1-2 дня,2026-08-06T11:44:08Z,2026-08-08T05:00:00Z,41.3,24.5,21.7,37.6,2.8,2.8
1-2 дня,2026-08-06T11:44:08Z,2026-08-08T06:00:00Z,42.3,26.2,22.6,37.6,3.6,3.6
1-2 дня,2026-08-06T11:44:08Z,2026-08-08T07:00:00Z,43.3,28.0,24.4,37.6,3.6,3.6
1-2 дня,2026-08-06T11:44:08Z,2026-08-08T08:00:00Z,44.3,29.9,25.6,37.6,4.3,4.3
1-2 дня,2026-08-06T11:44:08Z,2026-08-08T09:00:00Z,45.3,31.4,28.1,37.6,3.3,3.3
1-2 дня,2026-08-06T11:44:08Z,2026-08-08T10:00:00Z,46.3,32.5,29.7,37.6,2.8,2.8
1-2 дня,2026-08-06T11:44:08Z,2026-08-08T11:00:00Z,47.3,33.4,30.9,37.6,2.5,2.5
1-2 дня,2026-08-07T01:31:32Z,2026-08-08T02:00:00Z,24.5,24.3,23.0,25.3,1.3,1.3
1-2 дня,2026-08-07T01:31:32Z,2026-08-08T03:00:00Z,25.5,24.1,21.4,25.3,2.7,2.7
1-2 дня,2026-08-07T01:31:32Z,2026-08-08T04:00:00Z,26.5,24.0,21.2,25.3,2.8,2.8
1-2 дня,2026-08-07T01:31:32Z,2026-08-08T05:00:00Z,27.5,24.7,21.7,25.3,3.0,3.0
1-2 дня,2026-08-07T01:31:32Z,2026-08-08T06:00:00Z,28.5,25.5,22.6,25.3,2.9,2.9
1-2 дня,2026-08-07T01:31:32Z,2026-08-08T07:00:00Z,29.5,26.4,24.4,25.3,2.0,2.0
1-2 дня,2026-08-07T01:31:32Z,2026-08-08T08:00:00Z,30.5,27.7,25.6,25.3,2.1,2.1
1-2 дня,2026-08-07T01:31:32Z,2026-08-08T09:00:00Z,31.5,29.5,28.1,25.3,1.4,1.4
1-2 дня,2026-08-07T01:31:32Z,2026-08-08T10:00:00Z,32.5,30.5,29.7,25.3,0.8,0.8
1-2 дня,2026-08-07T01:31:32Z,2026-08-08T11:00:00Z,33.5,31.1,30.9,25.3,0.2,0.2
1-2 дня,2026-08-07T01:31:32Z,2026-08-08T12:00:00Z,34.5,31.7,31.4,25.3,0.3,0.3
1-2 дня,2026-08-07T01:31:32Z,2026-08-08T13:00:00Z,35.5,32.4,32.0,25.3,0.4,0.4
1-2 дня,2026-08-07T01:31:32Z,2026-08-08T14:00:00Z,36.5,32.2,31.3,25.3,0.9,0.9
1-2 дня,2026-08-07T01:31:32Z,2026-08-08T15:00:00Z,37.5,31.8,32.0,25.3,-0.2,0.2
1-2 дня,2026-08-07T01:31:32Z,2026-08-08T16:00:00Z,38.5,31.5,31.3,25.3,0.2,0.2
1-2 дня,2026-08-07T01:31:32Z,2026-08-08T17:00:00Z,39.5,30.4,30.0,25.3,0.4,0.4
1-2 дня,2026-08-07T01:31:32Z,2026-08-08T18:00:00Z,40.5,29.0,29.2,25.3,-0.2,0.2
1-2 дня,2026-08-07T01:31:32Z,2026-08-08T19:00:00Z,41.5,28.1,28.4,25.3,-0.3,0.3
1-2 дня,2026-08-07T01:31:32Z,2026-08-08T20:00:00Z,42.5,27.6,27.6,25.3,0.0,0.0
1-2 дня,2026-08-07T01:31:32Z,2026-08-08T21:00:00Z,43.5,27.1,26.6,25.3,0.5,0.5
1-2 дня,2026-08-07T01:31:32Z,2026-08-08T22:00:00Z,44.5,26.4,25.4,25.3,1.0,1.0
1-2 дня,2026-08-07T01:31:32Z,2026-08-08T23:00:00Z,45.5,26.1,24.9,25.3,1.2,1.2
1-2 дня,2026-08-07T01:31:32Z,2026-08-09T00:00:00Z,46.5,25.7,24.2,25.3,1.5,1.5
1-2 дня,2026-08-07T01:31:32Z,2026-08-09T01:00:00Z,47.5,24.9,23.8,25.3,1.1,1.1
1-2 дня,2026-08-07T05:36:00Z,2026-08-08T06:00:00Z,24.4,25.5,22.6,26.1,2.9,2.9
1-2 дня,2026-08-07T05:36:00Z,2026-08-08T07:00:00Z,25.4,26.4,24.4,26.1,2.0,2.0
1-2 дня,2026-08-07T05:36:00Z,2026-08-08T08:00:00Z,26.4,27.7,25.6,26.1,2.1,2.1
1-2 дня,2026-08-07T05:36:00Z,2026-08-08T09:00:00Z,27.4,29.5,28.1,26.1,1.4,1.4
1-2 дня,2026-08-07T05:36:00Z,2026-08-08T10:00:00Z,28.4,30.5,29.7,26.1,0.8,0.8
1-2 дня,2026-08-07T05:36:00Z,2026-08-08T11:00:00Z,29.4,31.1,30.9,26.1,0.2,0.2
1-2 дня,2026-08-07T05:36:00Z,2026-08-08T12:00:00Z,30.4,31.7,31.4,26.1,0.3,0.3
1-2 дня,2026-08-07T05:36:00Z,2026-08-08T13:00:00Z,31.4,32.4,32.0,26.1,0.4,0.4
1-2 дня,2026-08-07T05:36:00Z,2026-08-08T14:00:00Z,32.4,32.2,31.3,26.1,0.9,0.9
1-2 дня,2026-08-07T05:36:00Z,2026-08-08T15:00:00Z,33.4,31.8,32.0,26.1,-0.2,0.2
1-2 дня,2026-08-07T05:36:00Z,2026-08-08T16:00:00Z,34.4,31.5,31.3,26.1,0.2,0.2
1-2 дня,2026-08-07T05:36:00Z,2026-08-08T17:00:00Z,35.4,30.4,30.0,26.1,0.4,0.4
1-2 дня,2026-08-07T05:36:00Z,2026-08-08T18:00:00Z,36.4,29.0,29.2,26.1,-0.2,0.2
1-2 дня,2026-08-07T05:36:00Z,2026-08-08T19:00:00Z,37.4,28.1,28.4,26.1,-0.3,0.3
1-2 дня,2026-08-07T05:36:00Z,2026-08-08T20:00:00Z,38.4,27.6,27.6,26.1,0.0,0.0
1-2 дня,2026-08-07T05:36:00Z,2026-08-08T21:00:00Z,39.4,27.1,26.6,26.1,0.5,0.5
1-2 дня,2026-08-07T05:36:00Z,2026-08-08T22:00:00Z,40.4,26.4,25.4,26.1,1.0,1.0
1-2 дня,2026-08-07T05:36:00Z,2026-08-08T23:00:00Z,41.4,26.1,24.9,26.1,1.2,1.2
1-2 дня,2026-08-07T05:36:00Z,2026-08-09T00:00:00Z,42.4,25.7,24.2,26.1,1.5,1.5
1-2 дня,2026-08-07T05:36:00Z,2026-08-09T01:00:00Z,43.4,24.9,23.8,26.1,1.1,1.1
1-2 дня,2026-08-07T05:36:00Z,2026-08-09T02:00:00Z,44.4,24.0,22.8,26.1,1.2,1.2
1-2 дня,2026-08-07T05:36:00Z,2026-08-09T03:00:00Z,45.4,22.8,21.3,26.1,1.5,1.5
1-2 дня,2026-08-07T05:36:00Z,2026-08-09T04:00:00Z,46.4,21.6,20.7,26.1,0.9,0.9
1-2 дня,2026-08-07T05:36:00Z,2026-08-09T05:00:00Z,47.4,21.9,21.8,26.1,0.1,0.1
1-2 дня,2026-08-07T06:18:59Z,2026-08-08T07:00:00Z,24.7,27.0,24.4,27.0,2.6,2.6
1-2 дня,2026-08-07T06:18:59Z,2026-08-08T08:00:00Z,25.7,28.9,25.6,27.0,3.3,3.3
1-2 дня,2026-08-07T06:18:59Z,2026-08-08T09:00:00Z,26.7,30.6,28.1,27.0,2.5,2.5
1-2 дня,2026-08-07T06:18:59Z,2026-08-08T10:00:00Z,27.7,32.0,29.7,27.0,2.3,2.3
1-2 дня,2026-08-07T06:18:59Z,2026-08-08T11:00:00Z,28.7,32.5,30.9,27.0,1.6,1.6
1-2 дня,2026-08-07T06:18:59Z,2026-08-08T12:00:00Z,29.7,32.5,31.4,27.0,1.1,1.1
1-2 дня,2026-08-07T06:18:59Z,2026-08-08T13:00:00Z,30.7,32.7,32.0,27.0,0.7,0.7
1-2 дня,2026-08-07T06:18:59Z,2026-08-08T14:00:00Z,31.7,33.1,31.3,27.0,1.8,1.8
1-2 дня,2026-08-07T06:18:59Z,2026-08-08T15:00:00Z,32.7,32.9,32.0,27.0,0.9,0.9
1-2 дня,2026-08-07T06:18:59Z,2026-08-08T16:00:00Z,33.7,32.0,31.3,27.0,0.7,0.7
1-2 дня,2026-08-07T06:18:59Z,2026-08-08T17:00:00Z,34.7,31.0,30.0,27.0,1.0,1.0
1-2 дня,2026-08-07T06:18:59Z,2026-08-08T18:00:00Z,35.7,30.0,29.2,27.0,0.8,0.8
1-2 дня,2026-08-07T06:18:59Z,2026-08-08T19:00:00Z,36.7,28.1,28.4,27.0,-0.3,0.3
1-2 дня,2026-08-07T06:18:59Z,2026-08-08T20:00:00Z,37.7,27.0,27.6,27.0,-0.6,0.6
1-2 дня,2026-08-07T06:18:59Z,2026-08-08T21:00:00Z,38.7,25.9,26.6,27.0,-0.7,0.7
1-2 дня,2026-08-07T06:18:59Z,2026-08-08T22:00:00Z,39.7,25.5,25.4,27.0,0.1,0.1
1-2 дня,2026-08-07T06:18:59Z,2026-08-08T23:00:00Z,40.7,25.2,24.9,27.0,0.3,0.3
1-2 дня,2026-08-07T06:18:59Z,2026-08-09T00:00:00Z,41.7,24.7,24.2,27.0,0.5,0.5
1-2 дня,2026-08-07T06:18:59Z,2026-08-09T01:00:00Z,42.7,24.2,23.8,27.0,0.4,0.4
1-2 дня,2026-08-07T06:18:59Z,2026-08-09T02:00:00Z,43.7,23.9,22.8,27.0,1.1,1.1
1-2 дня,2026-08-07T06:18:59Z,2026-08-09T03:00:00Z,44.7,23.0,21.3,27.0,1.7,1.7
1-2 дня,2026-08-07T06:18:59Z,2026-08-09T04:00:00Z,45.7,22.4,20.7,27.0,1.7,1.7
1-2 дня,2026-08-07T06:18:59Z,2026-08-09T05:00:00Z,46.7,23.0,21.8,27.0,1.2,1.2
1-2 дня,2026-08-07T06:18:59Z,2026-08-09T06:00:00Z,47.7,23.7,23.2,27.0,0.5,0.5
1-2 дня,2026-08-07T07:13:52Z,2026-08-08T08:00:00Z,24.8,28.9,25.6,28.0,3.3,3.3
1-2 дня,2026-08-07T07:13:52Z,2026-08-08T09:00:00Z,25.8,30.6,28.1,28.0,2.5,2.5
1-2 дня,2026-08-07T07:13:52Z,2026-08-08T10:00:00Z,26.8,32.0,29.7,28.0,2.3,2.3
1-2 дня,2026-08-07T07:13:52Z,2026-08-08T11:00:00Z,27.8,32.5,30.9,28.0,1.6,1.6
1-2 дня,2026-08-07T07:13:52Z,2026-08-08T12:00:00Z,28.8,32.5,31.4,28.0,1.1,1.1
1-2 дня,2026-08-07T07:13:52Z,2026-08-08T13:00:00Z,29.8,32.7,32.0,28.0,0.7,0.7
1-2 дня,2026-08-07T07:13:52Z,2026-08-08T14:00:00Z,30.8,33.1,31.3,28.0,1.8,1.8
1-2 дня,2026-08-07T07:13:52Z,2026-08-08T15:00:00Z,31.8,32.9,32.0,28.0,0.9,0.9
1-2 дня,2026-08-07T07:13:52Z,2026-08-08T16:00:00Z,32.8,32.0,31.3,28.0,0.7,0.7
1-2 дня,2026-08-07T07:13:52Z,2026-08-08T17:00:00Z,33.8,31.0,30.0,28.0,1.0,1.0
1-2 дня,2026-08-07T07:13:52Z,2026-08-08T18:00:00Z,34.8,30.0,29.2,28.0,0.8,0.8
1-2 дня,2026-08-07T07:13:52Z,2026-08-08T19:00:00Z,35.8,28.1,28.4,28.0,-0.3,0.3
1-2 дня,2026-08-07T07:13:52Z,2026-08-08T20:00:00Z,36.8,27.0,27.6,28.0,-0.6,0.6
1-2 дня,2026-08-07T07:13:52Z,2026-08-08T21:00:00Z,37.8,25.9,26.6,28.0,-0.7,0.7
1-2 дня,2026-08-07T07:13:52Z,2026-08-08T22:00:00Z,38.8,25.5,25.4,28.0,0.1,0.1
1-2 дня,2026-08-07T07:13:52Z,2026-08-08T23:00:00Z,39.8,25.2,24.9,28.0,0.3,0.3
1-2 дня,2026-08-07T07:13:52Z,2026-08-09T00:00:00Z,40.8,24.7,24.2,28.0,0.5,0.5
1-2 дня,2026-08-07T07:13:52Z,2026-08-09T01:00:00Z,41.8,24.2,23.8,28.0,0.4,0.4
1-2 дня,2026-08-07T07:13:52Z,2026-08-09T02:00:00Z,42.8,23.9,22.8,28.0,1.1,1.1
1-2 дня,2026-08-07T07:13:52Z,2026-08-09T03:00:00Z,43.8,23.0,21.3,28.0,1.7,1.7
1-2 дня,2026-08-07T07:13:52Z,2026-08-09T04:00:00Z,44.8,22.4,20.7,28.0,1.7,1.7
1-2 дня,2026-08-07T07:13:52Z,2026-08-09T05:00:00Z,45.8,23.0,21.8,28.0,1.2,1.2
1-2 дня,2026-08-07T07:13:52Z,2026-08-09T06:00:00Z,46.8,23.7,23.2,28.0,0.5,0.5
1-2 дня,2026-08-07T07:13:52Z,2026-08-09T07:00:00Z,47.8,24.6,24.7,28.0,-0.1,0.1
1-2 дня,2026-08-07T10:39:14Z,2026-08-08T11:00:00Z,24.3,32.5,30.9,35.0,1.6,1.6
1-2 дня,2026-08-07T10:39:14Z,2026-08-08T12:00:00Z,25.3,32.5,31.4,35.0,1.1,1.1
1-2 дня,2026-08-07T10:39:14Z,2026-08-08T13:00:00Z,26.3,32.7,32.0,35.0,0.7,0.7
1-2 дня,2026-08-07T10:39:14Z,2026-08-08T14:00:00Z,27.3,33.1,31.3,35.0,1.8,1.8
1-2 дня,2026-08-07T10:39:14Z,2026-08-08T15:00:00Z,28.3,32.9,32.0,35.0,0.9,0.9
1-2 дня,2026-08-07T10:39:14Z,2026-08-08T16:00:00Z,29.3,32.0,31.3,35.0,0.7,0.7
1-2 дня,2026-08-07T10:39:14Z,2026-08-08T17:00:00Z,30.3,31.0,30.0,35.0,1.0,1.0
1-2 дня,2026-08-07T10:39:14Z,2026-08-08T18:00:00Z,31.3,30.0,29.2,35.0,0.8,0.8
1-2 дня,2026-08-07T10:39:14Z,2026-08-08T19:00:00Z,32.3,28.1,28.4,35.0,-0.3,0.3
1-2 дня,2026-08-07T10:39:14Z,2026-08-08T20:00:00Z,33.3,27.0,27.6,35.0,-0.6,0.6
1-2 дня,2026-08-07T10:39:14Z,2026-08-08T21:00:00Z,34.3,25.9,26.6,35.0,-0.7,0.7
1-2 дня,2026-08-07T10:39:14Z,2026-08-08T22:00:00Z,35.3,25.5,25.4,35.0,0.1,0.1
1-2 дня,2026-08-07T10:39:14Z,2026-08-08T23:00:00Z,36.3,25.2,24.9,35.0,0.3,0.3
1-2 дня,2026-08-07T10:39:14Z,2026-08-09T00:00:00Z,37.3,24.7,24.2,35.0,0.5,0.5
1-2 дня,2026-08-07T10:39:14Z,2026-08-09T01:00:00Z,38.3,24.2,23.8,35.0,0.4,0.4
1-2 дня,2026-08-07T10:39:14Z,2026-08-09T02:00:00Z,39.3,23.9,22.8,35.0,1.1,1.1
1-2 дня,2026-08-07T10:39:14Z,2026-08-09T03:00:00Z,40.3,23.0,21.3,35.0,1.7,1.7
1-2 дня,2026-08-07T10:39:14Z,2026-08-09T04:00:00Z,41.3,22.4,20.7,35.0,1.7,1.7
1-2 дня,2026-08-07T10:39:14Z,2026-08-09T05:00:00Z,42.3,23.0,21.8,35.0,1.2,1.2
1-2 дня,2026-08-07T10:39:14Z,2026-08-09T06:00:00Z,43.3,23.7,23.2,35.0,0.5,0.5
1-2 дня,2026-08-07T10:39:14Z,2026-08-09T07:00:00Z,44.3,24.6,24.7,35.0,-0.1,0.1
1-2 дня,2026-08-07T10:39:14Z,2026-08-09T08:00:00Z,45.3,26.2,27.1,35.0,-0.9,0.9
1-2 дня,2026-08-07T10:39:14Z,2026-08-09T09:00:00Z,46.3,27.9,28.8,35.0,-0.9,0.9
1-2 дня,2026-08-07T10:39:14Z,2026-08-09T10:00:00Z,47.3,29.6,30.1,35.0,-0.5,0.5
1-2 дня,2026-08-07T16:51:54Z,2026-08-08T17:00:00Z,24.1,31.0,30.0,34.4,1.0,1.0
1-2 дня,2026-08-07T16:51:54Z,2026-08-08T18:00:00Z,25.1,30.0,29.2,34.4,0.8,0.8
1-2 дня,2026-08-07T16:51:54Z,2026-08-08T19:00:00Z,26.1,28.1,28.4,34.4,-0.3,0.3
1-2 дня,2026-08-07T16:51:54Z,2026-08-08T20:00:00Z,27.1,27.0,27.6,34.4,-0.6,0.6
1-2 дня,2026-08-07T16:51:54Z,2026-08-08T21:00:00Z,28.1,25.9,26.6,34.4,-0.7,0.7
1-2 дня,2026-08-07T16:51:54Z,2026-08-08T22:00:00Z,29.1,25.5,25.4,34.4,0.1,0.1
1-2 дня,2026-08-07T16:51:54Z,2026-08-08T23:00:00Z,30.1,25.2,24.9,34.4,0.3,0.3
1-2 дня,2026-08-07T16:51:54Z,2026-08-09T00:00:00Z,31.1,24.7,24.2,34.4,0.5,0.5
1-2 дня,2026-08-07T16:51:54Z,2026-08-09T01:00:00Z,32.1,24.2,23.8,34.4,0.4,0.4
1-2 дня,2026-08-07T16:51:54Z,2026-08-09T02:00:00Z,33.1,23.9,22.8,34.4,1.1,1.1
1-2 дня,2026-08-07T16:51:54Z,2026-08-09T03:00:00Z,34.1,23.0,21.3,34.4,1.7,1.7
1-2 дня,2026-08-07T16:51:54Z,2026-08-09T04:00:00Z,35.1,22.4,20.7,34.4,1.7,1.7
1-2 дня,2026-08-07T16:51:54Z,2026-08-09T05:00:00Z,36.1,23.0,21.8,34.4,1.2,1.2
1-2 дня,2026-08-07T16:51:54Z,2026-08-09T06:00:00Z,37.1,23.7,23.2,34.4,0.5,0.5
1-2 дня,2026-08-07T16:51:54Z,2026-08-09T07:00:00Z,38.1,24.6,24.7,34.4,-0.1,0.1
1-2 дня,2026-08-07T16:51:54Z,2026-08-09T08:00:00Z,39.1,26.2,27.1,34.4,-0.9,0.9
1-2 дня,2026-08-07T16:51:54Z,2026-08-09T09:00:00Z,40.1,27.9,28.8,34.4,-0.9,0.9
1-2 дня,2026-08-07T16:51:54Z,2026-08-09T10:00:00Z,41.1,29.6,30.1,34.4,-0.5,0.5
1-2 дня,2026-08-07T22:45:57Z,2026-08-08T23:00:00Z,24.2,25.8,24.9,27.1,0.9,0.9
1-2 дня,2026-08-07T22:45:57Z,2026-08-09T00:00:00Z,25.2,25.4,24.2,27.1,1.2,1.2
1-2 дня,2026-08-07T22:45:57Z,2026-08-09T01:00:00Z,26.2,24.9,23.8,27.1,1.1,1.1
1-2 дня,2026-08-07T22:45:57Z,2026-08-09T02:00:00Z,27.2,24.4,22.8,27.1,1.6,1.6
1-2 дня,2026-08-07T22:45:57Z,2026-08-09T03:00:00Z,28.2,23.5,21.3,27.1,2.2,2.2
1-2 дня,2026-08-07T22:45:57Z,2026-08-09T04:00:00Z,29.2,22.7,20.7,27.1,2.0,2.0
1-2 дня,2026-08-07T22:45:57Z,2026-08-09T05:00:00Z,30.2,23.4,21.8,27.1,1.6,1.6
1-2 дня,2026-08-07T22:45:57Z,2026-08-09T06:00:00Z,31.2,24.3,23.2,27.1,1.1,1.1
1-2 дня,2026-08-07T22:45:57Z,2026-08-09T07:00:00Z,32.2,26.0,24.7,27.1,1.3,1.3
1-2 дня,2026-08-07T22:45:57Z,2026-08-09T08:00:00Z,33.2,27.5,27.1,27.1,0.4,0.4
1-2 дня,2026-08-07T22:45:57Z,2026-08-09T09:00:00Z,34.2,28.1,28.8,27.1,-0.7,0.7
1-2 дня,2026-08-07T22:45:57Z,2026-08-09T10:00:00Z,35.2,28.9,30.1,27.1,-1.2,1.2
1-2 дня,2026-08-07T23:19:23Z,2026-08-09T00:00:00Z,24.7,25.4,24.2,25.7,1.2,1.2
1-2 дня,2026-08-07T23:19:23Z,2026-08-09T01:00:00Z,25.7,24.9,23.8,25.7,1.1,1.1
1-2 дня,2026-08-07T23:19:23Z,2026-08-09T02:00:00Z,26.7,24.4,22.8,25.7,1.6,1.6
1-2 дня,2026-08-07T23:19:23Z,2026-08-09T03:00:00Z,27.7,23.5,21.3,25.7,2.2,2.2
1-2 дня,2026-08-07T23:19:23Z,2026-08-09T04:00:00Z,28.7,22.7,20.7,25.7,2.0,2.0
1-2 дня,2026-08-07T23:19:23Z,2026-08-09T05:00:00Z,29.7,23.4,21.8,25.7,1.6,1.6
1-2 дня,2026-08-07T23:19:23Z,2026-08-09T06:00:00Z,30.7,24.3,23.2,25.7,1.1,1.1
1-2 дня,2026-08-07T23:19:23Z,2026-08-09T07:00:00Z,31.7,26.0,24.7,25.7,1.3,1.3
1-2 дня,2026-08-07T23:19:23Z,2026-08-09T08:00:00Z,32.7,27.5,27.1,25.7,0.4,0.4
1-2 дня,2026-08-07T23:19:23Z,2026-08-09T09:00:00Z,33.7,28.1,28.8,25.7,-0.7,0.7
1-2 дня,2026-08-07T23:19:23Z,2026-08-09T10:00:00Z,34.7,28.9,30.1,25.7,-1.2,1.2
1-2 дня,2026-08-08T04:50:53Z,2026-08-09T05:00:00Z,24.2,23.4,21.8,21.2,1.6,1.6
1-2 дня,2026-08-08T04:50:53Z,2026-08-09T06:00:00Z,25.2,24.3,23.2,21.2,1.1,1.1
1-2 дня,2026-08-08T04:50:53Z,2026-08-09T07:00:00Z,26.2,26.0,24.7,21.2,1.3,1.3
1-2 дня,2026-08-08T04:50:53Z,2026-08-09T08:00:00Z,27.2,27.5,27.1,21.2,0.4,0.4
1-2 дня,2026-08-08T04:50:53Z,2026-08-09T09:00:00Z,28.2,28.1,28.8,21.2,-0.7,0.7
1-2 дня,2026-08-08T04:50:53Z,2026-08-09T10:00:00Z,29.2,28.9,30.1,21.2,-1.2,1.2
2-3 дня,2026-08-06T09:50:07Z,2026-08-08T10:00:00Z,48.2,32.5,29.7,35.7,2.8,2.8
2-3 дня,2026-08-06T09:50:07Z,2026-08-08T11:00:00Z,49.2,33.4,30.9,35.7,2.5,2.5
2-3 дня,2026-08-06T09:50:07Z,2026-08-08T12:00:00Z,50.2,33.8,31.4,35.7,2.4,2.4
2-3 дня,2026-08-06T09:50:07Z,2026-08-08T13:00:00Z,51.2,34.1,32.0,35.7,2.1,2.1
2-3 дня,2026-08-06T09:50:07Z,2026-08-08T14:00:00Z,52.2,34.0,31.3,35.7,2.7,2.7
2-3 дня,2026-08-06T09:50:07Z,2026-08-08T15:00:00Z,53.2,33.5,32.0,35.7,1.5,1.5
2-3 дня,2026-08-06T09:50:07Z,2026-08-08T16:00:00Z,54.2,32.9,31.3,35.7,1.6,1.6
2-3 дня,2026-08-06T09:50:07Z,2026-08-08T17:00:00Z,55.2,32.0,30.0,35.7,2.0,2.0
2-3 дня,2026-08-06T09:50:07Z,2026-08-08T18:00:00Z,56.2,30.4,29.2,35.7,1.2,1.2
2-3 дня,2026-08-06T09:50:07Z,2026-08-08T19:00:00Z,57.2,28.9,28.4,35.7,0.5,0.5
2-3 дня,2026-08-06T09:50:07Z,2026-08-08T20:00:00Z,58.2,27.9,27.6,35.7,0.3,0.3
2-3 дня,2026-08-06T09:50:07Z,2026-08-08T21:00:00Z,59.2,27.0,26.6,35.7,0.4,0.4
2-3 дня,2026-08-06T09:50:07Z,2026-08-08T22:00:00Z,60.2,26.3,25.4,35.7,0.9,0.9
2-3 дня,2026-08-06T09:50:07Z,2026-08-08T23:00:00Z,61.2,25.6,24.9,35.7,0.7,0.7
2-3 дня,2026-08-06T09:50:07Z,2026-08-09T00:00:00Z,62.2,25.0,24.2,35.7,0.8,0.8
2-3 дня,2026-08-06T09:50:07Z,2026-08-09T01:00:00Z,63.2,24.5,23.8,35.7,0.7,0.7
2-3 дня,2026-08-06T09:50:07Z,2026-08-09T02:00:00Z,64.2,24.2,22.8,35.7,1.4,1.4
2-3 дня,2026-08-06T09:50:07Z,2026-08-09T03:00:00Z,65.2,24.0,21.3,35.7,2.7,2.7
2-3 дня,2026-08-06T09:50:07Z,2026-08-09T04:00:00Z,66.2,23.9,20.7,35.7,3.2,3.2
2-3 дня,2026-08-06T09:50:07Z,2026-08-09T05:00:00Z,67.2,24.3,21.8,35.7,2.5,2.5
2-3 дня,2026-08-06T09:50:07Z,2026-08-09T06:00:00Z,68.2,25.6,23.2,35.7,2.4,2.4
2-3 дня,2026-08-06T09:50:07Z,2026-08-09T07:00:00Z,69.2,27.2,24.7,35.7,2.5,2.5
2-3 дня,2026-08-06T09:50:07Z,2026-08-09T08:00:00Z,70.2,28.8,27.1,35.7,1.7,1.7
2-3 дня,2026-08-06T09:50:07Z,2026-08-09T09:00:00Z,71.2,30.6,28.8,35.7,1.8,1.8
2-3 дня,2026-08-06T09:59:18Z,2026-08-08T10:00:00Z,48.0,32.5,29.7,35.7,2.8,2.8
2-3 дня,2026-08-06T09:59:18Z,2026-08-08T11:00:00Z,49.0,33.4,30.9,35.7,2.5,2.5
2-3 дня,2026-08-06T09:59:18Z,2026-08-08T12:00:00Z,50.0,33.8,31.4,35.7,2.4,2.4
2-3 дня,2026-08-06T09:59:18Z,2026-08-08T13:00:00Z,51.0,34.1,32.0,35.7,2.1,2.1
2-3 дня,2026-08-06T09:59:18Z,2026-08-08T14:00:00Z,52.0,34.0,31.3,35.7,2.7,2.7
2-3 дня,2026-08-06T09:59:18Z,2026-08-08T15:00:00Z,53.0,33.5,32.0,35.7,1.5,1.5
2-3 дня,2026-08-06T09:59:18Z,2026-08-08T16:00:00Z,54.0,32.9,31.3,35.7,1.6,1.6
2-3 дня,2026-08-06T09:59:18Z,2026-08-08T17:00:00Z,55.0,32.0,30.0,35.7,2.0,2.0
2-3 дня,2026-08-06T09:59:18Z,2026-08-08T18:00:00Z,56.0,30.4,29.2,35.7,1.2,1.2
2-3 дня,2026-08-06T09:59:18Z,2026-08-08T19:00:00Z,57.0,28.9,28.4,35.7,0.5,0.5
2-3 дня,2026-08-06T09:59:18Z,2026-08-08T20:00:00Z,58.0,27.9,27.6,35.7,0.3,0.3
2-3 дня,2026-08-06T09:59:18Z,2026-08-08T21:00:00Z,59.0,27.0,26.6,35.7,0.4,0.4
2-3 дня,2026-08-06T09:59:18Z,2026-08-08T22:00:00Z,60.0,26.3,25.4,35.7,0.9,0.9
2-3 дня,2026-08-06T09:59:18Z,2026-08-08T23:00:00Z,61.0,25.6,24.9,35.7,0.7,0.7
2-3 дня,2026-08-06T09:59:18Z,2026-08-09T00:00:00Z,62.0,25.0,24.2,35.7,0.8,0.8
2-3 дня,2026-08-06T09:59:18Z,2026-08-09T01:00:00Z,63.0,24.5,23.8,35.7,0.7,0.7
2-3 дня,2026-08-06T09:59:18Z,2026-08-09T02:00:00Z,64.0,24.2,22.8,35.7,1.4,1.4
2-3 дня,2026-08-06T09:59:18Z,2026-08-09T03:00:00Z,65.0,24.0,21.3,35.7,2.7,2.7
2-3 дня,2026-08-06T09:59:18Z,2026-08-09T04:00:00Z,66.0,23.9,20.7,35.7,3.2,3.2
2-3 дня,2026-08-06T09:59:18Z,2026-08-09T05:00:00Z,67.0,24.3,21.8,35.7,2.5,2.5
2-3 дня,2026-08-06T09:59:18Z,2026-08-09T06:00:00Z,68.0,25.6,23.2,35.7,2.4,2.4
2-3 дня,2026-08-06T09:59:18Z,2026-08-09T07:00:00Z,69.0,27.2,24.7,35.7,2.5,2.5
2-3 дня,2026-08-06T09:59:18Z,2026-08-09T08:00:00Z,70.0,28.8,27.1,35.7,1.7,1.7
2-3 дня,2026-08-06T09:59:18Z,2026-08-09T09:00:00Z,71.0,30.6,28.8,35.7,1.8,1.8
2-3 дня,2026-08-06T10:08:26Z,2026-08-08T11:00:00Z,48.9,33.4,30.9,37.2,2.5,2.5
2-3 дня,2026-08-06T10:08:26Z,2026-08-08T12:00:00Z,49.9,33.8,31.4,37.2,2.4,2.4
2-3 дня,2026-08-06T10:08:26Z,2026-08-08T13:00:00Z,50.9,34.1,32.0,37.2,2.1,2.1
2-3 дня,2026-08-06T10:08:26Z,2026-08-08T14:00:00Z,51.9,34.0,31.3,37.2,2.7,2.7
2-3 дня,2026-08-06T10:08:26Z,2026-08-08T15:00:00Z,52.9,33.5,32.0,37.2,1.5,1.5
2-3 дня,2026-08-06T10:08:26Z,2026-08-08T16:00:00Z,53.9,32.9,31.3,37.2,1.6,1.6
2-3 дня,2026-08-06T10:08:26Z,2026-08-08T17:00:00Z,54.9,32.0,30.0,37.2,2.0,2.0
2-3 дня,2026-08-06T10:08:26Z,2026-08-08T18:00:00Z,55.9,30.4,29.2,37.2,1.2,1.2
2-3 дня,2026-08-06T10:08:26Z,2026-08-08T19:00:00Z,56.9,28.9,28.4,37.2,0.5,0.5
2-3 дня,2026-08-06T10:08:26Z,2026-08-08T20:00:00Z,57.9,27.9,27.6,37.2,0.3,0.3
2-3 дня,2026-08-06T10:08:26Z,2026-08-08T21:00:00Z,58.9,27.0,26.6,37.2,0.4,0.4
2-3 дня,2026-08-06T10:08:26Z,2026-08-08T22:00:00Z,59.9,26.3,25.4,37.2,0.9,0.9
2-3 дня,2026-08-06T10:08:26Z,2026-08-08T23:00:00Z,60.9,25.6,24.9,37.2,0.7,0.7
2-3 дня,2026-08-06T10:08:26Z,2026-08-09T00:00:00Z,61.9,25.0,24.2,37.2,0.8,0.8
2-3 дня,2026-08-06T10:08:26Z,2026-08-09T01:00:00Z,62.9,24.5,23.8,37.2,0.7,0.7
2-3 дня,2026-08-06T10:08:26Z,2026-08-09T02:00:00Z,63.9,24.2,22.8,37.2,1.4,1.4
2-3 дня,2026-08-06T10:08:26Z,2026-08-09T03:00:00Z,64.9,24.0,21.3,37.2,2.7,2.7
2-3 дня,2026-08-06T10:08:26Z,2026-08-09T04:00:00Z,65.9,23.9,20.7,37.2,3.2,3.2
2-3 дня,2026-08-06T10:08:26Z,2026-08-09T05:00:00Z,66.9,24.3,21.8,37.2,2.5,2.5
2-3 дня,2026-08-06T10:08:26Z,2026-08-09T06:00:00Z,67.9,25.6,23.2,37.2,2.4,2.4
2-3 дня,2026-08-06T10:08:26Z,2026-08-09T07:00:00Z,68.9,27.2,24.7,37.2,2.5,2.5
2-3 дня,2026-08-06T10:08:26Z,2026-08-09T08:00:00Z,69.9,28.8,27.1,37.2,1.7,1.7
2-3 дня,2026-08-06T10:08:26Z,2026-08-09T09:00:00Z,70.9,30.6,28.8,37.2,1.8,1.8
2-3 дня,2026-08-06T10:08:26Z,2026-08-09T10:00:00Z,71.9,31.8,30.1,37.2,1.7,1.7
2-3 дня,2026-08-06T10:47:54Z,2026-08-08T11:00:00Z,48.2,33.4,30.9,37.2,2.5,2.5
2-3 дня,2026-08-06T10:47:54Z,2026-08-08T12:00:00Z,49.2,33.8,31.4,37.2,2.4,2.4
2-3 дня,2026-08-06T10:47:54Z,2026-08-08T13:00:00Z,50.2,34.1,32.0,37.2,2.1,2.1
2-3 дня,2026-08-06T10:47:54Z,2026-08-08T14:00:00Z,51.2,34.0,31.3,37.2,2.7,2.7
2-3 дня,2026-08-06T10:47:54Z,2026-08-08T15:00:00Z,52.2,33.5,32.0,37.2,1.5,1.5
2-3 дня,2026-08-06T10:47:54Z,2026-08-08T16:00:00Z,53.2,32.9,31.3,37.2,1.6,1.6
2-3 дня,2026-08-06T10:47:54Z,2026-08-08T17:00:00Z,54.2,32.0,30.0,37.2,2.0,2.0
2-3 дня,2026-08-06T10:47:54Z,2026-08-08T18:00:00Z,55.2,30.4,29.2,37.2,1.2,1.2
2-3 дня,2026-08-06T10:47:54Z,2026-08-08T19:00:00Z,56.2,28.9,28.4,37.2,0.5,0.5
2-3 дня,2026-08-06T10:47:54Z,2026-08-08T20:00:00Z,57.2,27.9,27.6,37.2,0.3,0.3
2-3 дня,2026-08-06T10:47:54Z,2026-08-08T21:00:00Z,58.2,27.0,26.6,37.2,0.4,0.4
2-3 дня,2026-08-06T10:47:54Z,2026-08-08T22:00:00Z,59.2,26.3,25.4,37.2,0.9,0.9
2-3 дня,2026-08-06T10:47:54Z,2026-08-08T23:00:00Z,60.2,25.6,24.9,37.2,0.7,0.7
2-3 дня,2026-08-06T10:47:54Z,2026-08-09T00:00:00Z,61.2,25.0,24.2,37.2,0.8,0.8
2-3 дня,2026-08-06T10:47:54Z,2026-08-09T01:00:00Z,62.2,24.5,23.8,37.2,0.7,0.7
2-3 дня,2026-08-06T10:47:54Z,2026-08-09T02:00:00Z,63.2,24.2,22.8,37.2,1.4,1.4
2-3 дня,2026-08-06T10:47:54Z,2026-08-09T03:00:00Z,64.2,24.0,21.3,37.2,2.7,2.7
2-3 дня,2026-08-06T10:47:54Z,2026-08-09T04:00:00Z,65.2,23.9,20.7,37.2,3.2,3.2
2-3 дня,2026-08-06T10:47:54Z,2026-08-09T05:00:00Z,66.2,24.3,21.8,37.2,2.5,2.5
2-3 дня,2026-08-06T10:47:54Z,2026-08-09T06:00:00Z,67.2,25.6,23.2,37.2,2.4,2.4
2-3 дня,2026-08-06T10:47:54Z,2026-08-09T07:00:00Z,68.2,27.2,24.7,37.2,2.5,2.5
2-3 дня,2026-08-06T10:47:54Z,2026-08-09T08:00:00Z,69.2,28.8,27.1,37.2,1.7,1.7
2-3 дня,2026-08-06T10:47:54Z,2026-08-09T09:00:00Z,70.2,30.6,28.8,37.2,1.8,1.8
2-3 дня,2026-08-06T10:47:54Z,2026-08-09T10:00:00Z,71.2,31.8,30.1,37.2,1.7,1.7
2-3 дня,2026-08-06T11:30:42Z,2026-08-08T12:00:00Z,48.5,33.8,31.4,37.6,2.4,2.4
2-3 дня,2026-08-06T11:30:42Z,2026-08-08T13:00:00Z,49.5,34.1,32.0,37.6,2.1,2.1
2-3 дня,2026-08-06T11:30:42Z,2026-08-08T14:00:00Z,50.5,34.0,31.3,37.6,2.7,2.7
2-3 дня,2026-08-06T11:30:42Z,2026-08-08T15:00:00Z,51.5,33.5,32.0,37.6,1.5,1.5
2-3 дня,2026-08-06T11:30:42Z,2026-08-08T16:00:00Z,52.5,32.9,31.3,37.6,1.6,1.6
2-3 дня,2026-08-06T11:30:42Z,2026-08-08T17:00:00Z,53.5,32.0,30.0,37.6,2.0,2.0
2-3 дня,2026-08-06T11:30:42Z,2026-08-08T18:00:00Z,54.5,30.4,29.2,37.6,1.2,1.2
2-3 дня,2026-08-06T11:30:42Z,2026-08-08T19:00:00Z,55.5,28.9,28.4,37.6,0.5,0.5
2-3 дня,2026-08-06T11:30:42Z,2026-08-08T20:00:00Z,56.5,27.9,27.6,37.6,0.3,0.3
2-3 дня,2026-08-06T11:30:42Z,2026-08-08T21:00:00Z,57.5,27.0,26.6,37.6,0.4,0.4
2-3 дня,2026-08-06T11:30:42Z,2026-08-08T22:00:00Z,58.5,26.3,25.4,37.6,0.9,0.9
2-3 дня,2026-08-06T11:30:42Z,2026-08-08T23:00:00Z,59.5,25.6,24.9,37.6,0.7,0.7
2-3 дня,2026-08-06T11:30:42Z,2026-08-09T00:00:00Z,60.5,25.0,24.2,37.6,0.8,0.8
2-3 дня,2026-08-06T11:30:42Z,2026-08-09T01:00:00Z,61.5,24.5,23.8,37.6,0.7,0.7
2-3 дня,2026-08-06T11:30:42Z,2026-08-09T02:00:00Z,62.5,24.2,22.8,37.6,1.4,1.4
2-3 дня,2026-08-06T11:30:42Z,2026-08-09T03:00:00Z,63.5,24.0,21.3,37.6,2.7,2.7
2-3 дня,2026-08-06T11:30:42Z,2026-08-09T04:00:00Z,64.5,23.9,20.7,37.6,3.2,3.2
2-3 дня,2026-08-06T11:30:42Z,2026-08-09T05:00:00Z,65.5,24.3,21.8,37.6,2.5,2.5
2-3 дня,2026-08-06T11:30:42Z,2026-08-09T06:00:00Z,66.5,25.6,23.2,37.6,2.4,2.4
2-3 дня,2026-08-06T11:30:42Z,2026-08-09T07:00:00Z,67.5,27.2,24.7,37.6,2.5,2.5
2-3 дня,2026-08-06T11:30:42Z,2026-08-09T08:00:00Z,68.5,28.8,27.1,37.6,1.7,1.7
2-3 дня,2026-08-06T11:30:42Z,2026-08-09T09:00:00Z,69.5,30.6,28.8,37.6,1.8,1.8
2-3 дня,2026-08-06T11:30:42Z,2026-08-09T10:00:00Z,70.5,31.8,30.1,37.6,1.7,1.7
2-3 дня,2026-08-06T11:36:01Z,2026-08-08T12:00:00Z,48.4,33.8,31.4,37.6,2.4,2.4
2-3 дня,2026-08-06T11:36:01Z,2026-08-08T13:00:00Z,49.4,34.1,32.0,37.6,2.1,2.1
2-3 дня,2026-08-06T11:36:01Z,2026-08-08T14:00:00Z,50.4,34.0,31.3,37.6,2.7,2.7
2-3 дня,2026-08-06T11:36:01Z,2026-08-08T15:00:00Z,51.4,33.5,32.0,37.6,1.5,1.5
2-3 дня,2026-08-06T11:36:01Z,2026-08-08T16:00:00Z,52.4,32.9,31.3,37.6,1.6,1.6
2-3 дня,2026-08-06T11:36:01Z,2026-08-08T17:00:00Z,53.4,32.0,30.0,37.6,2.0,2.0
2-3 дня,2026-08-06T11:36:01Z,2026-08-08T18:00:00Z,54.4,30.4,29.2,37.6,1.2,1.2
2-3 дня,2026-08-06T11:36:01Z,2026-08-08T19:00:00Z,55.4,28.9,28.4,37.6,0.5,0.5
2-3 дня,2026-08-06T11:36:01Z,2026-08-08T20:00:00Z,56.4,27.9,27.6,37.6,0.3,0.3
2-3 дня,2026-08-06T11:36:01Z,2026-08-08T21:00:00Z,57.4,27.0,26.6,37.6,0.4,0.4
2-3 дня,2026-08-06T11:36:01Z,2026-08-08T22:00:00Z,58.4,26.3,25.4,37.6,0.9,0.9
2-3 дня,2026-08-06T11:36:01Z,2026-08-08T23:00:00Z,59.4,25.6,24.9,37.6,0.7,0.7
2-3 дня,2026-08-06T11:36:01Z,2026-08-09T00:00:00Z,60.4,25.0,24.2,37.6,0.8,0.8
2-3 дня,2026-08-06T11:36:01Z,2026-08-09T01:00:00Z,61.4,24.5,23.8,37.6,0.7,0.7
2-3 дня,2026-08-06T11:36:01Z,2026-08-09T02:00:00Z,62.4,24.2,22.8,37.6,1.4,1.4
2-3 дня,2026-08-06T11:36:01Z,2026-08-09T03:00:00Z,63.4,24.0,21.3,37.6,2.7,2.7
2-3 дня,2026-08-06T11:36:01Z,2026-08-09T04:00:00Z,64.4,23.9,20.7,37.6,3.2,3.2
2-3 дня,2026-08-06T11:36:01Z,2026-08-09T05:00:00Z,65.4,24.3,21.8,37.6,2.5,2.5
2-3 дня,2026-08-06T11:36:01Z,2026-08-09T06:00:00Z,66.4,25.6,23.2,37.6,2.4,2.4
2-3 дня,2026-08-06T11:36:01Z,2026-08-09T07:00:00Z,67.4,27.2,24.7,37.6,2.5,2.5
2-3 дня,2026-08-06T11:36:01Z,2026-08-09T08:00:00Z,68.4,28.8,27.1,37.6,1.7,1.7
2-3 дня,2026-08-06T11:36:01Z,2026-08-09T09:00:00Z,69.4,30.6,28.8,37.6,1.8,1.8
2-3 дня,2026-08-06T11:36:01Z,2026-08-09T10:00:00Z,70.4,31.8,30.1,37.6,1.7,1.7
2-3 дня,2026-08-06T11:44:08Z,2026-08-08T12:00:00Z,48.3,33.8,31.4,37.6,2.4,2.4
2-3 дня,2026-08-06T11:44:08Z,2026-08-08T13:00:00Z,49.3,34.1,32.0,37.6,2.1,2.1
2-3 дня,2026-08-06T11:44:08Z,2026-08-08T14:00:00Z,50.3,34.0,31.3,37.6,2.7,2.7
2-3 дня,2026-08-06T11:44:08Z,2026-08-08T15:00:00Z,51.3,33.5,32.0,37.6,1.5,1.5
2-3 дня,2026-08-06T11:44:08Z,2026-08-08T16:00:00Z,52.3,32.9,31.3,37.6,1.6,1.6
2-3 дня,2026-08-06T11:44:08Z,2026-08-08T17:00:00Z,53.3,32.0,30.0,37.6,2.0,2.0
2-3 дня,2026-08-06T11:44:08Z,2026-08-08T18:00:00Z,54.3,30.4,29.2,37.6,1.2,1.2
2-3 дня,2026-08-06T11:44:08Z,2026-08-08T19:00:00Z,55.3,28.9,28.4,37.6,0.5,0.5
2-3 дня,2026-08-06T11:44:08Z,2026-08-08T20:00:00Z,56.3,27.9,27.6,37.6,0.3,0.3
2-3 дня,2026-08-06T11:44:08Z,2026-08-08T21:00:00Z,57.3,27.0,26.6,37.6,0.4,0.4
2-3 дня,2026-08-06T11:44:08Z,2026-08-08T22:00:00Z,58.3,26.3,25.4,37.6,0.9,0.9
2-3 дня,2026-08-06T11:44:08Z,2026-08-08T23:00:00Z,59.3,25.6,24.9,37.6,0.7,0.7
2-3 дня,2026-08-06T11:44:08Z,2026-08-09T00:00:00Z,60.3,25.0,24.2,37.6,0.8,0.8
2-3 дня,2026-08-06T11:44:08Z,2026-08-09T01:00:00Z,61.3,24.5,23.8,37.6,0.7,0.7
2-3 дня,2026-08-06T11:44:08Z,2026-08-09T02:00:00Z,62.3,24.2,22.8,37.6,1.4,1.4
2-3 дня,2026-08-06T11:44:08Z,2026-08-09T03:00:00Z,63.3,24.0,21.3,37.6,2.7,2.7
2-3 дня,2026-08-06T11:44:08Z,2026-08-09T04:00:00Z,64.3,23.9,20.7,37.6,3.2,3.2
2-3 дня,2026-08-06T11:44:08Z,2026-08-09T05:00:00Z,65.3,24.3,21.8,37.6,2.5,2.5
2-3 дня,2026-08-06T11:44:08Z,2026-08-09T06:00:00Z,66.3,25.6,23.2,37.6,2.4,2.4
2-3 дня,2026-08-06T11:44:08Z,2026-08-09T07:00:00Z,67.3,27.2,24.7,37.6,2.5,2.5
2-3 дня,2026-08-06T11:44:08Z,2026-08-09T08:00:00Z,68.3,28.8,27.1,37.6,1.7,1.7
2-3 дня,2026-08-06T11:44:08Z,2026-08-09T09:00:00Z,69.3,30.6,28.8,37.6,1.8,1.8
2-3 дня,2026-08-06T11:44:08Z,2026-08-09T10:00:00Z,70.3,31.8,30.1,37.6,1.7,1.7
2-3 дня,2026-08-07T01:31:32Z,2026-08-09T02:00:00Z,48.5,24.0,22.8,25.3,1.2,1.2
2-3 дня,2026-08-07T01:31:32Z,2026-08-09T03:00:00Z,49.5,22.8,21.3,25.3,1.5,1.5
2-3 дня,2026-08-07T01:31:32Z,2026-08-09T04:00:00Z,50.5,21.6,20.7,25.3,0.9,0.9
2-3 дня,2026-08-07T01:31:32Z,2026-08-09T05:00:00Z,51.5,21.9,21.8,25.3,0.1,0.1
2-3 дня,2026-08-07T01:31:32Z,2026-08-09T06:00:00Z,52.5,23.5,23.2,25.3,0.3,0.3
2-3 дня,2026-08-07T01:31:32Z,2026-08-09T07:00:00Z,53.5,25.3,24.7,25.3,0.6,0.6
2-3 дня,2026-08-07T01:31:32Z,2026-08-09T08:00:00Z,54.5,27.3,27.1,25.3,0.2,0.2
2-3 дня,2026-08-07T01:31:32Z,2026-08-09T09:00:00Z,55.5,29.0,28.8,25.3,0.2,0.2
2-3 дня,2026-08-07T01:31:32Z,2026-08-09T10:00:00Z,56.5,30.1,30.1,25.3,0.0,0.0
2-3 дня,2026-08-07T05:36:00Z,2026-08-09T06:00:00Z,48.4,23.5,23.2,26.1,0.3,0.3
2-3 дня,2026-08-07T05:36:00Z,2026-08-09T07:00:00Z,49.4,25.3,24.7,26.1,0.6,0.6
2-3 дня,2026-08-07T05:36:00Z,2026-08-09T08:00:00Z,50.4,27.3,27.1,26.1,0.2,0.2
2-3 дня,2026-08-07T05:36:00Z,2026-08-09T09:00:00Z,51.4,29.0,28.8,26.1,0.2,0.2
2-3 дня,2026-08-07T05:36:00Z,2026-08-09T10:00:00Z,52.4,30.1,30.1,26.1,0.0,0.0
2-3 дня,2026-08-07T06:18:59Z,2026-08-09T07:00:00Z,48.7,24.6,24.7,27.0,-0.1,0.1
2-3 дня,2026-08-07T06:18:59Z,2026-08-09T08:00:00Z,49.7,26.2,27.1,27.0,-0.9,0.9
2-3 дня,2026-08-07T06:18:59Z,2026-08-09T09:00:00Z,50.7,27.9,28.8,27.0,-0.9,0.9
2-3 дня,2026-08-07T06:18:59Z,2026-08-09T10:00:00Z,51.7,29.6,30.1,27.0,-0.5,0.5
2-3 дня,2026-08-07T07:13:52Z,2026-08-09T08:00:00Z,48.8,26.2,27.1,28.0,-0.9,0.9
2-3 дня,2026-08-07T07:13:52Z,2026-08-09T09:00:00Z,49.8,27.9,28.8,28.0,-0.9,0.9
2-3 дня,2026-08-07T07:13:52Z,2026-08-09T10:00:00Z,50.8,29.6,30.1,28.0,-0.5,0.5
