# Нови-Сад / Ветер / 0-6ч, 6-24ч, 1-2 дня, 2-3 дня, 3-5 дней / Yr (Норвегия)
# n=983, MAE=1.324, RMSE=1.652, bias=+1.129
# skill = 1 - (RMSE/RMSE_персистентности)^2 = 1 - (1.652/1.117)^2 = -1.1873  (RMSE_персистентности по 983 пар(ам))
# persistence baseline = смешанный (разный по периодам в пуле) - выбран автоматически как более сильный (ниже RMSE) из двух кандидатов для этого периода, одинаково для всех источников
# «Общий» = объединённый пул пар из периодов: 0-6ч, 6-24ч, 1-2 дня, 2-3 дня, 3-5 дней - метрика посчитана заново по всему пулу, а не усреднена по периодам
#
bucket,fetched_at,valid_time,lead_hours,forecast,observed,persistence,error,abs_error
0-6ч,2026-08-06T09:50:07Z,2026-08-06T10:00:00Z,0.2,2.5,3.0,2.0,-0.5,0.5
0-6ч,2026-08-06T09:50:07Z,2026-08-06T11:00:00Z,1.2,2.7,3.0,2.0,-0.3,0.3
0-6ч,2026-08-06T09:50:07Z,2026-08-06T12:00:00Z,2.2,3.2,2.0,2.0,1.2,1.2
0-6ч,2026-08-06T09:50:07Z,2026-08-06T13:00:00Z,3.2,3.8,3.0,2.0,0.8,0.8
0-6ч,2026-08-06T09:50:07Z,2026-08-06T14:00:00Z,4.2,3.8,2.0,2.0,1.8,1.8
0-6ч,2026-08-06T09:50:07Z,2026-08-06T15:00:00Z,5.2,4.2,4.0,2.0,0.2,0.2
0-6ч,2026-08-06T09:59:18Z,2026-08-06T10:00:00Z,0.0,2.5,3.0,2.0,-0.5,0.5
0-6ч,2026-08-06T09:59:18Z,2026-08-06T11:00:00Z,1.0,2.7,3.0,2.0,-0.3,0.3
0-6ч,2026-08-06T09:59:18Z,2026-08-06T12:00:00Z,2.0,3.2,2.0,2.0,1.2,1.2
0-6ч,2026-08-06T09:59:18Z,2026-08-06T13:00:00Z,3.0,3.8,3.0,2.0,0.8,0.8
0-6ч,2026-08-06T09:59:18Z,2026-08-06T14:00:00Z,4.0,3.8,2.0,2.0,1.8,1.8
0-6ч,2026-08-06T09:59:18Z,2026-08-06T15:00:00Z,5.0,4.2,4.0,2.0,0.2,0.2
0-6ч,2026-08-06T10:08:26Z,2026-08-06T11:00:00Z,0.9,2.7,3.0,3.0,-0.3,0.3
0-6ч,2026-08-06T10:08:26Z,2026-08-06T12:00:00Z,1.9,3.2,2.0,3.0,1.2,1.2
0-6ч,2026-08-06T10:08:26Z,2026-08-06T13:00:00Z,2.9,3.8,3.0,3.0,0.8,0.8
0-6ч,2026-08-06T10:08:26Z,2026-08-06T14:00:00Z,3.9,3.8,2.0,3.0,1.8,1.8
0-6ч,2026-08-06T10:08:26Z,2026-08-06T15:00:00Z,4.9,4.2,4.0,3.0,0.2,0.2
0-6ч,2026-08-06T10:08:26Z,2026-08-06T16:00:00Z,5.9,3.0,2.0,3.0,1.0,1.0
0-6ч,2026-08-06T10:47:54Z,2026-08-06T11:00:00Z,0.2,2.7,3.0,3.0,-0.3,0.3
0-6ч,2026-08-06T10:47:54Z,2026-08-06T12:00:00Z,1.2,3.2,2.0,3.0,1.2,1.2
0-6ч,2026-08-06T10:47:54Z,2026-08-06T13:00:00Z,2.2,3.8,3.0,3.0,0.8,0.8
0-6ч,2026-08-06T10:47:54Z,2026-08-06T14:00:00Z,3.2,3.8,2.0,3.0,1.8,1.8
0-6ч,2026-08-06T10:47:54Z,2026-08-06T15:00:00Z,4.2,4.2,4.0,3.0,0.2,0.2
0-6ч,2026-08-06T10:47:54Z,2026-08-06T16:00:00Z,5.2,3.0,2.0,3.0,1.0,1.0
0-6ч,2026-08-06T11:30:42Z,2026-08-06T12:00:00Z,0.5,3.2,2.0,3.0,1.2,1.2
0-6ч,2026-08-06T11:30:42Z,2026-08-06T13:00:00Z,1.5,3.8,3.0,3.0,0.8,0.8
0-6ч,2026-08-06T11:30:42Z,2026-08-06T14:00:00Z,2.5,3.8,2.0,3.0,1.8,1.8
0-6ч,2026-08-06T11:30:42Z,2026-08-06T15:00:00Z,3.5,4.2,4.0,3.0,0.2,0.2
0-6ч,2026-08-06T11:30:42Z,2026-08-06T16:00:00Z,4.5,3.0,2.0,3.0,1.0,1.0
0-6ч,2026-08-06T11:30:42Z,2026-08-06T17:00:00Z,5.5,1.5,2.0,3.0,-0.5,0.5
0-6ч,2026-08-06T11:36:01Z,2026-08-06T12:00:00Z,0.4,3.2,2.0,3.0,1.2,1.2
0-6ч,2026-08-06T11:36:01Z,2026-08-06T13:00:00Z,1.4,3.8,3.0,3.0,0.8,0.8
0-6ч,2026-08-06T11:36:01Z,2026-08-06T14:00:00Z,2.4,3.8,2.0,3.0,1.8,1.8
0-6ч,2026-08-06T11:36:01Z,2026-08-06T15:00:00Z,3.4,4.2,4.0,3.0,0.2,0.2
0-6ч,2026-08-06T11:36:01Z,2026-08-06T16:00:00Z,4.4,3.0,2.0,3.0,1.0,1.0
0-6ч,2026-08-06T11:36:01Z,2026-08-06T17:00:00Z,5.4,1.5,2.0,3.0,-0.5,0.5
0-6ч,2026-08-06T11:44:08Z,2026-08-06T12:00:00Z,0.3,3.2,2.0,3.0,1.2,1.2
0-6ч,2026-08-06T11:44:08Z,2026-08-06T13:00:00Z,1.3,3.8,3.0,3.0,0.8,0.8
0-6ч,2026-08-06T11:44:08Z,2026-08-06T14:00:00Z,2.3,3.8,2.0,3.0,1.8,1.8
0-6ч,2026-08-06T11:44:08Z,2026-08-06T15:00:00Z,3.3,4.2,4.0,3.0,0.2,0.2
0-6ч,2026-08-06T11:44:08Z,2026-08-06T16:00:00Z,4.3,3.0,2.0,3.0,1.0,1.0
0-6ч,2026-08-06T11:44:08Z,2026-08-06T17:00:00Z,5.3,1.5,2.0,3.0,-0.5,0.5
0-6ч,2026-08-07T01:31:32Z,2026-08-07T02:00:00Z,0.5,1.3,1.0,1.0,0.3,0.3
0-6ч,2026-08-07T01:31:32Z,2026-08-07T03:00:00Z,1.5,1.4,0.0,1.0,1.4,1.4
0-6ч,2026-08-07T01:31:32Z,2026-08-07T04:00:00Z,2.5,1.1,1.0,1.0,0.1,0.1
0-6ч,2026-08-07T01:31:32Z,2026-08-07T05:00:00Z,3.5,1.2,1.0,1.0,0.2,0.2
0-6ч,2026-08-07T01:31:32Z,2026-08-07T06:00:00Z,4.5,1.0,1.0,1.0,0.0,0.0
0-6ч,2026-08-07T01:31:32Z,2026-08-07T07:00:00Z,5.5,1.5,1.0,1.0,0.5,0.5
0-6ч,2026-08-07T05:36:00Z,2026-08-07T06:00:00Z,0.4,1.0,1.0,1.0,0.0,0.0
0-6ч,2026-08-07T05:36:00Z,2026-08-07T07:00:00Z,1.4,1.5,1.0,1.0,0.5,0.5
0-6ч,2026-08-07T05:36:00Z,2026-08-07T08:00:00Z,2.4,1.4,1.0,1.0,0.4,0.4
0-6ч,2026-08-07T05:36:00Z,2026-08-07T09:00:00Z,3.4,1.4,1.0,1.0,0.4,0.4
0-6ч,2026-08-07T05:36:00Z,2026-08-07T10:00:00Z,4.4,1.4,1.0,1.0,0.4,0.4
0-6ч,2026-08-07T05:36:00Z,2026-08-07T11:00:00Z,5.4,1.7,2.0,1.0,-0.3,0.3
0-6ч,2026-08-07T06:18:59Z,2026-08-07T07:00:00Z,0.7,1.5,1.0,1.0,0.5,0.5
0-6ч,2026-08-07T06:18:59Z,2026-08-07T08:00:00Z,1.7,1.4,1.0,1.0,0.4,0.4
0-6ч,2026-08-07T06:18:59Z,2026-08-07T09:00:00Z,2.7,1.4,1.0,1.0,0.4,0.4
0-6ч,2026-08-07T06:18:59Z,2026-08-07T10:00:00Z,3.7,1.4,1.0,1.0,0.4,0.4
0-6ч,2026-08-07T06:18:59Z,2026-08-07T11:00:00Z,4.7,1.7,2.0,1.0,-0.3,0.3
0-6ч,2026-08-07T06:18:59Z,2026-08-07T12:00:00Z,5.7,2.9,2.0,1.0,0.9,0.9
0-6ч,2026-08-07T07:13:52Z,2026-08-07T08:00:00Z,0.8,1.4,1.0,1.0,0.4,0.4
0-6ч,2026-08-07T07:13:52Z,2026-08-07T09:00:00Z,1.8,1.4,1.0,1.0,0.4,0.4
0-6ч,2026-08-07T07:13:52Z,2026-08-07T10:00:00Z,2.8,1.4,1.0,1.0,0.4,0.4
0-6ч,2026-08-07T07:13:52Z,2026-08-07T11:00:00Z,3.8,1.7,2.0,1.0,-0.3,0.3
0-6ч,2026-08-07T07:13:52Z,2026-08-07T12:00:00Z,4.8,2.9,2.0,1.0,0.9,0.9
0-6ч,2026-08-07T07:13:52Z,2026-08-07T13:00:00Z,5.8,3.2,2.0,1.0,1.2,1.2
0-6ч,2026-08-07T10:39:14Z,2026-08-07T11:00:00Z,0.3,3.0,2.0,1.0,1.0,1.0
0-6ч,2026-08-07T10:39:14Z,2026-08-07T12:00:00Z,1.3,2.4,2.0,1.0,0.4,0.4
0-6ч,2026-08-07T10:39:14Z,2026-08-07T13:00:00Z,2.3,3.0,2.0,1.0,1.0,1.0
0-6ч,2026-08-07T10:39:14Z,2026-08-07T14:00:00Z,3.3,7.1,2.0,1.0,5.1,5.1
0-6ч,2026-08-07T10:39:14Z,2026-08-07T15:00:00Z,4.3,3.5,2.0,1.0,1.5,1.5
0-6ч,2026-08-07T10:39:14Z,2026-08-07T16:00:00Z,5.3,2.6,2.0,1.0,0.6,0.6
0-6ч,2026-08-07T16:51:54Z,2026-08-07T17:00:00Z,0.1,2.9,4.0,2.0,-1.1,1.1
0-6ч,2026-08-07T16:51:54Z,2026-08-07T18:00:00Z,1.1,2.3,4.0,2.0,-1.7,1.7
0-6ч,2026-08-07T16:51:54Z,2026-08-07T19:00:00Z,2.1,3.2,3.0,2.0,0.2,0.2
0-6ч,2026-08-07T16:51:54Z,2026-08-07T20:00:00Z,3.1,1.5,1.0,2.0,0.5,0.5
0-6ч,2026-08-07T16:51:54Z,2026-08-07T21:00:00Z,4.1,1.5,2.0,2.0,-0.5,0.5
0-6ч,2026-08-07T16:51:54Z,2026-08-07T22:00:00Z,5.1,1.9,2.0,2.0,-0.1,0.1
0-6ч,2026-08-07T22:45:57Z,2026-08-07T23:00:00Z,0.2,2.6,1.0,2.0,1.6,1.6
0-6ч,2026-08-07T22:45:57Z,2026-08-08T00:00:00Z,1.2,3.0,1.0,2.0,2.0,2.0
0-6ч,2026-08-07T22:45:57Z,2026-08-08T01:00:00Z,2.2,2.8,2.0,2.0,0.8,0.8
0-6ч,2026-08-07T22:45:57Z,2026-08-08T02:00:00Z,3.2,2.8,2.0,2.0,0.8,0.8
0-6ч,2026-08-07T22:45:57Z,2026-08-08T03:00:00Z,4.2,2.8,3.0,2.0,-0.2,0.2
0-6ч,2026-08-07T22:45:57Z,2026-08-08T04:00:00Z,5.2,2.8,3.0,2.0,-0.2,0.2
0-6ч,2026-08-07T23:19:23Z,2026-08-08T00:00:00Z,0.7,3.0,1.0,1.0,2.0,2.0
0-6ч,2026-08-07T23:19:23Z,2026-08-08T01:00:00Z,1.7,2.8,2.0,1.0,0.8,0.8
0-6ч,2026-08-07T23:19:23Z,2026-08-08T02:00:00Z,2.7,2.8,2.0,1.0,0.8,0.8
0-6ч,2026-08-07T23:19:23Z,2026-08-08T03:00:00Z,3.7,2.8,3.0,1.0,-0.2,0.2
0-6ч,2026-08-07T23:19:23Z,2026-08-08T04:00:00Z,4.7,2.8,3.0,1.0,-0.2,0.2
0-6ч,2026-08-07T23:19:23Z,2026-08-08T05:00:00Z,5.7,3.0,1.0,1.0,2.0,2.0
0-6ч,2026-08-08T04:50:53Z,2026-08-08T05:00:00Z,0.2,3.4,1.0,3.0,2.4,2.4
0-6ч,2026-08-08T04:50:53Z,2026-08-08T06:00:00Z,1.2,3.2,2.0,3.0,1.2,1.2
0-6ч,2026-08-08T04:50:53Z,2026-08-08T07:00:00Z,2.2,2.7,2.0,3.0,0.7,0.7
0-6ч,2026-08-08T04:50:53Z,2026-08-08T08:00:00Z,3.2,2.9,2.0,3.0,0.9,0.9
0-6ч,2026-08-08T04:50:53Z,2026-08-08T09:00:00Z,4.2,3.4,1.0,3.0,2.4,2.4
0-6ч,2026-08-08T04:50:53Z,2026-08-08T10:00:00Z,5.2,3.7,2.0,3.0,1.7,1.7
0-6ч,2026-08-08T10:18:13Z,2026-08-08T11:00:00Z,0.7,3.8,2.0,2.0,1.8,1.8
0-6ч,2026-08-08T10:18:13Z,2026-08-08T12:00:00Z,1.7,3.7,2.0,2.0,1.7,1.7
0-6ч,2026-08-08T10:18:13Z,2026-08-08T13:00:00Z,2.7,3.5,2.0,2.0,1.5,1.5
0-6ч,2026-08-08T10:18:13Z,2026-08-08T14:00:00Z,3.7,3.6,2.0,2.0,1.6,1.6
0-6ч,2026-08-08T10:18:13Z,2026-08-08T15:00:00Z,4.7,3.7,2.0,2.0,1.7,1.7
0-6ч,2026-08-08T10:18:13Z,2026-08-08T16:00:00Z,5.7,3.8,2.0,2.0,1.8,1.8
0-6ч,2026-08-08T22:37:20Z,2026-08-08T23:00:00Z,0.4,3.0,2.0,3.0,1.0,1.0
0-6ч,2026-08-08T22:37:20Z,2026-08-09T00:00:00Z,1.4,3.0,3.0,3.0,0.0,0.0
0-6ч,2026-08-08T22:37:20Z,2026-08-09T01:00:00Z,2.4,2.6,2.0,3.0,0.6,0.6
0-6ч,2026-08-08T22:37:20Z,2026-08-09T02:00:00Z,3.4,2.5,1.0,3.0,1.5,1.5
0-6ч,2026-08-08T22:37:20Z,2026-08-09T03:00:00Z,4.4,2.1,1.0,3.0,1.1,1.1
0-6ч,2026-08-08T22:37:20Z,2026-08-09T04:00:00Z,5.4,2.2,1.0,3.0,1.2,1.2
0-6ч,2026-08-09T04:59:03Z,2026-08-09T05:00:00Z,0.0,2.2,1.0,1.0,1.2,1.2
0-6ч,2026-08-09T04:59:03Z,2026-08-09T06:00:00Z,1.0,2.0,1.0,1.0,1.0,1.0
0-6ч,2026-08-09T04:59:03Z,2026-08-09T07:00:00Z,2.0,1.9,1.0,1.0,0.9,0.9
0-6ч,2026-08-09T04:59:03Z,2026-08-09T08:00:00Z,3.0,1.6,1.0,1.0,0.6,0.6
0-6ч,2026-08-09T04:59:03Z,2026-08-09T09:00:00Z,4.0,1.6,2.0,1.0,-0.4,0.4
0-6ч,2026-08-09T04:59:03Z,2026-08-09T10:00:00Z,5.0,2.2,2.0,1.0,0.2,0.2
0-6ч,2026-08-09T10:19:29Z,2026-08-09T11:00:00Z,0.7,2.0,2.0,2.0,0.0,0.0
0-6ч,2026-08-09T10:19:29Z,2026-08-09T12:00:00Z,1.7,1.8,2.0,2.0,-0.2,0.2
0-6ч,2026-08-09T10:19:29Z,2026-08-09T13:00:00Z,2.7,1.6,2.0,2.0,-0.4,0.4
0-6ч,2026-08-09T10:19:29Z,2026-08-09T14:00:00Z,3.7,1.3,2.0,2.0,-0.7,0.7
0-6ч,2026-08-09T10:19:29Z,2026-08-09T15:00:00Z,4.7,1.1,2.0,2.0,-0.9,0.9
0-6ч,2026-08-09T10:19:29Z,2026-08-09T16:00:00Z,5.7,1.5,1.0,2.0,0.5,0.5
0-6ч,2026-08-09T12:41:38Z,2026-08-09T13:00:00Z,0.3,1.6,2.0,2.0,-0.4,0.4
0-6ч,2026-08-09T12:41:38Z,2026-08-09T14:00:00Z,1.3,1.3,2.0,2.0,-0.7,0.7
0-6ч,2026-08-09T12:41:38Z,2026-08-09T15:00:00Z,2.3,1.1,2.0,2.0,-0.9,0.9
0-6ч,2026-08-09T12:41:38Z,2026-08-09T16:00:00Z,3.3,1.5,1.0,2.0,0.5,0.5
0-6ч,2026-08-09T12:45:53Z,2026-08-09T13:00:00Z,0.2,1.6,2.0,2.0,-0.4,0.4
0-6ч,2026-08-09T12:45:53Z,2026-08-09T14:00:00Z,1.2,1.3,2.0,2.0,-0.7,0.7
0-6ч,2026-08-09T12:45:53Z,2026-08-09T15:00:00Z,2.2,1.1,2.0,2.0,-0.9,0.9
0-6ч,2026-08-09T12:45:53Z,2026-08-09T16:00:00Z,3.2,1.5,1.0,2.0,0.5,0.5
0-6ч,2026-08-09T12:48:15Z,2026-08-09T13:00:00Z,0.2,1.6,2.0,2.0,-0.4,0.4
0-6ч,2026-08-09T12:48:15Z,2026-08-09T14:00:00Z,1.2,1.3,2.0,2.0,-0.7,0.7
0-6ч,2026-08-09T12:48:15Z,2026-08-09T15:00:00Z,2.2,1.1,2.0,2.0,-0.9,0.9
0-6ч,2026-08-09T12:48:15Z,2026-08-09T16:00:00Z,3.2,1.5,1.0,2.0,0.5,0.5
6-24ч,2026-08-06T09:50:07Z,2026-08-06T16:00:00Z,6.2,3.0,2.0,3.0,1.0,1.0
6-24ч,2026-08-06T09:50:07Z,2026-08-06T17:00:00Z,7.2,1.5,2.0,2.0,-0.5,0.5
6-24ч,2026-08-06T09:50:07Z,2026-08-06T18:00:00Z,8.2,1.7,1.0,2.0,0.7,0.7
6-24ч,2026-08-06T09:50:07Z,2026-08-06T19:00:00Z,9.2,1.3,2.0,1.0,-0.7,0.7
6-24ч,2026-08-06T09:50:07Z,2026-08-06T20:00:00Z,10.2,1.1,2.0,2.0,-0.9,0.9
6-24ч,2026-08-06T09:50:07Z,2026-08-06T21:00:00Z,11.2,1.8,2.0,1.0,-0.2,0.2
6-24ч,2026-08-06T09:50:07Z,2026-08-06T22:00:00Z,12.2,1.8,1.0,1.0,0.8,0.8
6-24ч,2026-08-06T09:50:07Z,2026-08-06T23:00:00Z,13.2,1.4,0.0,1.0,1.4,1.4
6-24ч,2026-08-06T09:50:07Z,2026-08-07T00:00:00Z,14.2,1.3,0.0,2.0,1.3,1.3
6-24ч,2026-08-06T09:50:07Z,2026-08-07T01:00:00Z,15.2,1.6,1.0,1.0,0.6,0.6
6-24ч,2026-08-06T09:50:07Z,2026-08-07T02:00:00Z,16.2,1.3,1.0,2.0,0.3,0.3
6-24ч,2026-08-06T09:50:07Z,2026-08-07T03:00:00Z,17.2,1.2,0.0,2.0,1.2,1.2
6-24ч,2026-08-06T09:50:07Z,2026-08-07T04:00:00Z,18.2,1.3,1.0,2.0,0.3,0.3
6-24ч,2026-08-06T09:50:07Z,2026-08-07T05:00:00Z,19.2,1.4,1.0,2.0,0.4,0.4
6-24ч,2026-08-06T09:50:07Z,2026-08-07T06:00:00Z,20.2,1.6,1.0,2.0,0.6,0.6
6-24ч,2026-08-06T09:50:07Z,2026-08-07T07:00:00Z,21.2,2.5,1.0,3.0,1.5,1.5
6-24ч,2026-08-06T09:50:07Z,2026-08-07T08:00:00Z,22.2,2.9,1.0,3.0,1.9,1.9
6-24ч,2026-08-06T09:50:07Z,2026-08-07T09:00:00Z,23.2,3.3,1.0,2.0,2.3,2.3
6-24ч,2026-08-06T09:59:18Z,2026-08-06T16:00:00Z,6.0,3.0,2.0,3.0,1.0,1.0
6-24ч,2026-08-06T09:59:18Z,2026-08-06T17:00:00Z,7.0,1.5,2.0,2.0,-0.5,0.5
6-24ч,2026-08-06T09:59:18Z,2026-08-06T18:00:00Z,8.0,1.7,1.0,2.0,0.7,0.7
6-24ч,2026-08-06T09:59:18Z,2026-08-06T19:00:00Z,9.0,1.3,2.0,1.0,-0.7,0.7
6-24ч,2026-08-06T09:59:18Z,2026-08-06T20:00:00Z,10.0,1.1,2.0,2.0,-0.9,0.9
6-24ч,2026-08-06T09:59:18Z,2026-08-06T21:00:00Z,11.0,1.8,2.0,1.0,-0.2,0.2
6-24ч,2026-08-06T09:59:18Z,2026-08-06T22:00:00Z,12.0,1.8,1.0,1.0,0.8,0.8
6-24ч,2026-08-06T09:59:18Z,2026-08-06T23:00:00Z,13.0,1.4,0.0,1.0,1.4,1.4
6-24ч,2026-08-06T09:59:18Z,2026-08-07T00:00:00Z,14.0,1.3,0.0,2.0,1.3,1.3
6-24ч,2026-08-06T09:59:18Z,2026-08-07T01:00:00Z,15.0,1.6,1.0,1.0,0.6,0.6
6-24ч,2026-08-06T09:59:18Z,2026-08-07T02:00:00Z,16.0,1.3,1.0,2.0,0.3,0.3
6-24ч,2026-08-06T09:59:18Z,2026-08-07T03:00:00Z,17.0,1.2,0.0,2.0,1.2,1.2
6-24ч,2026-08-06T09:59:18Z,2026-08-07T04:00:00Z,18.0,1.3,1.0,2.0,0.3,0.3
6-24ч,2026-08-06T09:59:18Z,2026-08-07T05:00:00Z,19.0,1.4,1.0,2.0,0.4,0.4
6-24ч,2026-08-06T09:59:18Z,2026-08-07T06:00:00Z,20.0,1.6,1.0,2.0,0.6,0.6
6-24ч,2026-08-06T09:59:18Z,2026-08-07T07:00:00Z,21.0,2.5,1.0,3.0,1.5,1.5
6-24ч,2026-08-06T09:59:18Z,2026-08-07T08:00:00Z,22.0,2.9,1.0,3.0,1.9,1.9
6-24ч,2026-08-06T09:59:18Z,2026-08-07T09:00:00Z,23.0,3.3,1.0,2.0,2.3,2.3
6-24ч,2026-08-06T10:08:26Z,2026-08-06T17:00:00Z,6.9,1.5,2.0,2.0,-0.5,0.5
6-24ч,2026-08-06T10:08:26Z,2026-08-06T18:00:00Z,7.9,1.7,1.0,2.0,0.7,0.7
6-24ч,2026-08-06T10:08:26Z,2026-08-06T19:00:00Z,8.9,1.3,2.0,1.0,-0.7,0.7
6-24ч,2026-08-06T10:08:26Z,2026-08-06T20:00:00Z,9.9,1.1,2.0,2.0,-0.9,0.9
6-24ч,2026-08-06T10:08:26Z,2026-08-06T21:00:00Z,10.9,1.8,2.0,1.0,-0.2,0.2
6-24ч,2026-08-06T10:08:26Z,2026-08-06T22:00:00Z,11.9,1.8,1.0,1.0,0.8,0.8
6-24ч,2026-08-06T10:08:26Z,2026-08-06T23:00:00Z,12.9,1.4,0.0,1.0,1.4,1.4
6-24ч,2026-08-06T10:08:26Z,2026-08-07T00:00:00Z,13.9,1.3,0.0,2.0,1.3,1.3
6-24ч,2026-08-06T10:08:26Z,2026-08-07T01:00:00Z,14.9,1.6,1.0,1.0,0.6,0.6
6-24ч,2026-08-06T10:08:26Z,2026-08-07T02:00:00Z,15.9,1.3,1.0,2.0,0.3,0.3
6-24ч,2026-08-06T10:08:26Z,2026-08-07T03:00:00Z,16.9,1.2,0.0,2.0,1.2,1.2
6-24ч,2026-08-06T10:08:26Z,2026-08-07T04:00:00Z,17.9,1.3,1.0,2.0,0.3,0.3
6-24ч,2026-08-06T10:08:26Z,2026-08-07T05:00:00Z,18.9,1.4,1.0,2.0,0.4,0.4
6-24ч,2026-08-06T10:08:26Z,2026-08-07T06:00:00Z,19.9,1.6,1.0,2.0,0.6,0.6
6-24ч,2026-08-06T10:08:26Z,2026-08-07T07:00:00Z,20.9,2.5,1.0,3.0,1.5,1.5
6-24ч,2026-08-06T10:08:26Z,2026-08-07T08:00:00Z,21.9,2.9,1.0,3.0,1.9,1.9
6-24ч,2026-08-06T10:08:26Z,2026-08-07T09:00:00Z,22.9,3.3,1.0,2.0,2.3,2.3
6-24ч,2026-08-06T10:08:26Z,2026-08-07T10:00:00Z,23.9,3.8,1.0,3.0,2.8,2.8
6-24ч,2026-08-06T10:47:54Z,2026-08-06T17:00:00Z,6.2,1.5,2.0,2.0,-0.5,0.5
6-24ч,2026-08-06T10:47:54Z,2026-08-06T18:00:00Z,7.2,1.7,1.0,2.0,0.7,0.7
6-24ч,2026-08-06T10:47:54Z,2026-08-06T19:00:00Z,8.2,1.3,2.0,1.0,-0.7,0.7
6-24ч,2026-08-06T10:47:54Z,2026-08-06T20:00:00Z,9.2,1.1,2.0,2.0,-0.9,0.9
6-24ч,2026-08-06T10:47:54Z,2026-08-06T21:00:00Z,10.2,1.8,2.0,1.0,-0.2,0.2
6-24ч,2026-08-06T10:47:54Z,2026-08-06T22:00:00Z,11.2,1.8,1.0,1.0,0.8,0.8
6-24ч,2026-08-06T10:47:54Z,2026-08-06T23:00:00Z,12.2,1.4,0.0,1.0,1.4,1.4
6-24ч,2026-08-06T10:47:54Z,2026-08-07T00:00:00Z,13.2,1.3,0.0,2.0,1.3,1.3
6-24ч,2026-08-06T10:47:54Z,2026-08-07T01:00:00Z,14.2,1.6,1.0,1.0,0.6,0.6
6-24ч,2026-08-06T10:47:54Z,2026-08-07T02:00:00Z,15.2,1.3,1.0,2.0,0.3,0.3
6-24ч,2026-08-06T10:47:54Z,2026-08-07T03:00:00Z,16.2,1.2,0.0,2.0,1.2,1.2
6-24ч,2026-08-06T10:47:54Z,2026-08-07T04:00:00Z,17.2,1.3,1.0,2.0,0.3,0.3
6-24ч,2026-08-06T10:47:54Z,2026-08-07T05:00:00Z,18.2,1.4,1.0,2.0,0.4,0.4
6-24ч,2026-08-06T10:47:54Z,2026-08-07T06:00:00Z,19.2,1.6,1.0,2.0,0.6,0.6
6-24ч,2026-08-06T10:47:54Z,2026-08-07T07:00:00Z,20.2,2.5,1.0,3.0,1.5,1.5
6-24ч,2026-08-06T10:47:54Z,2026-08-07T08:00:00Z,21.2,2.9,1.0,3.0,1.9,1.9
6-24ч,2026-08-06T10:47:54Z,2026-08-07T09:00:00Z,22.2,3.3,1.0,2.0,2.3,2.3
6-24ч,2026-08-06T10:47:54Z,2026-08-07T10:00:00Z,23.2,3.8,1.0,3.0,2.8,2.8
6-24ч,2026-08-06T11:30:42Z,2026-08-06T18:00:00Z,6.5,1.7,1.0,2.0,0.7,0.7
6-24ч,2026-08-06T11:30:42Z,2026-08-06T19:00:00Z,7.5,1.3,2.0,1.0,-0.7,0.7
6-24ч,2026-08-06T11:30:42Z,2026-08-06T20:00:00Z,8.5,1.1,2.0,2.0,-0.9,0.9
6-24ч,2026-08-06T11:30:42Z,2026-08-06T21:00:00Z,9.5,1.8,2.0,1.0,-0.2,0.2
6-24ч,2026-08-06T11:30:42Z,2026-08-06T22:00:00Z,10.5,1.8,1.0,1.0,0.8,0.8
6-24ч,2026-08-06T11:30:42Z,2026-08-06T23:00:00Z,11.5,1.4,0.0,1.0,1.4,1.4
6-24ч,2026-08-06T11:30:42Z,2026-08-07T00:00:00Z,12.5,1.3,0.0,2.0,1.3,1.3
6-24ч,2026-08-06T11:30:42Z,2026-08-07T01:00:00Z,13.5,1.6,1.0,1.0,0.6,0.6
6-24ч,2026-08-06T11:30:42Z,2026-08-07T02:00:00Z,14.5,1.3,1.0,2.0,0.3,0.3
6-24ч,2026-08-06T11:30:42Z,2026-08-07T03:00:00Z,15.5,1.2,0.0,2.0,1.2,1.2
6-24ч,2026-08-06T11:30:42Z,2026-08-07T04:00:00Z,16.5,1.3,1.0,2.0,0.3,0.3
6-24ч,2026-08-06T11:30:42Z,2026-08-07T05:00:00Z,17.5,1.4,1.0,2.0,0.4,0.4
6-24ч,2026-08-06T11:30:42Z,2026-08-07T06:00:00Z,18.5,1.6,1.0,2.0,0.6,0.6
6-24ч,2026-08-06T11:30:42Z,2026-08-07T07:00:00Z,19.5,2.5,1.0,3.0,1.5,1.5
6-24ч,2026-08-06T11:30:42Z,2026-08-07T08:00:00Z,20.5,2.9,1.0,3.0,1.9,1.9
6-24ч,2026-08-06T11:30:42Z,2026-08-07T09:00:00Z,21.5,3.3,1.0,2.0,2.3,2.3
6-24ч,2026-08-06T11:30:42Z,2026-08-07T10:00:00Z,22.5,3.8,1.0,3.0,2.8,2.8
6-24ч,2026-08-06T11:30:42Z,2026-08-07T11:00:00Z,23.5,3.3,2.0,3.0,1.3,1.3
6-24ч,2026-08-06T11:36:01Z,2026-08-06T18:00:00Z,6.4,1.7,1.0,2.0,0.7,0.7
6-24ч,2026-08-06T11:36:01Z,2026-08-06T19:00:00Z,7.4,1.3,2.0,1.0,-0.7,0.7
6-24ч,2026-08-06T11:36:01Z,2026-08-06T20:00:00Z,8.4,1.1,2.0,2.0,-0.9,0.9
6-24ч,2026-08-06T11:36:01Z,2026-08-06T21:00:00Z,9.4,1.8,2.0,1.0,-0.2,0.2
6-24ч,2026-08-06T11:36:01Z,2026-08-06T22:00:00Z,10.4,1.8,1.0,1.0,0.8,0.8
6-24ч,2026-08-06T11:36:01Z,2026-08-06T23:00:00Z,11.4,1.4,0.0,1.0,1.4,1.4
6-24ч,2026-08-06T11:36:01Z,2026-08-07T00:00:00Z,12.4,1.3,0.0,2.0,1.3,1.3
6-24ч,2026-08-06T11:36:01Z,2026-08-07T01:00:00Z,13.4,1.6,1.0,1.0,0.6,0.6
6-24ч,2026-08-06T11:36:01Z,2026-08-07T02:00:00Z,14.4,1.3,1.0,2.0,0.3,0.3
6-24ч,2026-08-06T11:36:01Z,2026-08-07T03:00:00Z,15.4,1.2,0.0,2.0,1.2,1.2
6-24ч,2026-08-06T11:36:01Z,2026-08-07T04:00:00Z,16.4,1.3,1.0,2.0,0.3,0.3
6-24ч,2026-08-06T11:36:01Z,2026-08-07T05:00:00Z,17.4,1.4,1.0,2.0,0.4,0.4
6-24ч,2026-08-06T11:36:01Z,2026-08-07T06:00:00Z,18.4,1.6,1.0,2.0,0.6,0.6
6-24ч,2026-08-06T11:36:01Z,2026-08-07T07:00:00Z,19.4,2.5,1.0,3.0,1.5,1.5
6-24ч,2026-08-06T11:36:01Z,2026-08-07T08:00:00Z,20.4,2.9,1.0,3.0,1.9,1.9
6-24ч,2026-08-06T11:36:01Z,2026-08-07T09:00:00Z,21.4,3.3,1.0,2.0,2.3,2.3
6-24ч,2026-08-06T11:36:01Z,2026-08-07T10:00:00Z,22.4,3.8,1.0,3.0,2.8,2.8
6-24ч,2026-08-06T11:36:01Z,2026-08-07T11:00:00Z,23.4,3.3,2.0,3.0,1.3,1.3
6-24ч,2026-08-06T11:44:08Z,2026-08-06T18:00:00Z,6.3,1.7,1.0,2.0,0.7,0.7
6-24ч,2026-08-06T11:44:08Z,2026-08-06T19:00:00Z,7.3,1.3,2.0,1.0,-0.7,0.7
6-24ч,2026-08-06T11:44:08Z,2026-08-06T20:00:00Z,8.3,1.1,2.0,2.0,-0.9,0.9
6-24ч,2026-08-06T11:44:08Z,2026-08-06T21:00:00Z,9.3,1.8,2.0,1.0,-0.2,0.2
6-24ч,2026-08-06T11:44:08Z,2026-08-06T22:00:00Z,10.3,1.8,1.0,1.0,0.8,0.8
6-24ч,2026-08-06T11:44:08Z,2026-08-06T23:00:00Z,11.3,1.4,0.0,1.0,1.4,1.4
6-24ч,2026-08-06T11:44:08Z,2026-08-07T00:00:00Z,12.3,1.3,0.0,2.0,1.3,1.3
6-24ч,2026-08-06T11:44:08Z,2026-08-07T01:00:00Z,13.3,1.6,1.0,1.0,0.6,0.6
6-24ч,2026-08-06T11:44:08Z,2026-08-07T02:00:00Z,14.3,1.3,1.0,2.0,0.3,0.3
6-24ч,2026-08-06T11:44:08Z,2026-08-07T03:00:00Z,15.3,1.2,0.0,2.0,1.2,1.2
6-24ч,2026-08-06T11:44:08Z,2026-08-07T04:00:00Z,16.3,1.3,1.0,2.0,0.3,0.3
6-24ч,2026-08-06T11:44:08Z,2026-08-07T05:00:00Z,17.3,1.4,1.0,2.0,0.4,0.4
6-24ч,2026-08-06T11:44:08Z,2026-08-07T06:00:00Z,18.3,1.6,1.0,2.0,0.6,0.6
6-24ч,2026-08-06T11:44:08Z,2026-08-07T07:00:00Z,19.3,2.5,1.0,3.0,1.5,1.5
6-24ч,2026-08-06T11:44:08Z,2026-08-07T08:00:00Z,20.3,2.9,1.0,3.0,1.9,1.9
6-24ч,2026-08-06T11:44:08Z,2026-08-07T09:00:00Z,21.3,3.3,1.0,2.0,2.3,2.3
6-24ч,2026-08-06T11:44:08Z,2026-08-07T10:00:00Z,22.3,3.8,1.0,3.0,2.8,2.8
6-24ч,2026-08-06T11:44:08Z,2026-08-07T11:00:00Z,23.3,3.3,2.0,3.0,1.3,1.3
6-24ч,2026-08-07T01:31:32Z,2026-08-07T08:00:00Z,6.5,1.4,1.0,3.0,0.4,0.4
6-24ч,2026-08-07T01:31:32Z,2026-08-07T09:00:00Z,7.5,1.4,1.0,2.0,0.4,0.4
6-24ч,2026-08-07T01:31:32Z,2026-08-07T10:00:00Z,8.5,1.4,1.0,3.0,0.4,0.4
6-24ч,2026-08-07T01:31:32Z,2026-08-07T11:00:00Z,9.5,1.7,2.0,3.0,-0.3,0.3
6-24ч,2026-08-07T01:31:32Z,2026-08-07T12:00:00Z,10.5,2.9,2.0,2.0,0.9,0.9
6-24ч,2026-08-07T01:31:32Z,2026-08-07T13:00:00Z,11.5,3.2,2.0,3.0,1.2,1.2
6-24ч,2026-08-07T01:31:32Z,2026-08-07T14:00:00Z,12.5,5.8,2.0,2.0,3.8,3.8
6-24ч,2026-08-07T01:31:32Z,2026-08-07T15:00:00Z,13.5,7.3,2.0,4.0,5.3,5.3
6-24ч,2026-08-07T01:31:32Z,2026-08-07T16:00:00Z,14.5,4.0,2.0,2.0,2.0,2.0
6-24ч,2026-08-07T01:31:32Z,2026-08-07T17:00:00Z,15.5,4.0,4.0,2.0,0.0,0.0
6-24ч,2026-08-07T01:31:32Z,2026-08-07T18:00:00Z,16.5,2.3,4.0,1.0,-1.7,1.7
6-24ч,2026-08-07T01:31:32Z,2026-08-07T19:00:00Z,17.5,1.7,3.0,2.0,-1.3,1.3
6-24ч,2026-08-07T01:31:32Z,2026-08-07T20:00:00Z,18.5,1.6,1.0,2.0,0.6,0.6
6-24ч,2026-08-07T01:31:32Z,2026-08-07T21:00:00Z,19.5,1.6,2.0,2.0,-0.4,0.4
6-24ч,2026-08-07T01:31:32Z,2026-08-07T22:00:00Z,20.5,1.3,2.0,1.0,-0.7,0.7
6-24ч,2026-08-07T01:31:32Z,2026-08-07T23:00:00Z,21.5,1.1,1.0,0.0,0.1,0.1
6-24ч,2026-08-07T01:31:32Z,2026-08-08T00:00:00Z,22.5,2.0,1.0,0.0,1.0,1.0
6-24ч,2026-08-07T01:31:32Z,2026-08-08T01:00:00Z,23.5,2.7,2.0,1.0,0.7,0.7
6-24ч,2026-08-07T05:36:00Z,2026-08-07T12:00:00Z,6.4,2.9,2.0,2.0,0.9,0.9
6-24ч,2026-08-07T05:36:00Z,2026-08-07T13:00:00Z,7.4,3.2,2.0,3.0,1.2,1.2
6-24ч,2026-08-07T05:36:00Z,2026-08-07T14:00:00Z,8.4,5.8,2.0,2.0,3.8,3.8
6-24ч,2026-08-07T05:36:00Z,2026-08-07T15:00:00Z,9.4,7.3,2.0,4.0,5.3,5.3
6-24ч,2026-08-07T05:36:00Z,2026-08-07T16:00:00Z,10.4,4.0,2.0,2.0,2.0,2.0
6-24ч,2026-08-07T05:36:00Z,2026-08-07T17:00:00Z,11.4,4.0,4.0,2.0,0.0,0.0
6-24ч,2026-08-07T05:36:00Z,2026-08-07T18:00:00Z,12.4,2.3,4.0,1.0,-1.7,1.7
6-24ч,2026-08-07T05:36:00Z,2026-08-07T19:00:00Z,13.4,1.7,3.0,2.0,-1.3,1.3
6-24ч,2026-08-07T05:36:00Z,2026-08-07T20:00:00Z,14.4,1.6,1.0,2.0,0.6,0.6
6-24ч,2026-08-07T05:36:00Z,2026-08-07T21:00:00Z,15.4,1.6,2.0,2.0,-0.4,0.4
6-24ч,2026-08-07T05:36:00Z,2026-08-07T22:00:00Z,16.4,1.3,2.0,1.0,-0.7,0.7
6-24ч,2026-08-07T05:36:00Z,2026-08-07T23:00:00Z,17.4,1.1,1.0,0.0,0.1,0.1
6-24ч,2026-08-07T05:36:00Z,2026-08-08T00:00:00Z,18.4,2.0,1.0,0.0,1.0,1.0
6-24ч,2026-08-07T05:36:00Z,2026-08-08T01:00:00Z,19.4,2.7,2.0,1.0,0.7,0.7
6-24ч,2026-08-07T05:36:00Z,2026-08-08T02:00:00Z,20.4,3.0,2.0,1.0,1.0,1.0
6-24ч,2026-08-07T05:36:00Z,2026-08-08T03:00:00Z,21.4,2.8,3.0,0.0,-0.2,0.2
6-24ч,2026-08-07T05:36:00Z,2026-08-08T04:00:00Z,22.4,2.7,3.0,1.0,-0.3,0.3
6-24ч,2026-08-07T05:36:00Z,2026-08-08T05:00:00Z,23.4,2.9,1.0,1.0,1.9,1.9
6-24ч,2026-08-07T06:18:59Z,2026-08-07T13:00:00Z,6.7,3.2,2.0,3.0,1.2,1.2
6-24ч,2026-08-07T06:18:59Z,2026-08-07T14:00:00Z,7.7,5.8,2.0,2.0,3.8,3.8
6-24ч,2026-08-07T06:18:59Z,2026-08-07T15:00:00Z,8.7,7.3,2.0,4.0,5.3,5.3
6-24ч,2026-08-07T06:18:59Z,2026-08-07T16:00:00Z,9.7,4.0,2.0,2.0,2.0,2.0
6-24ч,2026-08-07T06:18:59Z,2026-08-07T17:00:00Z,10.7,4.0,4.0,2.0,0.0,0.0
6-24ч,2026-08-07T06:18:59Z,2026-08-07T18:00:00Z,11.7,2.3,4.0,1.0,-1.7,1.7
6-24ч,2026-08-07T06:18:59Z,2026-08-07T19:00:00Z,12.7,1.7,3.0,2.0,-1.3,1.3
6-24ч,2026-08-07T06:18:59Z,2026-08-07T20:00:00Z,13.7,1.6,1.0,2.0,0.6,0.6
6-24ч,2026-08-07T06:18:59Z,2026-08-07T21:00:00Z,14.7,1.6,2.0,2.0,-0.4,0.4
6-24ч,2026-08-07T06:18:59Z,2026-08-07T22:00:00Z,15.7,1.3,2.0,1.0,-0.7,0.7
6-24ч,2026-08-07T06:18:59Z,2026-08-07T23:00:00Z,16.7,1.1,1.0,0.0,0.1,0.1
6-24ч,2026-08-07T06:18:59Z,2026-08-08T00:00:00Z,17.7,2.0,1.0,0.0,1.0,1.0
6-24ч,2026-08-07T06:18:59Z,2026-08-08T01:00:00Z,18.7,2.7,2.0,1.0,0.7,0.7
6-24ч,2026-08-07T06:18:59Z,2026-08-08T02:00:00Z,19.7,3.0,2.0,1.0,1.0,1.0
6-24ч,2026-08-07T06:18:59Z,2026-08-08T03:00:00Z,20.7,2.8,3.0,0.0,-0.2,0.2
6-24ч,2026-08-07T06:18:59Z,2026-08-08T04:00:00Z,21.7,2.7,3.0,1.0,-0.3,0.3
6-24ч,2026-08-07T06:18:59Z,2026-08-08T05:00:00Z,22.7,2.9,1.0,1.0,1.9,1.9
6-24ч,2026-08-07T06:18:59Z,2026-08-08T06:00:00Z,23.7,3.1,2.0,1.0,1.1,1.1
6-24ч,2026-08-07T07:13:52Z,2026-08-07T14:00:00Z,6.8,5.8,2.0,2.0,3.8,3.8
6-24ч,2026-08-07T07:13:52Z,2026-08-07T15:00:00Z,7.8,7.3,2.0,4.0,5.3,5.3
6-24ч,2026-08-07T07:13:52Z,2026-08-07T16:00:00Z,8.8,4.0,2.0,2.0,2.0,2.0
6-24ч,2026-08-07T07:13:52Z,2026-08-07T17:00:00Z,9.8,4.0,4.0,2.0,0.0,0.0
6-24ч,2026-08-07T07:13:52Z,2026-08-07T18:00:00Z,10.8,2.3,4.0,1.0,-1.7,1.7
6-24ч,2026-08-07T07:13:52Z,2026-08-07T19:00:00Z,11.8,1.7,3.0,2.0,-1.3,1.3
6-24ч,2026-08-07T07:13:52Z,2026-08-07T20:00:00Z,12.8,1.6,1.0,2.0,0.6,0.6
6-24ч,2026-08-07T07:13:52Z,2026-08-07T21:00:00Z,13.8,1.6,2.0,2.0,-0.4,0.4
6-24ч,2026-08-07T07:13:52Z,2026-08-07T22:00:00Z,14.8,1.3,2.0,1.0,-0.7,0.7
6-24ч,2026-08-07T07:13:52Z,2026-08-07T23:00:00Z,15.8,1.1,1.0,0.0,0.1,0.1
6-24ч,2026-08-07T07:13:52Z,2026-08-08T00:00:00Z,16.8,2.0,1.0,0.0,1.0,1.0
6-24ч,2026-08-07T07:13:52Z,2026-08-08T01:00:00Z,17.8,2.7,2.0,1.0,0.7,0.7
6-24ч,2026-08-07T07:13:52Z,2026-08-08T02:00:00Z,18.8,3.0,2.0,1.0,1.0,1.0
6-24ч,2026-08-07T07:13:52Z,2026-08-08T03:00:00Z,19.8,2.8,3.0,0.0,-0.2,0.2
6-24ч,2026-08-07T07:13:52Z,2026-08-08T04:00:00Z,20.8,2.7,3.0,1.0,-0.3,0.3
6-24ч,2026-08-07T07:13:52Z,2026-08-08T05:00:00Z,21.8,2.9,1.0,1.0,1.9,1.9
6-24ч,2026-08-07T07:13:52Z,2026-08-08T06:00:00Z,22.8,3.1,2.0,1.0,1.1,1.1
6-24ч,2026-08-07T07:13:52Z,2026-08-08T07:00:00Z,23.8,3.4,2.0,1.0,1.4,1.4
6-24ч,2026-08-07T10:39:14Z,2026-08-07T17:00:00Z,6.3,2.9,4.0,2.0,-1.1,1.1
6-24ч,2026-08-07T10:39:14Z,2026-08-07T18:00:00Z,7.3,2.7,4.0,1.0,-1.3,1.3
6-24ч,2026-08-07T10:39:14Z,2026-08-07T19:00:00Z,8.3,1.4,3.0,2.0,-1.6,1.6
6-24ч,2026-08-07T10:39:14Z,2026-08-07T20:00:00Z,9.3,0.6,1.0,2.0,-0.4,0.4
6-24ч,2026-08-07T10:39:14Z,2026-08-07T21:00:00Z,10.3,0.6,2.0,2.0,-1.4,1.4
6-24ч,2026-08-07T10:39:14Z,2026-08-07T22:00:00Z,11.3,1.0,2.0,1.0,-1.0,1.0
6-24ч,2026-08-07T10:39:14Z,2026-08-07T23:00:00Z,12.3,1.4,1.0,0.0,0.4,0.4
6-24ч,2026-08-07T10:39:14Z,2026-08-08T00:00:00Z,13.3,1.8,1.0,0.0,0.8,0.8
6-24ч,2026-08-07T10:39:14Z,2026-08-08T01:00:00Z,14.3,2.9,2.0,1.0,0.9,0.9
6-24ч,2026-08-07T10:39:14Z,2026-08-08T02:00:00Z,15.3,3.2,2.0,1.0,1.2,1.2
6-24ч,2026-08-07T10:39:14Z,2026-08-08T03:00:00Z,16.3,3.1,3.0,0.0,0.1,0.1
6-24ч,2026-08-07T10:39:14Z,2026-08-08T04:00:00Z,17.3,2.9,3.0,1.0,-0.1,0.1
6-24ч,2026-08-07T10:39:14Z,2026-08-08T05:00:00Z,18.3,2.6,1.0,1.0,1.6,1.6
6-24ч,2026-08-07T10:39:14Z,2026-08-08T06:00:00Z,19.3,3.2,2.0,1.0,1.2,1.2
6-24ч,2026-08-07T10:39:14Z,2026-08-08T07:00:00Z,20.3,3.1,2.0,1.0,1.1,1.1
6-24ч,2026-08-07T10:39:14Z,2026-08-08T08:00:00Z,21.3,3.1,2.0,1.0,1.1,1.1
6-24ч,2026-08-07T10:39:14Z,2026-08-08T09:00:00Z,22.3,3.6,1.0,1.0,2.6,2.6
6-24ч,2026-08-07T10:39:14Z,2026-08-08T10:00:00Z,23.3,3.7,2.0,1.0,1.7,1.7
6-24ч,2026-08-07T16:51:54Z,2026-08-07T23:00:00Z,6.1,2.4,1.0,0.0,1.4,1.4
6-24ч,2026-08-07T16:51:54Z,2026-08-08T00:00:00Z,7.1,3.2,1.0,0.0,2.2,2.2
6-24ч,2026-08-07T16:51:54Z,2026-08-08T01:00:00Z,8.1,3.6,2.0,1.0,1.6,1.6
6-24ч,2026-08-07T16:51:54Z,2026-08-08T02:00:00Z,9.1,3.3,2.0,1.0,1.3,1.3
6-24ч,2026-08-07T16:51:54Z,2026-08-08T03:00:00Z,10.1,3.2,3.0,0.0,0.2,0.2
6-24ч,2026-08-07T16:51:54Z,2026-08-08T04:00:00Z,11.1,3.4,3.0,1.0,0.4,0.4
6-24ч,2026-08-07T16:51:54Z,2026-08-08T05:00:00Z,12.1,3.3,1.0,1.0,2.3,2.3
6-24ч,2026-08-07T16:51:54Z,2026-08-08T06:00:00Z,13.1,3.6,2.0,1.0,1.6,1.6
6-24ч,2026-08-07T16:51:54Z,2026-08-08T07:00:00Z,14.1,3.1,2.0,1.0,1.1,1.1
6-24ч,2026-08-07T16:51:54Z,2026-08-08T08:00:00Z,15.1,3.3,2.0,1.0,1.3,1.3
6-24ч,2026-08-07T16:51:54Z,2026-08-08T09:00:00Z,16.1,3.6,1.0,1.0,2.6,2.6
6-24ч,2026-08-07T16:51:54Z,2026-08-08T10:00:00Z,17.1,3.5,2.0,1.0,1.5,1.5
6-24ч,2026-08-07T16:51:54Z,2026-08-08T11:00:00Z,18.1,3.7,2.0,2.0,1.7,1.7
6-24ч,2026-08-07T16:51:54Z,2026-08-08T12:00:00Z,19.1,3.8,2.0,2.0,1.8,1.8
6-24ч,2026-08-07T16:51:54Z,2026-08-08T13:00:00Z,20.1,3.7,2.0,2.0,1.7,1.7
6-24ч,2026-08-07T16:51:54Z,2026-08-08T14:00:00Z,21.1,3.8,2.0,2.0,1.8,1.8
6-24ч,2026-08-07T16:51:54Z,2026-08-08T15:00:00Z,22.1,3.9,2.0,2.0,1.9,1.9
6-24ч,2026-08-07T16:51:54Z,2026-08-08T16:00:00Z,23.1,4.0,2.0,2.0,2.0,2.0
6-24ч,2026-08-07T22:45:57Z,2026-08-08T05:00:00Z,6.2,3.0,1.0,1.0,2.0,2.0
6-24ч,2026-08-07T22:45:57Z,2026-08-08T06:00:00Z,7.2,3.0,2.0,1.0,1.0,1.0
6-24ч,2026-08-07T22:45:57Z,2026-08-08T07:00:00Z,8.2,2.8,2.0,1.0,0.8,0.8
6-24ч,2026-08-07T22:45:57Z,2026-08-08T08:00:00Z,9.2,3.1,2.0,1.0,1.1,1.1
6-24ч,2026-08-07T22:45:57Z,2026-08-08T09:00:00Z,10.2,3.3,1.0,1.0,2.3,2.3
6-24ч,2026-08-07T22:45:57Z,2026-08-08T10:00:00Z,11.2,3.5,2.0,1.0,1.5,1.5
6-24ч,2026-08-07T22:45:57Z,2026-08-08T11:00:00Z,12.2,3.6,2.0,2.0,1.6,1.6
6-24ч,2026-08-07T22:45:57Z,2026-08-08T12:00:00Z,13.2,3.7,2.0,2.0,1.7,1.7
6-24ч,2026-08-07T22:45:57Z,2026-08-08T13:00:00Z,14.2,3.6,2.0,2.0,1.6,1.6
6-24ч,2026-08-07T22:45:57Z,2026-08-08T14:00:00Z,15.2,3.7,2.0,2.0,1.7,1.7
6-24ч,2026-08-07T22:45:57Z,2026-08-08T15:00:00Z,16.2,3.8,2.0,2.0,1.8,1.8
6-24ч,2026-08-07T22:45:57Z,2026-08-08T16:00:00Z,17.2,3.8,2.0,2.0,1.8,1.8
6-24ч,2026-08-07T22:45:57Z,2026-08-08T17:00:00Z,18.2,3.2,2.0,4.0,1.2,1.2
6-24ч,2026-08-07T22:45:57Z,2026-08-08T18:00:00Z,19.2,3.0,1.0,4.0,2.0,2.0
6-24ч,2026-08-07T22:45:57Z,2026-08-08T19:00:00Z,20.2,3.5,1.0,3.0,2.5,2.5
6-24ч,2026-08-07T22:45:57Z,2026-08-08T20:00:00Z,21.2,4.7,1.0,1.0,3.7,3.7
6-24ч,2026-08-07T22:45:57Z,2026-08-08T21:00:00Z,22.2,4.3,1.0,2.0,3.3,3.3
6-24ч,2026-08-07T22:45:57Z,2026-08-08T22:00:00Z,23.2,3.9,3.0,2.0,0.9,0.9
6-24ч,2026-08-07T23:19:23Z,2026-08-08T06:00:00Z,6.7,3.0,2.0,1.0,1.0,1.0
6-24ч,2026-08-07T23:19:23Z,2026-08-08T07:00:00Z,7.7,2.8,2.0,1.0,0.8,0.8
6-24ч,2026-08-07T23:19:23Z,2026-08-08T08:00:00Z,8.7,3.1,2.0,1.0,1.1,1.1
6-24ч,2026-08-07T23:19:23Z,2026-08-08T09:00:00Z,9.7,3.3,1.0,1.0,2.3,2.3
6-24ч,2026-08-07T23:19:23Z,2026-08-08T10:00:00Z,10.7,3.5,2.0,1.0,1.5,1.5
6-24ч,2026-08-07T23:19:23Z,2026-08-08T11:00:00Z,11.7,3.6,2.0,2.0,1.6,1.6
6-24ч,2026-08-07T23:19:23Z,2026-08-08T12:00:00Z,12.7,3.7,2.0,2.0,1.7,1.7
6-24ч,2026-08-07T23:19:23Z,2026-08-08T13:00:00Z,13.7,3.6,2.0,2.0,1.6,1.6
6-24ч,2026-08-07T23:19:23Z,2026-08-08T14:00:00Z,14.7,3.7,2.0,2.0,1.7,1.7
6-24ч,2026-08-07T23:19:23Z,2026-08-08T15:00:00Z,15.7,3.8,2.0,2.0,1.8,1.8
6-24ч,2026-08-07T23:19:23Z,2026-08-08T16:00:00Z,16.7,3.8,2.0,2.0,1.8,1.8
6-24ч,2026-08-07T23:19:23Z,2026-08-08T17:00:00Z,17.7,3.2,2.0,4.0,1.2,1.2
6-24ч,2026-08-07T23:19:23Z,2026-08-08T18:00:00Z,18.7,3.0,1.0,4.0,2.0,2.0
6-24ч,2026-08-07T23:19:23Z,2026-08-08T19:00:00Z,19.7,3.5,1.0,3.0,2.5,2.5
6-24ч,2026-08-07T23:19:23Z,2026-08-08T20:00:00Z,20.7,4.7,1.0,1.0,3.7,3.7
6-24ч,2026-08-07T23:19:23Z,2026-08-08T21:00:00Z,21.7,4.3,1.0,2.0,3.3,3.3
6-24ч,2026-08-07T23:19:23Z,2026-08-08T22:00:00Z,22.7,3.9,3.0,2.0,0.9,0.9
6-24ч,2026-08-07T23:19:23Z,2026-08-08T23:00:00Z,23.7,3.7,2.0,1.0,1.7,1.7
6-24ч,2026-08-08T04:50:53Z,2026-08-08T11:00:00Z,6.2,3.7,2.0,2.0,1.7,1.7
6-24ч,2026-08-08T04:50:53Z,2026-08-08T12:00:00Z,7.2,3.7,2.0,2.0,1.7,1.7
6-24ч,2026-08-08T04:50:53Z,2026-08-08T13:00:00Z,8.2,3.7,2.0,2.0,1.7,1.7
6-24ч,2026-08-08T04:50:53Z,2026-08-08T14:00:00Z,9.2,3.9,2.0,2.0,1.9,1.9
6-24ч,2026-08-08T04:50:53Z,2026-08-08T15:00:00Z,10.2,3.9,2.0,2.0,1.9,1.9
6-24ч,2026-08-08T04:50:53Z,2026-08-08T16:00:00Z,11.2,4.1,2.0,2.0,2.1,2.1
6-24ч,2026-08-08T04:50:53Z,2026-08-08T17:00:00Z,12.2,3.5,2.0,4.0,1.5,1.5
6-24ч,2026-08-08T04:50:53Z,2026-08-08T18:00:00Z,13.2,3.0,1.0,4.0,2.0,2.0
6-24ч,2026-08-08T04:50:53Z,2026-08-08T19:00:00Z,14.2,3.8,1.0,3.0,2.8,2.8
6-24ч,2026-08-08T04:50:53Z,2026-08-08T20:00:00Z,15.2,4.3,1.0,1.0,3.3,3.3
6-24ч,2026-08-08T04:50:53Z,2026-08-08T21:00:00Z,16.2,4.4,1.0,2.0,3.4,3.4
6-24ч,2026-08-08T04:50:53Z,2026-08-08T22:00:00Z,17.2,4.0,3.0,2.0,1.0,1.0
6-24ч,2026-08-08T04:50:53Z,2026-08-08T23:00:00Z,18.2,3.3,2.0,1.0,1.3,1.3
6-24ч,2026-08-08T04:50:53Z,2026-08-09T00:00:00Z,19.2,3.1,3.0,1.0,0.1,0.1
6-24ч,2026-08-08T04:50:53Z,2026-08-09T01:00:00Z,20.2,2.6,2.0,2.0,0.6,0.6
6-24ч,2026-08-08T04:50:53Z,2026-08-09T02:00:00Z,21.2,2.2,1.0,2.0,1.2,1.2
6-24ч,2026-08-08T04:50:53Z,2026-08-09T03:00:00Z,22.2,2.1,1.0,3.0,1.1,1.1
6-24ч,2026-08-08T04:50:53Z,2026-08-09T04:00:00Z,23.2,1.9,1.0,3.0,0.9,0.9
6-24ч,2026-08-08T10:18:13Z,2026-08-08T17:00:00Z,6.7,2.8,2.0,4.0,0.8,0.8
6-24ч,2026-08-08T10:18:13Z,2026-08-08T18:00:00Z,7.7,1.9,1.0,4.0,0.9,0.9
6-24ч,2026-08-08T10:18:13Z,2026-08-08T19:00:00Z,8.7,2.8,1.0,3.0,1.8,1.8
6-24ч,2026-08-08T10:18:13Z,2026-08-08T20:00:00Z,9.7,3.4,1.0,1.0,2.4,2.4
6-24ч,2026-08-08T10:18:13Z,2026-08-08T21:00:00Z,10.7,4.0,1.0,2.0,3.0,3.0
6-24ч,2026-08-08T10:18:13Z,2026-08-08T22:00:00Z,11.7,3.9,3.0,2.0,0.9,0.9
6-24ч,2026-08-08T10:18:13Z,2026-08-08T23:00:00Z,12.7,3.5,2.0,1.0,1.5,1.5
6-24ч,2026-08-08T10:18:13Z,2026-08-09T00:00:00Z,13.7,3.1,3.0,1.0,0.1,0.1
6-24ч,2026-08-08T10:18:13Z,2026-08-09T01:00:00Z,14.7,2.7,2.0,2.0,0.7,0.7
6-24ч,2026-08-08T10:18:13Z,2026-08-09T02:00:00Z,15.7,2.6,1.0,2.0,1.6,1.6
6-24ч,2026-08-08T10:18:13Z,2026-08-09T03:00:00Z,16.7,2.3,1.0,3.0,1.3,1.3
6-24ч,2026-08-08T10:18:13Z,2026-08-09T04:00:00Z,17.7,2.2,1.0,3.0,1.2,1.2
6-24ч,2026-08-08T10:18:13Z,2026-08-09T05:00:00Z,18.7,2.3,1.0,1.0,1.3,1.3
6-24ч,2026-08-08T10:18:13Z,2026-08-09T06:00:00Z,19.7,1.9,1.0,2.0,0.9,0.9
6-24ч,2026-08-08T10:18:13Z,2026-08-09T07:00:00Z,20.7,1.7,1.0,2.0,0.7,0.7
6-24ч,2026-08-08T10:18:13Z,2026-08-09T08:00:00Z,21.7,1.9,1.0,2.0,0.9,0.9
6-24ч,2026-08-08T10:18:13Z,2026-08-09T09:00:00Z,22.7,2.4,2.0,1.0,0.4,0.4
6-24ч,2026-08-08T10:18:13Z,2026-08-09T10:00:00Z,23.7,3.2,2.0,2.0,1.2,1.2
6-24ч,2026-08-08T22:37:20Z,2026-08-09T05:00:00Z,6.4,2.4,1.0,1.0,1.4,1.4
6-24ч,2026-08-08T22:37:20Z,2026-08-09T06:00:00Z,7.4,1.9,1.0,2.0,0.9,0.9
6-24ч,2026-08-08T22:37:20Z,2026-08-09T07:00:00Z,8.4,1.9,1.0,2.0,0.9,0.9
6-24ч,2026-08-08T22:37:20Z,2026-08-09T08:00:00Z,9.4,1.7,1.0,2.0,0.7,0.7
6-24ч,2026-08-08T22:37:20Z,2026-08-09T09:00:00Z,10.4,1.9,2.0,1.0,-0.1,0.1
6-24ч,2026-08-08T22:37:20Z,2026-08-09T10:00:00Z,11.4,2.6,2.0,2.0,0.6,0.6
6-24ч,2026-08-08T22:37:20Z,2026-08-09T11:00:00Z,12.4,2.9,2.0,2.0,0.9,0.9
6-24ч,2026-08-08T22:37:20Z,2026-08-09T12:00:00Z,13.4,2.7,2.0,2.0,0.7,0.7
6-24ч,2026-08-08T22:37:20Z,2026-08-09T13:00:00Z,14.4,2.5,2.0,2.0,0.5,0.5
6-24ч,2026-08-08T22:37:20Z,2026-08-09T14:00:00Z,15.4,2.2,2.0,2.0,0.2,0.2
6-24ч,2026-08-08T22:37:20Z,2026-08-09T15:00:00Z,16.4,2.0,2.0,2.0,0.0,0.0
6-24ч,2026-08-08T22:37:20Z,2026-08-09T16:00:00Z,17.4,1.8,1.0,2.0,0.8,0.8
6-24ч,2026-08-09T04:59:03Z,2026-08-09T11:00:00Z,6.0,2.4,2.0,2.0,0.4,0.4
6-24ч,2026-08-09T04:59:03Z,2026-08-09T12:00:00Z,7.0,2.2,2.0,2.0,0.2,0.2
6-24ч,2026-08-09T04:59:03Z,2026-08-09T13:00:00Z,8.0,2.0,2.0,2.0,0.0,0.0
6-24ч,2026-08-09T04:59:03Z,2026-08-09T14:00:00Z,9.0,1.9,2.0,2.0,-0.1,0.1
6-24ч,2026-08-09T04:59:03Z,2026-08-09T15:00:00Z,10.0,1.8,2.0,2.0,-0.2,0.2
6-24ч,2026-08-09T04:59:03Z,2026-08-09T16:00:00Z,11.0,1.7,1.0,2.0,0.7,0.7
1-2 дня,2026-08-06T09:50:07Z,2026-08-07T10:00:00Z,24.2,3.8,1.0,2.0,2.8,2.8
1-2 дня,2026-08-06T09:50:07Z,2026-08-07T11:00:00Z,25.2,3.3,2.0,2.0,1.3,1.3
1-2 дня,2026-08-06T09:50:07Z,2026-08-07T12:00:00Z,26.2,2.9,2.0,2.0,0.9,0.9
1-2 дня,2026-08-06T09:50:07Z,2026-08-07T13:00:00Z,27.2,5.7,2.0,2.0,3.7,3.7
1-2 дня,2026-08-06T09:50:07Z,2026-08-07T14:00:00Z,28.2,7.8,2.0,2.0,5.8,5.8
1-2 дня,2026-08-06T09:50:07Z,2026-08-07T15:00:00Z,29.2,6.3,2.0,2.0,4.3,4.3
1-2 дня,2026-08-06T09:50:07Z,2026-08-07T16:00:00Z,30.2,6.6,2.0,2.0,4.6,4.6
1-2 дня,2026-08-06T09:50:07Z,2026-08-07T17:00:00Z,31.2,4.0,4.0,2.0,0.0,0.0
1-2 дня,2026-08-06T09:50:07Z,2026-08-07T18:00:00Z,32.2,2.3,4.0,2.0,-1.7,1.7
1-2 дня,2026-08-06T09:50:07Z,2026-08-07T19:00:00Z,33.2,1.3,3.0,2.0,-1.7,1.7
1-2 дня,2026-08-06T09:50:07Z,2026-08-07T20:00:00Z,34.2,0.9,1.0,2.0,-0.1,0.1
1-2 дня,2026-08-06T09:50:07Z,2026-08-07T21:00:00Z,35.2,1.0,2.0,2.0,-1.0,1.0
1-2 дня,2026-08-06T09:50:07Z,2026-08-07T22:00:00Z,36.2,2.1,2.0,2.0,0.1,0.1
1-2 дня,2026-08-06T09:50:07Z,2026-08-07T23:00:00Z,37.2,2.2,1.0,2.0,1.2,1.2
1-2 дня,2026-08-06T09:50:07Z,2026-08-08T00:00:00Z,38.2,2.2,1.0,2.0,1.2,1.2
1-2 дня,2026-08-06T09:50:07Z,2026-08-08T01:00:00Z,39.2,2.4,2.0,2.0,0.4,0.4
1-2 дня,2026-08-06T09:50:07Z,2026-08-08T02:00:00Z,40.2,2.6,2.0,2.0,0.6,0.6
1-2 дня,2026-08-06T09:50:07Z,2026-08-08T03:00:00Z,41.2,2.7,3.0,2.0,-0.3,0.3
1-2 дня,2026-08-06T09:50:07Z,2026-08-08T04:00:00Z,42.2,2.8,3.0,2.0,-0.2,0.2
1-2 дня,2026-08-06T09:50:07Z,2026-08-08T05:00:00Z,43.2,2.7,1.0,2.0,1.7,1.7
1-2 дня,2026-08-06T09:50:07Z,2026-08-08T06:00:00Z,44.2,3.3,2.0,2.0,1.3,1.3
1-2 дня,2026-08-06T09:50:07Z,2026-08-08T07:00:00Z,45.2,3.0,2.0,2.0,1.0,1.0
1-2 дня,2026-08-06T09:50:07Z,2026-08-08T08:00:00Z,46.2,3.0,2.0,2.0,1.0,1.0
1-2 дня,2026-08-06T09:50:07Z,2026-08-08T09:00:00Z,47.2,3.2,1.0,2.0,2.2,2.2
1-2 дня,2026-08-06T09:59:18Z,2026-08-07T10:00:00Z,24.0,3.8,1.0,2.0,2.8,2.8
1-2 дня,2026-08-06T09:59:18Z,2026-08-07T11:00:00Z,25.0,3.3,2.0,2.0,1.3,1.3
1-2 дня,2026-08-06T09:59:18Z,2026-08-07T12:00:00Z,26.0,2.9,2.0,2.0,0.9,0.9
1-2 дня,2026-08-06T09:59:18Z,2026-08-07T13:00:00Z,27.0,5.7,2.0,2.0,3.7,3.7
1-2 дня,2026-08-06T09:59:18Z,2026-08-07T14:00:00Z,28.0,7.8,2.0,2.0,5.8,5.8
1-2 дня,2026-08-06T09:59:18Z,2026-08-07T15:00:00Z,29.0,6.3,2.0,2.0,4.3,4.3
1-2 дня,2026-08-06T09:59:18Z,2026-08-07T16:00:00Z,30.0,6.6,2.0,2.0,4.6,4.6
1-2 дня,2026-08-06T09:59:18Z,2026-08-07T17:00:00Z,31.0,4.0,4.0,2.0,0.0,0.0
1-2 дня,2026-08-06T09:59:18Z,2026-08-07T18:00:00Z,32.0,2.3,4.0,2.0,-1.7,1.7
1-2 дня,2026-08-06T09:59:18Z,2026-08-07T19:00:00Z,33.0,1.3,3.0,2.0,-1.7,1.7
1-2 дня,2026-08-06T09:59:18Z,2026-08-07T20:00:00Z,34.0,0.9,1.0,2.0,-0.1,0.1
1-2 дня,2026-08-06T09:59:18Z,2026-08-07T21:00:00Z,35.0,1.0,2.0,2.0,-1.0,1.0
1-2 дня,2026-08-06T09:59:18Z,2026-08-07T22:00:00Z,36.0,2.1,2.0,2.0,0.1,0.1
1-2 дня,2026-08-06T09:59:18Z,2026-08-07T23:00:00Z,37.0,2.2,1.0,2.0,1.2,1.2
1-2 дня,2026-08-06T09:59:18Z,2026-08-08T00:00:00Z,38.0,2.2,1.0,2.0,1.2,1.2
1-2 дня,2026-08-06T09:59:18Z,2026-08-08T01:00:00Z,39.0,2.4,2.0,2.0,0.4,0.4
1-2 дня,2026-08-06T09:59:18Z,2026-08-08T02:00:00Z,40.0,2.6,2.0,2.0,0.6,0.6
1-2 дня,2026-08-06T09:59:18Z,2026-08-08T03:00:00Z,41.0,2.7,3.0,2.0,-0.3,0.3
1-2 дня,2026-08-06T09:59:18Z,2026-08-08T04:00:00Z,42.0,2.8,3.0,2.0,-0.2,0.2
1-2 дня,2026-08-06T09:59:18Z,2026-08-08T05:00:00Z,43.0,2.7,1.0,2.0,1.7,1.7
1-2 дня,2026-08-06T09:59:18Z,2026-08-08T06:00:00Z,44.0,3.3,2.0,2.0,1.3,1.3
1-2 дня,2026-08-06T09:59:18Z,2026-08-08T07:00:00Z,45.0,3.0,2.0,2.0,1.0,1.0
1-2 дня,2026-08-06T09:59:18Z,2026-08-08T08:00:00Z,46.0,3.0,2.0,2.0,1.0,1.0
1-2 дня,2026-08-06T09:59:18Z,2026-08-08T09:00:00Z,47.0,3.2,1.0,2.0,2.2,2.2
1-2 дня,2026-08-06T10:08:26Z,2026-08-07T11:00:00Z,24.9,3.3,2.0,3.0,1.3,1.3
1-2 дня,2026-08-06T10:08:26Z,2026-08-07T12:00:00Z,25.9,2.9,2.0,3.0,0.9,0.9
1-2 дня,2026-08-06T10:08:26Z,2026-08-07T13:00:00Z,26.9,5.7,2.0,3.0,3.7,3.7
1-2 дня,2026-08-06T10:08:26Z,2026-08-07T14:00:00Z,27.9,7.8,2.0,3.0,5.8,5.8
1-2 дня,2026-08-06T10:08:26Z,2026-08-07T15:00:00Z,28.9,6.3,2.0,3.0,4.3,4.3
1-2 дня,2026-08-06T10:08:26Z,2026-08-07T16:00:00Z,29.9,6.6,2.0,3.0,4.6,4.6
1-2 дня,2026-08-06T10:08:26Z,2026-08-07T17:00:00Z,30.9,4.0,4.0,3.0,0.0,0.0
1-2 дня,2026-08-06T10:08:26Z,2026-08-07T18:00:00Z,31.9,2.3,4.0,3.0,-1.7,1.7
1-2 дня,2026-08-06T10:08:26Z,2026-08-07T19:00:00Z,32.9,1.3,3.0,3.0,-1.7,1.7
1-2 дня,2026-08-06T10:08:26Z,2026-08-07T20:00:00Z,33.9,0.9,1.0,3.0,-0.1,0.1
1-2 дня,2026-08-06T10:08:26Z,2026-08-07T21:00:00Z,34.9,1.0,2.0,3.0,-1.0,1.0
1-2 дня,2026-08-06T10:08:26Z,2026-08-07T22:00:00Z,35.9,2.1,2.0,3.0,0.1,0.1
1-2 дня,2026-08-06T10:08:26Z,2026-08-07T23:00:00Z,36.9,2.2,1.0,3.0,1.2,1.2
1-2 дня,2026-08-06T10:08:26Z,2026-08-08T00:00:00Z,37.9,2.2,1.0,3.0,1.2,1.2
1-2 дня,2026-08-06T10:08:26Z,2026-08-08T01:00:00Z,38.9,2.4,2.0,3.0,0.4,0.4
1-2 дня,2026-08-06T10:08:26Z,2026-08-08T02:00:00Z,39.9,2.6,2.0,3.0,0.6,0.6
1-2 дня,2026-08-06T10:08:26Z,2026-08-08T03:00:00Z,40.9,2.7,3.0,3.0,-0.3,0.3
1-2 дня,2026-08-06T10:08:26Z,2026-08-08T04:00:00Z,41.9,2.8,3.0,3.0,-0.2,0.2
1-2 дня,2026-08-06T10:08:26Z,2026-08-08T05:00:00Z,42.9,2.7,1.0,3.0,1.7,1.7
1-2 дня,2026-08-06T10:08:26Z,2026-08-08T06:00:00Z,43.9,3.3,2.0,3.0,1.3,1.3
1-2 дня,2026-08-06T10:08:26Z,2026-08-08T07:00:00Z,44.9,3.0,2.0,3.0,1.0,1.0
1-2 дня,2026-08-06T10:08:26Z,2026-08-08T08:00:00Z,45.9,3.0,2.0,3.0,1.0,1.0
1-2 дня,2026-08-06T10:08:26Z,2026-08-08T09:00:00Z,46.9,3.2,1.0,3.0,2.2,2.2
1-2 дня,2026-08-06T10:08:26Z,2026-08-08T10:00:00Z,47.9,3.4,2.0,3.0,1.4,1.4
1-2 дня,2026-08-06T10:47:54Z,2026-08-07T11:00:00Z,24.2,3.3,2.0,3.0,1.3,1.3
1-2 дня,2026-08-06T10:47:54Z,2026-08-07T12:00:00Z,25.2,2.9,2.0,3.0,0.9,0.9
1-2 дня,2026-08-06T10:47:54Z,2026-08-07T13:00:00Z,26.2,5.7,2.0,3.0,3.7,3.7
1-2 дня,2026-08-06T10:47:54Z,2026-08-07T14:00:00Z,27.2,7.8,2.0,3.0,5.8,5.8
1-2 дня,2026-08-06T10:47:54Z,2026-08-07T15:00:00Z,28.2,6.3,2.0,3.0,4.3,4.3
1-2 дня,2026-08-06T10:47:54Z,2026-08-07T16:00:00Z,29.2,6.6,2.0,3.0,4.6,4.6
1-2 дня,2026-08-06T10:47:54Z,2026-08-07T17:00:00Z,30.2,4.0,4.0,3.0,0.0,0.0
1-2 дня,2026-08-06T10:47:54Z,2026-08-07T18:00:00Z,31.2,2.3,4.0,3.0,-1.7,1.7
1-2 дня,2026-08-06T10:47:54Z,2026-08-07T19:00:00Z,32.2,1.3,3.0,3.0,-1.7,1.7
1-2 дня,2026-08-06T10:47:54Z,2026-08-07T20:00:00Z,33.2,0.9,1.0,3.0,-0.1,0.1
1-2 дня,2026-08-06T10:47:54Z,2026-08-07T21:00:00Z,34.2,1.0,2.0,3.0,-1.0,1.0
1-2 дня,2026-08-06T10:47:54Z,2026-08-07T22:00:00Z,35.2,2.1,2.0,3.0,0.1,0.1
1-2 дня,2026-08-06T10:47:54Z,2026-08-07T23:00:00Z,36.2,2.2,1.0,3.0,1.2,1.2
1-2 дня,2026-08-06T10:47:54Z,2026-08-08T00:00:00Z,37.2,2.2,1.0,3.0,1.2,1.2
1-2 дня,2026-08-06T10:47:54Z,2026-08-08T01:00:00Z,38.2,2.4,2.0,3.0,0.4,0.4
1-2 дня,2026-08-06T10:47:54Z,2026-08-08T02:00:00Z,39.2,2.6,2.0,3.0,0.6,0.6
1-2 дня,2026-08-06T10:47:54Z,2026-08-08T03:00:00Z,40.2,2.7,3.0,3.0,-0.3,0.3
1-2 дня,2026-08-06T10:47:54Z,2026-08-08T04:00:00Z,41.2,2.8,3.0,3.0,-0.2,0.2
1-2 дня,2026-08-06T10:47:54Z,2026-08-08T05:00:00Z,42.2,2.7,1.0,3.0,1.7,1.7
1-2 дня,2026-08-06T10:47:54Z,2026-08-08T06:00:00Z,43.2,3.3,2.0,3.0,1.3,1.3
1-2 дня,2026-08-06T10:47:54Z,2026-08-08T07:00:00Z,44.2,3.0,2.0,3.0,1.0,1.0
1-2 дня,2026-08-06T10:47:54Z,2026-08-08T08:00:00Z,45.2,3.0,2.0,3.0,1.0,1.0
1-2 дня,2026-08-06T10:47:54Z,2026-08-08T09:00:00Z,46.2,3.2,1.0,3.0,2.2,2.2
1-2 дня,2026-08-06T10:47:54Z,2026-08-08T10:00:00Z,47.2,3.4,2.0,3.0,1.4,1.4
1-2 дня,2026-08-06T11:30:42Z,2026-08-07T12:00:00Z,24.5,2.9,2.0,3.0,0.9,0.9
1-2 дня,2026-08-06T11:30:42Z,2026-08-07T13:00:00Z,25.5,5.7,2.0,3.0,3.7,3.7
1-2 дня,2026-08-06T11:30:42Z,2026-08-07T14:00:00Z,26.5,7.8,2.0,3.0,5.8,5.8
1-2 дня,2026-08-06T11:30:42Z,2026-08-07T15:00:00Z,27.5,6.3,2.0,3.0,4.3,4.3
1-2 дня,2026-08-06T11:30:42Z,2026-08-07T16:00:00Z,28.5,6.6,2.0,3.0,4.6,4.6
1-2 дня,2026-08-06T11:30:42Z,2026-08-07T17:00:00Z,29.5,4.0,4.0,3.0,0.0,0.0
1-2 дня,2026-08-06T11:30:42Z,2026-08-07T18:00:00Z,30.5,2.3,4.0,3.0,-1.7,1.7
1-2 дня,2026-08-06T11:30:42Z,2026-08-07T19:00:00Z,31.5,1.3,3.0,3.0,-1.7,1.7
1-2 дня,2026-08-06T11:30:42Z,2026-08-07T20:00:00Z,32.5,0.9,1.0,3.0,-0.1,0.1
1-2 дня,2026-08-06T11:30:42Z,2026-08-07T21:00:00Z,33.5,1.0,2.0,3.0,-1.0,1.0
1-2 дня,2026-08-06T11:30:42Z,2026-08-07T22:00:00Z,34.5,2.1,2.0,3.0,0.1,0.1
1-2 дня,2026-08-06T11:30:42Z,2026-08-07T23:00:00Z,35.5,2.2,1.0,3.0,1.2,1.2
1-2 дня,2026-08-06T11:30:42Z,2026-08-08T00:00:00Z,36.5,2.2,1.0,3.0,1.2,1.2
1-2 дня,2026-08-06T11:30:42Z,2026-08-08T01:00:00Z,37.5,2.4,2.0,3.0,0.4,0.4
1-2 дня,2026-08-06T11:30:42Z,2026-08-08T02:00:00Z,38.5,2.6,2.0,3.0,0.6,0.6
1-2 дня,2026-08-06T11:30:42Z,2026-08-08T03:00:00Z,39.5,2.7,3.0,3.0,-0.3,0.3
1-2 дня,2026-08-06T11:30:42Z,2026-08-08T04:00:00Z,40.5,2.8,3.0,3.0,-0.2,0.2
1-2 дня,2026-08-06T11:30:42Z,2026-08-08T05:00:00Z,41.5,2.7,1.0,3.0,1.7,1.7
1-2 дня,2026-08-06T11:30:42Z,2026-08-08T06:00:00Z,42.5,3.3,2.0,3.0,1.3,1.3
1-2 дня,2026-08-06T11:30:42Z,2026-08-08T07:00:00Z,43.5,3.0,2.0,3.0,1.0,1.0
1-2 дня,2026-08-06T11:30:42Z,2026-08-08T08:00:00Z,44.5,3.0,2.0,3.0,1.0,1.0
1-2 дня,2026-08-06T11:30:42Z,2026-08-08T09:00:00Z,45.5,3.2,1.0,3.0,2.2,2.2
1-2 дня,2026-08-06T11:30:42Z,2026-08-08T10:00:00Z,46.5,3.4,2.0,3.0,1.4,1.4
1-2 дня,2026-08-06T11:30:42Z,2026-08-08T11:00:00Z,47.5,3.5,2.0,3.0,1.5,1.5
1-2 дня,2026-08-06T11:36:01Z,2026-08-07T12:00:00Z,24.4,2.9,2.0,3.0,0.9,0.9
1-2 дня,2026-08-06T11:36:01Z,2026-08-07T13:00:00Z,25.4,5.7,2.0,3.0,3.7,3.7
1-2 дня,2026-08-06T11:36:01Z,2026-08-07T14:00:00Z,26.4,7.8,2.0,3.0,5.8,5.8
1-2 дня,2026-08-06T11:36:01Z,2026-08-07T15:00:00Z,27.4,6.3,2.0,3.0,4.3,4.3
1-2 дня,2026-08-06T11:36:01Z,2026-08-07T16:00:00Z,28.4,6.6,2.0,3.0,4.6,4.6
1-2 дня,2026-08-06T11:36:01Z,2026-08-07T17:00:00Z,29.4,4.0,4.0,3.0,0.0,0.0
1-2 дня,2026-08-06T11:36:01Z,2026-08-07T18:00:00Z,30.4,2.3,4.0,3.0,-1.7,1.7
1-2 дня,2026-08-06T11:36:01Z,2026-08-07T19:00:00Z,31.4,1.3,3.0,3.0,-1.7,1.7
1-2 дня,2026-08-06T11:36:01Z,2026-08-07T20:00:00Z,32.4,0.9,1.0,3.0,-0.1,0.1
1-2 дня,2026-08-06T11:36:01Z,2026-08-07T21:00:00Z,33.4,1.0,2.0,3.0,-1.0,1.0
1-2 дня,2026-08-06T11:36:01Z,2026-08-07T22:00:00Z,34.4,2.1,2.0,3.0,0.1,0.1
1-2 дня,2026-08-06T11:36:01Z,2026-08-07T23:00:00Z,35.4,2.2,1.0,3.0,1.2,1.2
1-2 дня,2026-08-06T11:36:01Z,2026-08-08T00:00:00Z,36.4,2.2,1.0,3.0,1.2,1.2
1-2 дня,2026-08-06T11:36:01Z,2026-08-08T01:00:00Z,37.4,2.4,2.0,3.0,0.4,0.4
1-2 дня,2026-08-06T11:36:01Z,2026-08-08T02:00:00Z,38.4,2.6,2.0,3.0,0.6,0.6
1-2 дня,2026-08-06T11:36:01Z,2026-08-08T03:00:00Z,39.4,2.7,3.0,3.0,-0.3,0.3
1-2 дня,2026-08-06T11:36:01Z,2026-08-08T04:00:00Z,40.4,2.8,3.0,3.0,-0.2,0.2
1-2 дня,2026-08-06T11:36:01Z,2026-08-08T05:00:00Z,41.4,2.7,1.0,3.0,1.7,1.7
1-2 дня,2026-08-06T11:36:01Z,2026-08-08T06:00:00Z,42.4,3.3,2.0,3.0,1.3,1.3
1-2 дня,2026-08-06T11:36:01Z,2026-08-08T07:00:00Z,43.4,3.0,2.0,3.0,1.0,1.0
1-2 дня,2026-08-06T11:36:01Z,2026-08-08T08:00:00Z,44.4,3.0,2.0,3.0,1.0,1.0
1-2 дня,2026-08-06T11:36:01Z,2026-08-08T09:00:00Z,45.4,3.2,1.0,3.0,2.2,2.2
1-2 дня,2026-08-06T11:36:01Z,2026-08-08T10:00:00Z,46.4,3.4,2.0,3.0,1.4,1.4
1-2 дня,2026-08-06T11:36:01Z,2026-08-08T11:00:00Z,47.4,3.5,2.0,3.0,1.5,1.5
1-2 дня,2026-08-06T11:44:08Z,2026-08-07T12:00:00Z,24.3,2.9,2.0,3.0,0.9,0.9
1-2 дня,2026-08-06T11:44:08Z,2026-08-07T13:00:00Z,25.3,5.7,2.0,3.0,3.7,3.7
1-2 дня,2026-08-06T11:44:08Z,2026-08-07T14:00:00Z,26.3,7.8,2.0,3.0,5.8,5.8
1-2 дня,2026-08-06T11:44:08Z,2026-08-07T15:00:00Z,27.3,6.3,2.0,3.0,4.3,4.3
1-2 дня,2026-08-06T11:44:08Z,2026-08-07T16:00:00Z,28.3,6.6,2.0,3.0,4.6,4.6
1-2 дня,2026-08-06T11:44:08Z,2026-08-07T17:00:00Z,29.3,4.0,4.0,3.0,0.0,0.0
1-2 дня,2026-08-06T11:44:08Z,2026-08-07T18:00:00Z,30.3,2.3,4.0,3.0,-1.7,1.7
1-2 дня,2026-08-06T11:44:08Z,2026-08-07T19:00:00Z,31.3,1.3,3.0,3.0,-1.7,1.7
1-2 дня,2026-08-06T11:44:08Z,2026-08-07T20:00:00Z,32.3,0.9,1.0,3.0,-0.1,0.1
1-2 дня,2026-08-06T11:44:08Z,2026-08-07T21:00:00Z,33.3,1.0,2.0,3.0,-1.0,1.0
1-2 дня,2026-08-06T11:44:08Z,2026-08-07T22:00:00Z,34.3,2.1,2.0,3.0,0.1,0.1
1-2 дня,2026-08-06T11:44:08Z,2026-08-07T23:00:00Z,35.3,2.2,1.0,3.0,1.2,1.2
1-2 дня,2026-08-06T11:44:08Z,2026-08-08T00:00:00Z,36.3,2.2,1.0,3.0,1.2,1.2
1-2 дня,2026-08-06T11:44:08Z,2026-08-08T01:00:00Z,37.3,2.4,2.0,3.0,0.4,0.4
1-2 дня,2026-08-06T11:44:08Z,2026-08-08T02:00:00Z,38.3,2.6,2.0,3.0,0.6,0.6
1-2 дня,2026-08-06T11:44:08Z,2026-08-08T03:00:00Z,39.3,2.7,3.0,3.0,-0.3,0.3
1-2 дня,2026-08-06T11:44:08Z,2026-08-08T04:00:00Z,40.3,2.8,3.0,3.0,-0.2,0.2
1-2 дня,2026-08-06T11:44:08Z,2026-08-08T05:00:00Z,41.3,2.7,1.0,3.0,1.7,1.7
1-2 дня,2026-08-06T11:44:08Z,2026-08-08T06:00:00Z,42.3,3.3,2.0,3.0,1.3,1.3
1-2 дня,2026-08-06T11:44:08Z,2026-08-08T07:00:00Z,43.3,3.0,2.0,3.0,1.0,1.0
1-2 дня,2026-08-06T11:44:08Z,2026-08-08T08:00:00Z,44.3,3.0,2.0,3.0,1.0,1.0
1-2 дня,2026-08-06T11:44:08Z,2026-08-08T09:00:00Z,45.3,3.2,1.0,3.0,2.2,2.2
1-2 дня,2026-08-06T11:44:08Z,2026-08-08T10:00:00Z,46.3,3.4,2.0,3.0,1.4,1.4
1-2 дня,2026-08-06T11:44:08Z,2026-08-08T11:00:00Z,47.3,3.5,2.0,3.0,1.5,1.5
1-2 дня,2026-08-07T01:31:32Z,2026-08-08T02:00:00Z,24.5,3.0,2.0,1.0,1.0,1.0
1-2 дня,2026-08-07T01:31:32Z,2026-08-08T03:00:00Z,25.5,2.8,3.0,1.0,-0.2,0.2
1-2 дня,2026-08-07T01:31:32Z,2026-08-08T04:00:00Z,26.5,2.7,3.0,1.0,-0.3,0.3
1-2 дня,2026-08-07T01:31:32Z,2026-08-08T05:00:00Z,27.5,2.9,1.0,1.0,1.9,1.9
1-2 дня,2026-08-07T01:31:32Z,2026-08-08T06:00:00Z,28.5,3.1,2.0,1.0,1.1,1.1
1-2 дня,2026-08-07T01:31:32Z,2026-08-08T07:00:00Z,29.5,3.4,2.0,1.0,1.4,1.4
1-2 дня,2026-08-07T01:31:32Z,2026-08-08T08:00:00Z,30.5,3.3,2.0,1.0,1.3,1.3
1-2 дня,2026-08-07T01:31:32Z,2026-08-08T09:00:00Z,31.5,3.8,1.0,1.0,2.8,2.8
1-2 дня,2026-08-07T01:31:32Z,2026-08-08T10:00:00Z,32.5,4.0,2.0,1.0,2.0,2.0
1-2 дня,2026-08-07T01:31:32Z,2026-08-08T11:00:00Z,33.5,4.0,2.0,1.0,2.0,2.0
1-2 дня,2026-08-07T01:31:32Z,2026-08-08T12:00:00Z,34.5,4.0,2.0,1.0,2.0,2.0
1-2 дня,2026-08-07T01:31:32Z,2026-08-08T13:00:00Z,35.5,3.9,2.0,1.0,1.9,1.9
1-2 дня,2026-08-07T01:31:32Z,2026-08-08T14:00:00Z,36.5,3.7,2.0,1.0,1.7,1.7
1-2 дня,2026-08-07T01:31:32Z,2026-08-08T15:00:00Z,37.5,4.0,2.0,1.0,2.0,2.0
1-2 дня,2026-08-07T01:31:32Z,2026-08-08T16:00:00Z,38.5,4.5,2.0,1.0,2.5,2.5
1-2 дня,2026-08-07T01:31:32Z,2026-08-08T17:00:00Z,39.5,4.3,2.0,1.0,2.3,2.3
1-2 дня,2026-08-07T01:31:32Z,2026-08-08T18:00:00Z,40.5,3.1,1.0,1.0,2.1,2.1
1-2 дня,2026-08-07T01:31:32Z,2026-08-08T19:00:00Z,41.5,4.2,1.0,1.0,3.2,3.2
1-2 дня,2026-08-07T01:31:32Z,2026-08-08T20:00:00Z,42.5,4.3,1.0,1.0,3.3,3.3
1-2 дня,2026-08-07T01:31:32Z,2026-08-08T21:00:00Z,43.5,4.1,1.0,1.0,3.1,3.1
1-2 дня,2026-08-07T01:31:32Z,2026-08-08T22:00:00Z,44.5,3.8,3.0,1.0,0.8,0.8
1-2 дня,2026-08-07T01:31:32Z,2026-08-08T23:00:00Z,45.5,3.6,2.0,1.0,1.6,1.6
1-2 дня,2026-08-07T01:31:32Z,2026-08-09T00:00:00Z,46.5,3.5,3.0,1.0,0.5,0.5
1-2 дня,2026-08-07T01:31:32Z,2026-08-09T01:00:00Z,47.5,2.7,2.0,1.0,0.7,0.7
1-2 дня,2026-08-07T05:36:00Z,2026-08-08T06:00:00Z,24.4,3.1,2.0,1.0,1.1,1.1
1-2 дня,2026-08-07T05:36:00Z,2026-08-08T07:00:00Z,25.4,3.4,2.0,1.0,1.4,1.4
1-2 дня,2026-08-07T05:36:00Z,2026-08-08T08:00:00Z,26.4,3.3,2.0,1.0,1.3,1.3
1-2 дня,2026-08-07T05:36:00Z,2026-08-08T09:00:00Z,27.4,3.8,1.0,1.0,2.8,2.8
1-2 дня,2026-08-07T05:36:00Z,2026-08-08T10:00:00Z,28.4,4.0,2.0,1.0,2.0,2.0
1-2 дня,2026-08-07T05:36:00Z,2026-08-08T11:00:00Z,29.4,4.0,2.0,1.0,2.0,2.0
1-2 дня,2026-08-07T05:36:00Z,2026-08-08T12:00:00Z,30.4,4.0,2.0,1.0,2.0,2.0
1-2 дня,2026-08-07T05:36:00Z,2026-08-08T13:00:00Z,31.4,3.9,2.0,1.0,1.9,1.9
1-2 дня,2026-08-07T05:36:00Z,2026-08-08T14:00:00Z,32.4,3.7,2.0,1.0,1.7,1.7
1-2 дня,2026-08-07T05:36:00Z,2026-08-08T15:00:00Z,33.4,4.0,2.0,1.0,2.0,2.0
1-2 дня,2026-08-07T05:36:00Z,2026-08-08T16:00:00Z,34.4,4.5,2.0,1.0,2.5,2.5
1-2 дня,2026-08-07T05:36:00Z,2026-08-08T17:00:00Z,35.4,4.3,2.0,1.0,2.3,2.3
1-2 дня,2026-08-07T05:36:00Z,2026-08-08T18:00:00Z,36.4,3.1,1.0,1.0,2.1,2.1
1-2 дня,2026-08-07T05:36:00Z,2026-08-08T19:00:00Z,37.4,4.2,1.0,1.0,3.2,3.2
1-2 дня,2026-08-07T05:36:00Z,2026-08-08T20:00:00Z,38.4,4.3,1.0,1.0,3.3,3.3
1-2 дня,2026-08-07T05:36:00Z,2026-08-08T21:00:00Z,39.4,4.1,1.0,1.0,3.1,3.1
1-2 дня,2026-08-07T05:36:00Z,2026-08-08T22:00:00Z,40.4,3.8,3.0,1.0,0.8,0.8
1-2 дня,2026-08-07T05:36:00Z,2026-08-08T23:00:00Z,41.4,3.6,2.0,1.0,1.6,1.6
1-2 дня,2026-08-07T05:36:00Z,2026-08-09T00:00:00Z,42.4,3.5,3.0,1.0,0.5,0.5
1-2 дня,2026-08-07T05:36:00Z,2026-08-09T01:00:00Z,43.4,2.7,2.0,1.0,0.7,0.7
1-2 дня,2026-08-07T05:36:00Z,2026-08-09T02:00:00Z,44.4,2.4,1.0,1.0,1.4,1.4
1-2 дня,2026-08-07T05:36:00Z,2026-08-09T03:00:00Z,45.4,2.6,1.0,1.0,1.6,1.6
1-2 дня,2026-08-07T05:36:00Z,2026-08-09T04:00:00Z,46.4,2.6,1.0,1.0,1.6,1.6
1-2 дня,2026-08-07T05:36:00Z,2026-08-09T05:00:00Z,47.4,2.6,1.0,1.0,1.6,1.6
1-2 дня,2026-08-07T06:18:59Z,2026-08-08T07:00:00Z,24.7,3.4,2.0,1.0,1.4,1.4
1-2 дня,2026-08-07T06:18:59Z,2026-08-08T08:00:00Z,25.7,3.3,2.0,1.0,1.3,1.3
1-2 дня,2026-08-07T06:18:59Z,2026-08-08T09:00:00Z,26.7,3.8,1.0,1.0,2.8,2.8
1-2 дня,2026-08-07T06:18:59Z,2026-08-08T10:00:00Z,27.7,4.0,2.0,1.0,2.0,2.0
1-2 дня,2026-08-07T06:18:59Z,2026-08-08T11:00:00Z,28.7,4.0,2.0,1.0,2.0,2.0
1-2 дня,2026-08-07T06:18:59Z,2026-08-08T12:00:00Z,29.7,4.0,2.0,1.0,2.0,2.0
1-2 дня,2026-08-07T06:18:59Z,2026-08-08T13:00:00Z,30.7,3.9,2.0,1.0,1.9,1.9
1-2 дня,2026-08-07T06:18:59Z,2026-08-08T14:00:00Z,31.7,3.7,2.0,1.0,1.7,1.7
1-2 дня,2026-08-07T06:18:59Z,2026-08-08T15:00:00Z,32.7,4.0,2.0,1.0,2.0,2.0
1-2 дня,2026-08-07T06:18:59Z,2026-08-08T16:00:00Z,33.7,4.5,2.0,1.0,2.5,2.5
1-2 дня,2026-08-07T06:18:59Z,2026-08-08T17:00:00Z,34.7,4.3,2.0,1.0,2.3,2.3
1-2 дня,2026-08-07T06:18:59Z,2026-08-08T18:00:00Z,35.7,3.1,1.0,1.0,2.1,2.1
1-2 дня,2026-08-07T06:18:59Z,2026-08-08T19:00:00Z,36.7,4.2,1.0,1.0,3.2,3.2
1-2 дня,2026-08-07T06:18:59Z,2026-08-08T20:00:00Z,37.7,4.3,1.0,1.0,3.3,3.3
1-2 дня,2026-08-07T06:18:59Z,2026-08-08T21:00:00Z,38.7,4.1,1.0,1.0,3.1,3.1
1-2 дня,2026-08-07T06:18:59Z,2026-08-08T22:00:00Z,39.7,3.8,3.0,1.0,0.8,0.8
1-2 дня,2026-08-07T06:18:59Z,2026-08-08T23:00:00Z,40.7,3.6,2.0,1.0,1.6,1.6
1-2 дня,2026-08-07T06:18:59Z,2026-08-09T00:00:00Z,41.7,3.5,3.0,1.0,0.5,0.5
1-2 дня,2026-08-07T06:18:59Z,2026-08-09T01:00:00Z,42.7,2.7,2.0,1.0,0.7,0.7
1-2 дня,2026-08-07T06:18:59Z,2026-08-09T02:00:00Z,43.7,2.4,1.0,1.0,1.4,1.4
1-2 дня,2026-08-07T06:18:59Z,2026-08-09T03:00:00Z,44.7,2.6,1.0,1.0,1.6,1.6
1-2 дня,2026-08-07T06:18:59Z,2026-08-09T04:00:00Z,45.7,2.6,1.0,1.0,1.6,1.6
1-2 дня,2026-08-07T06:18:59Z,2026-08-09T05:00:00Z,46.7,2.6,1.0,1.0,1.6,1.6
1-2 дня,2026-08-07T06:18:59Z,2026-08-09T06:00:00Z,47.7,2.6,1.0,1.0,1.6,1.6
1-2 дня,2026-08-07T07:13:52Z,2026-08-08T08:00:00Z,24.8,3.3,2.0,1.0,1.3,1.3
1-2 дня,2026-08-07T07:13:52Z,2026-08-08T09:00:00Z,25.8,3.8,1.0,1.0,2.8,2.8
1-2 дня,2026-08-07T07:13:52Z,2026-08-08T10:00:00Z,26.8,4.0,2.0,1.0,2.0,2.0
1-2 дня,2026-08-07T07:13:52Z,2026-08-08T11:00:00Z,27.8,4.0,2.0,1.0,2.0,2.0
1-2 дня,2026-08-07T07:13:52Z,2026-08-08T12:00:00Z,28.8,4.0,2.0,1.0,2.0,2.0
1-2 дня,2026-08-07T07:13:52Z,2026-08-08T13:00:00Z,29.8,3.9,2.0,1.0,1.9,1.9
1-2 дня,2026-08-07T07:13:52Z,2026-08-08T14:00:00Z,30.8,3.7,2.0,1.0,1.7,1.7
1-2 дня,2026-08-07T07:13:52Z,2026-08-08T15:00:00Z,31.8,4.0,2.0,1.0,2.0,2.0
1-2 дня,2026-08-07T07:13:52Z,2026-08-08T16:00:00Z,32.8,4.5,2.0,1.0,2.5,2.5
1-2 дня,2026-08-07T07:13:52Z,2026-08-08T17:00:00Z,33.8,4.3,2.0,1.0,2.3,2.3
1-2 дня,2026-08-07T07:13:52Z,2026-08-08T18:00:00Z,34.8,3.1,1.0,1.0,2.1,2.1
1-2 дня,2026-08-07T07:13:52Z,2026-08-08T19:00:00Z,35.8,4.2,1.0,1.0,3.2,3.2
1-2 дня,2026-08-07T07:13:52Z,2026-08-08T20:00:00Z,36.8,4.3,1.0,1.0,3.3,3.3
1-2 дня,2026-08-07T07:13:52Z,2026-08-08T21:00:00Z,37.8,4.1,1.0,1.0,3.1,3.1
1-2 дня,2026-08-07T07:13:52Z,2026-08-08T22:00:00Z,38.8,3.8,3.0,1.0,0.8,0.8
1-2 дня,2026-08-07T07:13:52Z,2026-08-08T23:00:00Z,39.8,3.6,2.0,1.0,1.6,1.6
1-2 дня,2026-08-07T07:13:52Z,2026-08-09T00:00:00Z,40.8,3.5,3.0,1.0,0.5,0.5
1-2 дня,2026-08-07T07:13:52Z,2026-08-09T01:00:00Z,41.8,2.7,2.0,1.0,0.7,0.7
1-2 дня,2026-08-07T07:13:52Z,2026-08-09T02:00:00Z,42.8,2.4,1.0,1.0,1.4,1.4
1-2 дня,2026-08-07T07:13:52Z,2026-08-09T03:00:00Z,43.8,2.6,1.0,1.0,1.6,1.6
1-2 дня,2026-08-07T07:13:52Z,2026-08-09T04:00:00Z,44.8,2.6,1.0,1.0,1.6,1.6
1-2 дня,2026-08-07T07:13:52Z,2026-08-09T05:00:00Z,45.8,2.6,1.0,1.0,1.6,1.6
1-2 дня,2026-08-07T07:13:52Z,2026-08-09T06:00:00Z,46.8,2.6,1.0,1.0,1.6,1.6
1-2 дня,2026-08-07T07:13:52Z,2026-08-09T07:00:00Z,47.8,2.3,1.0,1.0,1.3,1.3
1-2 дня,2026-08-07T10:39:14Z,2026-08-08T11:00:00Z,24.3,3.6,2.0,1.0,1.6,1.6
1-2 дня,2026-08-07T10:39:14Z,2026-08-08T12:00:00Z,25.3,3.7,2.0,1.0,1.7,1.7
1-2 дня,2026-08-07T10:39:14Z,2026-08-08T13:00:00Z,26.3,3.7,2.0,1.0,1.7,1.7
1-2 дня,2026-08-07T10:39:14Z,2026-08-08T14:00:00Z,27.3,3.7,2.0,1.0,1.7,1.7
1-2 дня,2026-08-07T10:39:14Z,2026-08-08T15:00:00Z,28.3,3.6,2.0,1.0,1.6,1.6
1-2 дня,2026-08-07T10:39:14Z,2026-08-08T16:00:00Z,29.3,3.8,2.0,1.0,1.8,1.8
1-2 дня,2026-08-07T10:39:14Z,2026-08-08T17:00:00Z,30.3,3.1,2.0,1.0,1.1,1.1
1-2 дня,2026-08-07T10:39:14Z,2026-08-08T18:00:00Z,31.3,2.6,1.0,1.0,1.6,1.6
1-2 дня,2026-08-07T10:39:14Z,2026-08-08T19:00:00Z,32.3,3.4,1.0,1.0,2.4,2.4
1-2 дня,2026-08-07T10:39:14Z,2026-08-08T20:00:00Z,33.3,4.3,1.0,1.0,3.3,3.3
1-2 дня,2026-08-07T10:39:14Z,2026-08-08T21:00:00Z,34.3,4.1,1.0,1.0,3.1,3.1
1-2 дня,2026-08-07T10:39:14Z,2026-08-08T22:00:00Z,35.3,4.3,3.0,1.0,1.3,1.3
1-2 дня,2026-08-07T10:39:14Z,2026-08-08T23:00:00Z,36.3,3.9,2.0,1.0,1.9,1.9
1-2 дня,2026-08-07T10:39:14Z,2026-08-09T00:00:00Z,37.3,3.6,3.0,1.0,0.6,0.6
1-2 дня,2026-08-07T10:39:14Z,2026-08-09T01:00:00Z,38.3,3.4,2.0,1.0,1.4,1.4
1-2 дня,2026-08-07T10:39:14Z,2026-08-09T02:00:00Z,39.3,3.0,1.0,1.0,2.0,2.0
1-2 дня,2026-08-07T10:39:14Z,2026-08-09T03:00:00Z,40.3,2.7,1.0,1.0,1.7,1.7
1-2 дня,2026-08-07T10:39:14Z,2026-08-09T04:00:00Z,41.3,2.8,1.0,1.0,1.8,1.8
1-2 дня,2026-08-07T10:39:14Z,2026-08-09T05:00:00Z,42.3,2.7,1.0,1.0,1.7,1.7
1-2 дня,2026-08-07T10:39:14Z,2026-08-09T06:00:00Z,43.3,2.4,1.0,1.0,1.4,1.4
1-2 дня,2026-08-07T10:39:14Z,2026-08-09T07:00:00Z,44.3,2.0,1.0,1.0,1.0,1.0
1-2 дня,2026-08-07T10:39:14Z,2026-08-09T08:00:00Z,45.3,2.1,1.0,1.0,1.1,1.1
1-2 дня,2026-08-07T10:39:14Z,2026-08-09T09:00:00Z,46.3,2.9,2.0,1.0,0.9,0.9
1-2 дня,2026-08-07T10:39:14Z,2026-08-09T10:00:00Z,47.3,3.6,2.0,1.0,1.6,1.6
1-2 дня,2026-08-07T16:51:54Z,2026-08-08T17:00:00Z,24.1,3.4,2.0,2.0,1.4,1.4
1-2 дня,2026-08-07T16:51:54Z,2026-08-08T18:00:00Z,25.1,3.1,1.0,2.0,2.1,2.1
1-2 дня,2026-08-07T16:51:54Z,2026-08-08T19:00:00Z,26.1,3.9,1.0,2.0,2.9,2.9
1-2 дня,2026-08-07T16:51:54Z,2026-08-08T20:00:00Z,27.1,4.2,1.0,2.0,3.2,3.2
1-2 дня,2026-08-07T16:51:54Z,2026-08-08T21:00:00Z,28.1,4.1,1.0,2.0,3.1,3.1
1-2 дня,2026-08-07T16:51:54Z,2026-08-08T22:00:00Z,29.1,4.2,3.0,2.0,1.2,1.2
1-2 дня,2026-08-07T16:51:54Z,2026-08-08T23:00:00Z,30.1,3.9,2.0,2.0,1.9,1.9
1-2 дня,2026-08-07T16:51:54Z,2026-08-09T00:00:00Z,31.1,3.7,3.0,2.0,0.7,0.7
1-2 дня,2026-08-07T16:51:54Z,2026-08-09T01:00:00Z,32.1,2.8,2.0,2.0,0.8,0.8
1-2 дня,2026-08-07T16:51:54Z,2026-08-09T02:00:00Z,33.1,2.4,1.0,2.0,1.4,1.4
1-2 дня,2026-08-07T16:51:54Z,2026-08-09T03:00:00Z,34.1,2.5,1.0,2.0,1.5,1.5
1-2 дня,2026-08-07T16:51:54Z,2026-08-09T04:00:00Z,35.1,2.6,1.0,2.0,1.6,1.6
1-2 дня,2026-08-07T16:51:54Z,2026-08-09T05:00:00Z,36.1,2.6,1.0,2.0,1.6,1.6
1-2 дня,2026-08-07T16:51:54Z,2026-08-09T06:00:00Z,37.1,2.5,1.0,2.0,1.5,1.5
1-2 дня,2026-08-07T16:51:54Z,2026-08-09T07:00:00Z,38.1,2.3,1.0,2.0,1.3,1.3
1-2 дня,2026-08-07T16:51:54Z,2026-08-09T08:00:00Z,39.1,2.4,1.0,2.0,1.4,1.4
1-2 дня,2026-08-07T16:51:54Z,2026-08-09T09:00:00Z,40.1,2.7,2.0,2.0,0.7,0.7
1-2 дня,2026-08-07T16:51:54Z,2026-08-09T10:00:00Z,41.1,3.4,2.0,2.0,1.4,1.4
1-2 дня,2026-08-07T16:51:54Z,2026-08-09T11:00:00Z,42.1,3.5,2.0,2.0,1.5,1.5
1-2 дня,2026-08-07T16:51:54Z,2026-08-09T12:00:00Z,43.1,3.3,2.0,2.0,1.3,1.3
1-2 дня,2026-08-07T16:51:54Z,2026-08-09T13:00:00Z,44.1,3.0,2.0,2.0,1.0,1.0
1-2 дня,2026-08-07T16:51:54Z,2026-08-09T14:00:00Z,45.1,2.8,2.0,2.0,0.8,0.8
1-2 дня,2026-08-07T16:51:54Z,2026-08-09T15:00:00Z,46.1,2.7,2.0,2.0,0.7,0.7
1-2 дня,2026-08-07T16:51:54Z,2026-08-09T16:00:00Z,47.1,2.7,1.0,2.0,1.7,1.7
1-2 дня,2026-08-07T22:45:57Z,2026-08-08T23:00:00Z,24.2,3.7,2.0,2.0,1.7,1.7
1-2 дня,2026-08-07T22:45:57Z,2026-08-09T00:00:00Z,25.2,3.6,3.0,2.0,0.6,0.6
1-2 дня,2026-08-07T22:45:57Z,2026-08-09T01:00:00Z,26.2,2.8,2.0,2.0,0.8,0.8
1-2 дня,2026-08-07T22:45:57Z,2026-08-09T02:00:00Z,27.2,2.4,1.0,2.0,1.4,1.4
1-2 дня,2026-08-07T22:45:57Z,2026-08-09T03:00:00Z,28.2,2.4,1.0,2.0,1.4,1.4
1-2 дня,2026-08-07T22:45:57Z,2026-08-09T04:00:00Z,29.2,2.4,1.0,2.0,1.4,1.4
1-2 дня,2026-08-07T22:45:57Z,2026-08-09T05:00:00Z,30.2,2.4,1.0,2.0,1.4,1.4
1-2 дня,2026-08-07T22:45:57Z,2026-08-09T06:00:00Z,31.2,2.1,1.0,2.0,1.1,1.1
1-2 дня,2026-08-07T22:45:57Z,2026-08-09T07:00:00Z,32.2,1.9,1.0,2.0,0.9,0.9
1-2 дня,2026-08-07T22:45:57Z,2026-08-09T08:00:00Z,33.2,1.8,1.0,2.0,0.8,0.8
1-2 дня,2026-08-07T22:45:57Z,2026-08-09T09:00:00Z,34.2,2.3,2.0,2.0,0.3,0.3
1-2 дня,2026-08-07T22:45:57Z,2026-08-09T10:00:00Z,35.2,2.7,2.0,2.0,0.7,0.7
1-2 дня,2026-08-07T22:45:57Z,2026-08-09T11:00:00Z,36.2,2.8,2.0,2.0,0.8,0.8
1-2 дня,2026-08-07T22:45:57Z,2026-08-09T12:00:00Z,37.2,2.8,2.0,2.0,0.8,0.8
1-2 дня,2026-08-07T22:45:57Z,2026-08-09T13:00:00Z,38.2,2.6,2.0,2.0,0.6,0.6
1-2 дня,2026-08-07T22:45:57Z,2026-08-09T14:00:00Z,39.2,2.3,2.0,2.0,0.3,0.3
1-2 дня,2026-08-07T22:45:57Z,2026-08-09T15:00:00Z,40.2,2.3,2.0,2.0,0.3,0.3
1-2 дня,2026-08-07T22:45:57Z,2026-08-09T16:00:00Z,41.2,2.4,1.0,2.0,1.4,1.4
1-2 дня,2026-08-07T23:19:23Z,2026-08-09T00:00:00Z,24.7,3.6,3.0,1.0,0.6,0.6
1-2 дня,2026-08-07T23:19:23Z,2026-08-09T01:00:00Z,25.7,2.8,2.0,1.0,0.8,0.8
1-2 дня,2026-08-07T23:19:23Z,2026-08-09T02:00:00Z,26.7,2.4,1.0,1.0,1.4,1.4
1-2 дня,2026-08-07T23:19:23Z,2026-08-09T03:00:00Z,27.7,2.4,1.0,1.0,1.4,1.4
1-2 дня,2026-08-07T23:19:23Z,2026-08-09T04:00:00Z,28.7,2.4,1.0,1.0,1.4,1.4
1-2 дня,2026-08-07T23:19:23Z,2026-08-09T05:00:00Z,29.7,2.4,1.0,1.0,1.4,1.4
1-2 дня,2026-08-07T23:19:23Z,2026-08-09T06:00:00Z,30.7,2.1,1.0,1.0,1.1,1.1
1-2 дня,2026-08-07T23:19:23Z,2026-08-09T07:00:00Z,31.7,1.9,1.0,1.0,0.9,0.9
1-2 дня,2026-08-07T23:19:23Z,2026-08-09T08:00:00Z,32.7,1.8,1.0,1.0,0.8,0.8
1-2 дня,2026-08-07T23:19:23Z,2026-08-09T09:00:00Z,33.7,2.3,2.0,1.0,0.3,0.3
1-2 дня,2026-08-07T23:19:23Z,2026-08-09T10:00:00Z,34.7,2.7,2.0,1.0,0.7,0.7
1-2 дня,2026-08-07T23:19:23Z,2026-08-09T11:00:00Z,35.7,2.8,2.0,1.0,0.8,0.8
1-2 дня,2026-08-07T23:19:23Z,2026-08-09T12:00:00Z,36.7,2.8,2.0,1.0,0.8,0.8
1-2 дня,2026-08-07T23:19:23Z,2026-08-09T13:00:00Z,37.7,2.6,2.0,1.0,0.6,0.6
1-2 дня,2026-08-07T23:19:23Z,2026-08-09T14:00:00Z,38.7,2.3,2.0,1.0,0.3,0.3
1-2 дня,2026-08-07T23:19:23Z,2026-08-09T15:00:00Z,39.7,2.3,2.0,1.0,0.3,0.3
1-2 дня,2026-08-07T23:19:23Z,2026-08-09T16:00:00Z,40.7,2.4,1.0,1.0,1.4,1.4
1-2 дня,2026-08-08T04:50:53Z,2026-08-09T05:00:00Z,24.2,2.0,1.0,3.0,1.0,1.0
1-2 дня,2026-08-08T04:50:53Z,2026-08-09T06:00:00Z,25.2,2.0,1.0,3.0,1.0,1.0
1-2 дня,2026-08-08T04:50:53Z,2026-08-09T07:00:00Z,26.2,1.8,1.0,3.0,0.8,0.8
1-2 дня,2026-08-08T04:50:53Z,2026-08-09T08:00:00Z,27.2,1.8,1.0,3.0,0.8,0.8
1-2 дня,2026-08-08T04:50:53Z,2026-08-09T09:00:00Z,28.2,2.3,2.0,3.0,0.3,0.3
1-2 дня,2026-08-08T04:50:53Z,2026-08-09T10:00:00Z,29.2,2.9,2.0,3.0,0.9,0.9
1-2 дня,2026-08-08T04:50:53Z,2026-08-09T11:00:00Z,30.2,3.1,2.0,3.0,1.1,1.1
1-2 дня,2026-08-08T04:50:53Z,2026-08-09T12:00:00Z,31.2,3.0,2.0,3.0,1.0,1.0
1-2 дня,2026-08-08T04:50:53Z,2026-08-09T13:00:00Z,32.2,2.8,2.0,3.0,0.8,0.8
1-2 дня,2026-08-08T04:50:53Z,2026-08-09T14:00:00Z,33.2,2.6,2.0,3.0,0.6,0.6
1-2 дня,2026-08-08T04:50:53Z,2026-08-09T15:00:00Z,34.2,2.5,2.0,3.0,0.5,0.5
1-2 дня,2026-08-08T04:50:53Z,2026-08-09T16:00:00Z,35.2,2.4,1.0,3.0,1.4,1.4
1-2 дня,2026-08-08T10:18:13Z,2026-08-09T11:00:00Z,24.7,3.3,2.0,2.0,1.3,1.3
1-2 дня,2026-08-08T10:18:13Z,2026-08-09T12:00:00Z,25.7,2.9,2.0,2.0,0.9,0.9
1-2 дня,2026-08-08T10:18:13Z,2026-08-09T13:00:00Z,26.7,2.6,2.0,2.0,0.6,0.6
1-2 дня,2026-08-08T10:18:13Z,2026-08-09T14:00:00Z,27.7,2.4,2.0,2.0,0.4,0.4
1-2 дня,2026-08-08T10:18:13Z,2026-08-09T15:00:00Z,28.7,2.1,2.0,2.0,0.1,0.1
1-2 дня,2026-08-08T10:18:13Z,2026-08-09T16:00:00Z,29.7,2.0,1.0,2.0,1.0,1.0
2-3 дня,2026-08-06T09:50:07Z,2026-08-08T10:00:00Z,48.2,3.4,2.0,1.0,1.4,1.4
2-3 дня,2026-08-06T09:50:07Z,2026-08-08T11:00:00Z,49.2,3.5,2.0,2.0,1.5,1.5
2-3 дня,2026-08-06T09:50:07Z,2026-08-08T12:00:00Z,50.2,3.6,2.0,2.0,1.6,1.6
2-3 дня,2026-08-06T09:50:07Z,2026-08-08T13:00:00Z,51.2,3.6,2.0,2.0,1.6,1.6
2-3 дня,2026-08-06T09:50:07Z,2026-08-08T14:00:00Z,52.2,3.6,2.0,2.0,1.6,1.6
2-3 дня,2026-08-06T09:50:07Z,2026-08-08T15:00:00Z,53.2,3.8,2.0,2.0,1.8,1.8
2-3 дня,2026-08-06T09:50:07Z,2026-08-08T16:00:00Z,54.2,3.9,2.0,2.0,1.9,1.9
2-3 дня,2026-08-06T09:50:07Z,2026-08-08T17:00:00Z,55.2,3.2,2.0,4.0,1.2,1.2
2-3 дня,2026-08-06T09:50:07Z,2026-08-08T18:00:00Z,56.2,2.8,1.0,4.0,1.8,1.8
2-3 дня,2026-08-06T09:50:07Z,2026-08-08T19:00:00Z,57.2,3.8,1.0,3.0,2.8,2.8
2-3 дня,2026-08-06T09:50:07Z,2026-08-08T20:00:00Z,58.2,3.9,1.0,1.0,2.9,2.9
2-3 дня,2026-08-06T09:50:07Z,2026-08-08T21:00:00Z,59.2,3.6,1.0,2.0,2.6,2.6
2-3 дня,2026-08-06T09:50:07Z,2026-08-08T22:00:00Z,60.2,3.5,3.0,2.0,0.5,0.5
2-3 дня,2026-08-06T09:50:07Z,2026-08-08T23:00:00Z,61.2,3.0,2.0,1.0,1.0,1.0
2-3 дня,2026-08-06T09:50:07Z,2026-08-09T00:00:00Z,62.2,2.6,3.0,1.0,-0.4,0.4
2-3 дня,2026-08-06T09:50:07Z,2026-08-09T06:00:00Z,68.2,1.6,1.0,2.0,0.6,0.6
2-3 дня,2026-08-06T09:59:18Z,2026-08-08T10:00:00Z,48.0,3.4,2.0,1.0,1.4,1.4
2-3 дня,2026-08-06T09:59:18Z,2026-08-08T11:00:00Z,49.0,3.5,2.0,2.0,1.5,1.5
2-3 дня,2026-08-06T09:59:18Z,2026-08-08T12:00:00Z,50.0,3.6,2.0,2.0,1.6,1.6
2-3 дня,2026-08-06T09:59:18Z,2026-08-08T13:00:00Z,51.0,3.6,2.0,2.0,1.6,1.6
2-3 дня,2026-08-06T09:59:18Z,2026-08-08T14:00:00Z,52.0,3.6,2.0,2.0,1.6,1.6
2-3 дня,2026-08-06T09:59:18Z,2026-08-08T15:00:00Z,53.0,3.8,2.0,2.0,1.8,1.8
2-3 дня,2026-08-06T09:59:18Z,2026-08-08T16:00:00Z,54.0,3.9,2.0,2.0,1.9,1.9
2-3 дня,2026-08-06T09:59:18Z,2026-08-08T17:00:00Z,55.0,3.2,2.0,4.0,1.2,1.2
2-3 дня,2026-08-06T09:59:18Z,2026-08-08T18:00:00Z,56.0,2.8,1.0,4.0,1.8,1.8
2-3 дня,2026-08-06T09:59:18Z,2026-08-08T19:00:00Z,57.0,3.8,1.0,3.0,2.8,2.8
2-3 дня,2026-08-06T09:59:18Z,2026-08-08T20:00:00Z,58.0,3.9,1.0,1.0,2.9,2.9
2-3 дня,2026-08-06T09:59:18Z,2026-08-08T21:00:00Z,59.0,3.6,1.0,2.0,2.6,2.6
2-3 дня,2026-08-06T09:59:18Z,2026-08-08T22:00:00Z,60.0,3.5,3.0,2.0,0.5,0.5
2-3 дня,2026-08-06T09:59:18Z,2026-08-08T23:00:00Z,61.0,3.0,2.0,1.0,1.0,1.0
2-3 дня,2026-08-06T09:59:18Z,2026-08-09T00:00:00Z,62.0,2.6,3.0,1.0,-0.4,0.4
2-3 дня,2026-08-06T09:59:18Z,2026-08-09T06:00:00Z,68.0,1.6,1.0,2.0,0.6,0.6
2-3 дня,2026-08-06T10:08:26Z,2026-08-08T11:00:00Z,48.9,3.5,2.0,2.0,1.5,1.5
2-3 дня,2026-08-06T10:08:26Z,2026-08-08T12:00:00Z,49.9,3.6,2.0,2.0,1.6,1.6
2-3 дня,2026-08-06T10:08:26Z,2026-08-08T13:00:00Z,50.9,3.6,2.0,2.0,1.6,1.6
2-3 дня,2026-08-06T10:08:26Z,2026-08-08T14:00:00Z,51.9,3.6,2.0,2.0,1.6,1.6
2-3 дня,2026-08-06T10:08:26Z,2026-08-08T15:00:00Z,52.9,3.8,2.0,2.0,1.8,1.8
2-3 дня,2026-08-06T10:08:26Z,2026-08-08T16:00:00Z,53.9,3.9,2.0,2.0,1.9,1.9
2-3 дня,2026-08-06T10:08:26Z,2026-08-08T17:00:00Z,54.9,3.2,2.0,4.0,1.2,1.2
2-3 дня,2026-08-06T10:08:26Z,2026-08-08T18:00:00Z,55.9,2.8,1.0,4.0,1.8,1.8
2-3 дня,2026-08-06T10:08:26Z,2026-08-08T19:00:00Z,56.9,3.8,1.0,3.0,2.8,2.8
2-3 дня,2026-08-06T10:08:26Z,2026-08-08T20:00:00Z,57.9,3.9,1.0,1.0,2.9,2.9
2-3 дня,2026-08-06T10:08:26Z,2026-08-08T21:00:00Z,58.9,3.6,1.0,2.0,2.6,2.6
2-3 дня,2026-08-06T10:08:26Z,2026-08-08T22:00:00Z,59.9,3.5,3.0,2.0,0.5,0.5
2-3 дня,2026-08-06T10:08:26Z,2026-08-08T23:00:00Z,60.9,3.0,2.0,1.0,1.0,1.0
2-3 дня,2026-08-06T10:08:26Z,2026-08-09T00:00:00Z,61.9,2.6,3.0,1.0,-0.4,0.4
2-3 дня,2026-08-06T10:08:26Z,2026-08-09T06:00:00Z,67.9,1.6,1.0,2.0,0.6,0.6
2-3 дня,2026-08-06T10:47:54Z,2026-08-08T11:00:00Z,48.2,3.5,2.0,2.0,1.5,1.5
2-3 дня,2026-08-06T10:47:54Z,2026-08-08T12:00:00Z,49.2,3.6,2.0,2.0,1.6,1.6
2-3 дня,2026-08-06T10:47:54Z,2026-08-08T13:00:00Z,50.2,3.6,2.0,2.0,1.6,1.6
2-3 дня,2026-08-06T10:47:54Z,2026-08-08T14:00:00Z,51.2,3.6,2.0,2.0,1.6,1.6
2-3 дня,2026-08-06T10:47:54Z,2026-08-08T15:00:00Z,52.2,3.8,2.0,2.0,1.8,1.8
2-3 дня,2026-08-06T10:47:54Z,2026-08-08T16:00:00Z,53.2,3.9,2.0,2.0,1.9,1.9
2-3 дня,2026-08-06T10:47:54Z,2026-08-08T17:00:00Z,54.2,3.2,2.0,4.0,1.2,1.2
2-3 дня,2026-08-06T10:47:54Z,2026-08-08T18:00:00Z,55.2,2.8,1.0,4.0,1.8,1.8
2-3 дня,2026-08-06T10:47:54Z,2026-08-08T19:00:00Z,56.2,3.8,1.0,3.0,2.8,2.8
2-3 дня,2026-08-06T10:47:54Z,2026-08-08T20:00:00Z,57.2,3.9,1.0,1.0,2.9,2.9
2-3 дня,2026-08-06T10:47:54Z,2026-08-08T21:00:00Z,58.2,3.6,1.0,2.0,2.6,2.6
2-3 дня,2026-08-06T10:47:54Z,2026-08-08T22:00:00Z,59.2,3.5,3.0,2.0,0.5,0.5
2-3 дня,2026-08-06T10:47:54Z,2026-08-08T23:00:00Z,60.2,3.0,2.0,1.0,1.0,1.0
2-3 дня,2026-08-06T10:47:54Z,2026-08-09T00:00:00Z,61.2,2.6,3.0,1.0,-0.4,0.4
2-3 дня,2026-08-06T10:47:54Z,2026-08-09T06:00:00Z,67.2,1.6,1.0,2.0,0.6,0.6
2-3 дня,2026-08-06T11:30:42Z,2026-08-08T12:00:00Z,48.5,3.6,2.0,2.0,1.6,1.6
2-3 дня,2026-08-06T11:30:42Z,2026-08-08T13:00:00Z,49.5,3.6,2.0,2.0,1.6,1.6
2-3 дня,2026-08-06T11:30:42Z,2026-08-08T14:00:00Z,50.5,3.6,2.0,2.0,1.6,1.6
2-3 дня,2026-08-06T11:30:42Z,2026-08-08T15:00:00Z,51.5,3.8,2.0,2.0,1.8,1.8
2-3 дня,2026-08-06T11:30:42Z,2026-08-08T16:00:00Z,52.5,3.9,2.0,2.0,1.9,1.9
2-3 дня,2026-08-06T11:30:42Z,2026-08-08T17:00:00Z,53.5,3.2,2.0,4.0,1.2,1.2
2-3 дня,2026-08-06T11:30:42Z,2026-08-08T18:00:00Z,54.5,2.8,1.0,4.0,1.8,1.8
2-3 дня,2026-08-06T11:30:42Z,2026-08-08T19:00:00Z,55.5,3.8,1.0,3.0,2.8,2.8
2-3 дня,2026-08-06T11:30:42Z,2026-08-08T20:00:00Z,56.5,3.9,1.0,1.0,2.9,2.9
2-3 дня,2026-08-06T11:30:42Z,2026-08-08T21:00:00Z,57.5,3.6,1.0,2.0,2.6,2.6
2-3 дня,2026-08-06T11:30:42Z,2026-08-08T22:00:00Z,58.5,3.5,3.0,2.0,0.5,0.5
2-3 дня,2026-08-06T11:30:42Z,2026-08-08T23:00:00Z,59.5,3.0,2.0,1.0,1.0,1.0
2-3 дня,2026-08-06T11:30:42Z,2026-08-09T00:00:00Z,60.5,2.6,3.0,1.0,-0.4,0.4
2-3 дня,2026-08-06T11:30:42Z,2026-08-09T06:00:00Z,66.5,1.0,1.0,2.0,0.0,0.0
2-3 дня,2026-08-06T11:36:01Z,2026-08-08T12:00:00Z,48.4,3.6,2.0,2.0,1.6,1.6
2-3 дня,2026-08-06T11:36:01Z,2026-08-08T13:00:00Z,49.4,3.6,2.0,2.0,1.6,1.6
2-3 дня,2026-08-06T11:36:01Z,2026-08-08T14:00:00Z,50.4,3.6,2.0,2.0,1.6,1.6
2-3 дня,2026-08-06T11:36:01Z,2026-08-08T15:00:00Z,51.4,3.8,2.0,2.0,1.8,1.8
2-3 дня,2026-08-06T11:36:01Z,2026-08-08T16:00:00Z,52.4,3.9,2.0,2.0,1.9,1.9
2-3 дня,2026-08-06T11:36:01Z,2026-08-08T17:00:00Z,53.4,3.2,2.0,4.0,1.2,1.2
2-3 дня,2026-08-06T11:36:01Z,2026-08-08T18:00:00Z,54.4,2.8,1.0,4.0,1.8,1.8
2-3 дня,2026-08-06T11:36:01Z,2026-08-08T19:00:00Z,55.4,3.8,1.0,3.0,2.8,2.8
2-3 дня,2026-08-06T11:36:01Z,2026-08-08T20:00:00Z,56.4,3.9,1.0,1.0,2.9,2.9
2-3 дня,2026-08-06T11:36:01Z,2026-08-08T21:00:00Z,57.4,3.6,1.0,2.0,2.6,2.6
2-3 дня,2026-08-06T11:36:01Z,2026-08-08T22:00:00Z,58.4,3.5,3.0,2.0,0.5,0.5
2-3 дня,2026-08-06T11:36:01Z,2026-08-08T23:00:00Z,59.4,3.0,2.0,1.0,1.0,1.0
2-3 дня,2026-08-06T11:36:01Z,2026-08-09T00:00:00Z,60.4,2.6,3.0,1.0,-0.4,0.4
2-3 дня,2026-08-06T11:36:01Z,2026-08-09T06:00:00Z,66.4,1.0,1.0,2.0,0.0,0.0
2-3 дня,2026-08-06T11:44:08Z,2026-08-08T12:00:00Z,48.3,3.6,2.0,2.0,1.6,1.6
2-3 дня,2026-08-06T11:44:08Z,2026-08-08T13:00:00Z,49.3,3.6,2.0,2.0,1.6,1.6
2-3 дня,2026-08-06T11:44:08Z,2026-08-08T14:00:00Z,50.3,3.6,2.0,2.0,1.6,1.6
2-3 дня,2026-08-06T11:44:08Z,2026-08-08T15:00:00Z,51.3,3.8,2.0,2.0,1.8,1.8
2-3 дня,2026-08-06T11:44:08Z,2026-08-08T16:00:00Z,52.3,3.9,2.0,2.0,1.9,1.9
2-3 дня,2026-08-06T11:44:08Z,2026-08-08T17:00:00Z,53.3,3.2,2.0,4.0,1.2,1.2
2-3 дня,2026-08-06T11:44:08Z,2026-08-08T18:00:00Z,54.3,2.8,1.0,4.0,1.8,1.8
2-3 дня,2026-08-06T11:44:08Z,2026-08-08T19:00:00Z,55.3,3.8,1.0,3.0,2.8,2.8
2-3 дня,2026-08-06T11:44:08Z,2026-08-08T20:00:00Z,56.3,3.9,1.0,1.0,2.9,2.9
2-3 дня,2026-08-06T11:44:08Z,2026-08-08T21:00:00Z,57.3,3.6,1.0,2.0,2.6,2.6
2-3 дня,2026-08-06T11:44:08Z,2026-08-08T22:00:00Z,58.3,3.5,3.0,2.0,0.5,0.5
2-3 дня,2026-08-06T11:44:08Z,2026-08-08T23:00:00Z,59.3,3.0,2.0,1.0,1.0,1.0
2-3 дня,2026-08-06T11:44:08Z,2026-08-09T00:00:00Z,60.3,2.6,3.0,1.0,-0.4,0.4
2-3 дня,2026-08-06T11:44:08Z,2026-08-09T06:00:00Z,66.3,1.0,1.0,2.0,0.0,0.0
2-3 дня,2026-08-07T01:31:32Z,2026-08-09T02:00:00Z,48.5,2.4,1.0,2.0,1.4,1.4
2-3 дня,2026-08-07T01:31:32Z,2026-08-09T03:00:00Z,49.5,2.6,1.0,3.0,1.6,1.6
2-3 дня,2026-08-07T01:31:32Z,2026-08-09T04:00:00Z,50.5,2.6,1.0,3.0,1.6,1.6
2-3 дня,2026-08-07T01:31:32Z,2026-08-09T05:00:00Z,51.5,2.6,1.0,1.0,1.6,1.6
2-3 дня,2026-08-07T01:31:32Z,2026-08-09T06:00:00Z,52.5,2.6,1.0,2.0,1.6,1.6
2-3 дня,2026-08-07T01:31:32Z,2026-08-09T07:00:00Z,53.5,2.3,1.0,2.0,1.3,1.3
2-3 дня,2026-08-07T01:31:32Z,2026-08-09T08:00:00Z,54.5,2.4,1.0,2.0,1.4,1.4
2-3 дня,2026-08-07T01:31:32Z,2026-08-09T09:00:00Z,55.5,2.9,2.0,1.0,0.9,0.9
2-3 дня,2026-08-07T01:31:32Z,2026-08-09T10:00:00Z,56.5,3.5,2.0,2.0,1.5,1.5
2-3 дня,2026-08-07T01:31:32Z,2026-08-09T11:00:00Z,57.5,3.5,2.0,2.0,1.5,1.5
2-3 дня,2026-08-07T01:31:32Z,2026-08-09T12:00:00Z,58.5,3.2,2.0,2.0,1.2,1.2
2-3 дня,2026-08-07T01:31:32Z,2026-08-09T13:00:00Z,59.5,2.9,2.0,2.0,0.9,0.9
2-3 дня,2026-08-07T01:31:32Z,2026-08-09T14:00:00Z,60.5,2.7,2.0,2.0,0.7,0.7
2-3 дня,2026-08-07T01:31:32Z,2026-08-09T15:00:00Z,61.5,2.7,2.0,2.0,0.7,0.7
2-3 дня,2026-08-07T01:31:32Z,2026-08-09T16:00:00Z,62.5,2.9,1.0,2.0,1.9,1.9
2-3 дня,2026-08-07T05:36:00Z,2026-08-09T06:00:00Z,48.4,2.6,1.0,2.0,1.6,1.6
2-3 дня,2026-08-07T05:36:00Z,2026-08-09T07:00:00Z,49.4,2.3,1.0,2.0,1.3,1.3
2-3 дня,2026-08-07T05:36:00Z,2026-08-09T08:00:00Z,50.4,2.4,1.0,2.0,1.4,1.4
2-3 дня,2026-08-07T05:36:00Z,2026-08-09T09:00:00Z,51.4,2.9,2.0,1.0,0.9,0.9
2-3 дня,2026-08-07T05:36:00Z,2026-08-09T10:00:00Z,52.4,3.5,2.0,2.0,1.5,1.5
2-3 дня,2026-08-07T05:36:00Z,2026-08-09T11:00:00Z,53.4,3.5,2.0,2.0,1.5,1.5
2-3 дня,2026-08-07T05:36:00Z,2026-08-09T12:00:00Z,54.4,3.2,2.0,2.0,1.2,1.2
2-3 дня,2026-08-07T05:36:00Z,2026-08-09T13:00:00Z,55.4,2.9,2.0,2.0,0.9,0.9
2-3 дня,2026-08-07T05:36:00Z,2026-08-09T14:00:00Z,56.4,2.7,2.0,2.0,0.7,0.7
2-3 дня,2026-08-07T05:36:00Z,2026-08-09T15:00:00Z,57.4,2.7,2.0,2.0,0.7,0.7
2-3 дня,2026-08-07T05:36:00Z,2026-08-09T16:00:00Z,58.4,2.9,1.0,2.0,1.9,1.9
2-3 дня,2026-08-07T06:18:59Z,2026-08-09T07:00:00Z,48.7,2.3,1.0,2.0,1.3,1.3
2-3 дня,2026-08-07T06:18:59Z,2026-08-09T08:00:00Z,49.7,2.4,1.0,2.0,1.4,1.4
2-3 дня,2026-08-07T06:18:59Z,2026-08-09T09:00:00Z,50.7,2.9,2.0,1.0,0.9,0.9
2-3 дня,2026-08-07T06:18:59Z,2026-08-09T10:00:00Z,51.7,3.5,2.0,2.0,1.5,1.5
2-3 дня,2026-08-07T06:18:59Z,2026-08-09T11:00:00Z,52.7,3.5,2.0,2.0,1.5,1.5
2-3 дня,2026-08-07T06:18:59Z,2026-08-09T12:00:00Z,53.7,3.2,2.0,2.0,1.2,1.2
2-3 дня,2026-08-07T06:18:59Z,2026-08-09T13:00:00Z,54.7,2.9,2.0,2.0,0.9,0.9
2-3 дня,2026-08-07T06:18:59Z,2026-08-09T14:00:00Z,55.7,2.7,2.0,2.0,0.7,0.7
2-3 дня,2026-08-07T06:18:59Z,2026-08-09T15:00:00Z,56.7,2.7,2.0,2.0,0.7,0.7
2-3 дня,2026-08-07T06:18:59Z,2026-08-09T16:00:00Z,57.7,2.9,1.0,2.0,1.9,1.9
2-3 дня,2026-08-07T07:13:52Z,2026-08-09T08:00:00Z,48.8,2.4,1.0,2.0,1.4,1.4
2-3 дня,2026-08-07T07:13:52Z,2026-08-09T09:00:00Z,49.8,2.9,2.0,1.0,0.9,0.9
2-3 дня,2026-08-07T07:13:52Z,2026-08-09T10:00:00Z,50.8,3.5,2.0,2.0,1.5,1.5
2-3 дня,2026-08-07T07:13:52Z,2026-08-09T11:00:00Z,51.8,3.5,2.0,2.0,1.5,1.5
2-3 дня,2026-08-07T07:13:52Z,2026-08-09T12:00:00Z,52.8,3.2,2.0,2.0,1.2,1.2
2-3 дня,2026-08-07T07:13:52Z,2026-08-09T13:00:00Z,53.8,2.9,2.0,2.0,0.9,0.9
2-3 дня,2026-08-07T07:13:52Z,2026-08-09T14:00:00Z,54.8,2.7,2.0,2.0,0.7,0.7
2-3 дня,2026-08-07T07:13:52Z,2026-08-09T15:00:00Z,55.8,2.7,2.0,2.0,0.7,0.7
2-3 дня,2026-08-07T07:13:52Z,2026-08-09T16:00:00Z,56.8,2.9,1.0,2.0,1.9,1.9
2-3 дня,2026-08-07T10:39:14Z,2026-08-09T11:00:00Z,48.3,3.5,2.0,2.0,1.5,1.5
2-3 дня,2026-08-07T10:39:14Z,2026-08-09T12:00:00Z,49.3,3.1,2.0,2.0,1.1,1.1
2-3 дня,2026-08-07T10:39:14Z,2026-08-09T13:00:00Z,50.3,2.9,2.0,2.0,0.9,0.9
2-3 дня,2026-08-07T10:39:14Z,2026-08-09T14:00:00Z,51.3,2.7,2.0,2.0,0.7,0.7
2-3 дня,2026-08-07T10:39:14Z,2026-08-09T15:00:00Z,52.3,2.6,2.0,2.0,0.6,0.6
2-3 дня,2026-08-07T10:39:14Z,2026-08-09T16:00:00Z,53.3,2.7,1.0,2.0,1.7,1.7
3-5 дней,2026-08-06T09:50:07Z,2026-08-09T12:00:00Z,74.2,2.7,2.0,2.0,0.7,0.7
3-5 дней,2026-08-06T09:59:18Z,2026-08-09T12:00:00Z,74.0,2.7,2.0,2.0,0.7,0.7
3-5 дней,2026-08-06T10:08:26Z,2026-08-09T12:00:00Z,73.9,2.7,2.0,2.0,0.7,0.7
3-5 дней,2026-08-06T10:47:54Z,2026-08-09T12:00:00Z,73.2,2.7,2.0,2.0,0.7,0.7
3-5 дней,2026-08-06T11:30:42Z,2026-08-09T12:00:00Z,72.5,2.5,2.0,2.0,0.5,0.5
3-5 дней,2026-08-06T11:36:01Z,2026-08-09T12:00:00Z,72.4,2.5,2.0,2.0,0.5,0.5
3-5 дней,2026-08-06T11:44:08Z,2026-08-09T12:00:00Z,72.3,2.5,2.0,2.0,0.5,0.5
